,age,education_years,work_experience_years,household_income,num_children,distance_to_city,number_of_jobs,hours_per_week,credit_score,property_ownership,car_ownership,label
0,58,19,29,121445.64723101284,2,38.926510133547765,4,46,355,1,0,1
1,48,13,17,77773.0755228636,2,79.81716315658403,2,31,331,1,0,0
2,34,18,1,92120.13433476484,0,28.845131409918526,2,58,826,1,1,1
3,62,19,16,112327.03770969468,4,58.58703273918419,4,53,583,0,1,1
4,27,18,12,85718.39995589631,3,39.06495384486295,1,51,793,0,1,1
5,40,11,3,72488.07938700903,1,67.37995200224823,1,31,486,0,0,0
6,58,17,25,131774.30809078278,3,27.837896724883155,2,41,797,1,1,1
7,38,17,24,72835.39588287726,3,23.20132984480845,2,35,741,1,0,1
8,42,16,29,82768.68616713496,4,92.23271323416652,1,39,429,1,1,1
9,30,17,10,110400.58192853557,3,14.671349880206005,3,54,591,0,1,1
10,30,12,6,103306.21804317202,3,53.06600123481851,4,52,413,0,0,1
11,43,15,11,90852.55832883048,2,25.98101438148585,4,54,498,1,0,1
12,55,10,9,52591.473448535005,4,8.698346515938407,3,50,312,0,1,0
13,59,16,6,119057.773222227,0,8.421787737685507,3,52,570,1,1,1
14,43,10,12,78251.71930377945,1,21.646068350053596,3,56,514,0,0,0
15,22,18,6,85714.14567218232,3,87.34318367807002,3,45,743,1,1,1
16,41,10,23,99193.89905090578,1,31.835480677817532,3,43,811,0,0,1
17,21,10,16,71738.81836110598,0,95.29362120465309,3,36,746,0,0,0
18,43,16,9,86345.34820094341,1,60.25411783397339,4,57,373,1,1,1
19,63,11,28,96809.07971013704,0,46.47834802803278,3,57,836,1,0,1
20,49,14,9,117363.50644923534,2,60.10843929359819,1,48,400,1,0,1
21,57,17,23,128189.88649655445,3,54.08634659649544,3,52,475,1,0,1
22,21,17,3,98763.57290391043,0,77.08374410694589,3,46,726,1,1,1
23,40,12,19,59111.64530061046,1,31.837126267420963,4,38,416,0,0,0
24,52,16,3,100245.88906573236,3,38.53978720202873,4,55,465,1,1,1
25,31,12,21,101366.05518910909,2,89.93895874065882,3,42,340,1,1,1
26,41,15,6,68582.33445975809,3,94.91336874928852,4,51,728,1,1,1
27,63,15,21,99891.00042154673,0,89.79303161121508,2,34,643,0,0,1
28,44,12,0,95030.0094725831,2,44.84755942594479,4,52,723,1,0,1
29,46,16,11,97583.75263962391,1,79.13472278565376,4,34,665,1,1,1
30,61,12,23,85784.86424131639,2,50.25189466360438,4,39,419,1,1,1
31,47,17,12,99085.6553485656,2,52.26628595387971,4,50,528,0,0,1
32,35,19,9,113733.12344999588,4,24.444610360441974,1,56,429,0,1,1
33,34,13,14,89333.91157278679,2,61.15737880955906,1,39,651,1,1,1
34,63,10,26,122180.12782227501,2,22.682910286568053,1,56,617,0,0,1
35,22,13,12,91110.29103203246,3,36.498646411383405,3,36,636,1,1,1
36,56,16,22,119982.44652162277,1,86.22786915389383,3,55,572,0,0,1
37,26,13,21,110587.39961112483,3,24.672201875031245,2,44,416,1,0,1
38,40,15,21,82411.75759583825,3,11.760037091476118,1,36,667,0,1,1
39,28,18,20,118672.0044654393,0,11.555721298217549,3,58,393,1,0,1
40,58,10,21,89795.95642482577,3,94.37452944779525,4,56,467,1,0,1
41,37,14,27,118499.81784178746,4,53.15744160637429,4,44,640,0,0,1
42,23,16,8,90753.78835942954,4,43.89414682261674,1,32,451,1,1,1
43,44,10,25,96075.13980862853,0,82.03346519575226,2,48,573,1,1,1
44,33,13,8,63052.0557907851,1,84.40346315149903,2,39,795,1,1,0
45,28,15,14,79218.46761089277,1,36.558148145982436,4,57,400,1,0,1
46,45,11,9,90610.45352617378,3,70.89371546001055,2,58,381,0,0,1
47,21,19,23,99328.97646620164,3,78.25666750592923,1,44,828,1,1,1
48,39,14,25,105632.3062588452,3,67.19181525226568,4,32,372,0,1,1
49,47,19,24,85382.81941855613,1,19.40153210600944,3,35,313,0,0,1
50,26,10,28,118983.82332642734,2,88.20889293412041,3,41,732,0,1,1
51,63,15,9,97147.26222347908,4,56.213982509920825,2,44,456,0,1,1
52,27,15,7,86396.03232440838,2,31.834880505150352,4,35,431,1,1,1
53,54,13,23,124976.05016521194,2,45.396677616580924,4,42,637,1,1,1
54,33,17,15,123797.80633392223,1,8.5692535878962,3,58,703,0,1,1
55,36,13,16,89517.58411493787,2,17.14734611612967,4,48,675,1,0,1
56,55,17,25,105277.2975817246,0,77.72694129900678,4,32,406,0,1,1
57,59,17,26,79785.83023769083,3,5.001105301759783,4,37,564,1,1,1
58,23,14,4,97734.16697294188,0,44.57375370581776,2,37,504,1,0,1
59,21,13,3,77328.80146996763,4,54.6384672031309,4,52,378,1,0,1
60,25,11,17,65832.11382641066,3,10.190269900092368,1,55,454,0,0,0
61,61,12,23,79400.30018474655,2,97.44242548237162,2,49,546,0,0,0
62,23,12,18,105739.58540330522,4,26.481906468718833,4,44,830,1,1,1
63,48,13,3,98012.09680726996,3,33.89887836544668,4,33,837,0,1,1
64,37,13,27,106612.65585055992,2,33.8745386642276,1,48,453,0,1,1
65,45,19,6,86924.75072504918,0,26.88958290114824,2,50,453,1,1,1
66,63,14,9,60931.75399990349,3,5.140013098199584,3,32,391,0,0,0
67,53,13,24,120004.83150019863,2,74.28775543835965,3,42,732,1,0,1
68,29,19,17,109399.5005526618,0,96.8503224809321,2,37,637,1,1,1
69,55,17,18,101732.51164472484,4,26.30788091207928,4,52,779,1,1,1
70,33,15,3,72576.44904780063,4,67.98948322132513,4,45,430,0,1,0
71,50,15,9,96303.43701295054,4,75.48015106107793,3,42,749,1,1,1
72,34,17,0,84884.75686039041,4,85.60041101359985,3,32,572,1,0,1
73,27,16,22,92793.74511234617,1,45.14977371629287,3,45,476,0,1,1
74,33,19,17,84675.49083469383,3,33.77843603584078,1,38,348,0,0,1
75,42,19,4,81826.3076776882,3,35.903037732187954,3,57,654,0,0,1
76,59,17,14,90341.67996066672,1,72.69902664435872,1,43,607,0,0,1
77,40,11,16,76023.51573035688,2,82.59404931803543,2,42,345,1,0,1
78,35,18,2,117158.71392569963,2,22.25332693687725,4,50,601,0,1,1
79,64,10,11,77431.32087735903,4,40.23939577498769,3,54,707,0,1,0
80,37,17,1,62720.78734619559,0,90.68431869116925,4,36,488,0,1,0
81,43,13,0,57015.74416795708,2,81.63588437100023,4,44,428,0,1,0
82,45,13,22,91812.3485712543,0,98.56154826243521,3,36,836,1,0,1
83,44,14,20,63835.45892182751,3,76.65358466979767,3,35,565,0,0,0
84,64,17,16,95980.51208718141,0,42.353544097652616,2,31,417,1,0,1
85,60,14,21,74901.32778130201,3,61.11059422949059,1,38,763,0,1,0
86,48,17,15,120989.33779345074,1,67.79635415349543,1,51,443,1,0,1
87,34,19,4,102125.77011112284,1,12.453302550126775,4,53,741,1,0,1
88,64,10,14,114478.99346724329,4,56.72721111486718,3,46,499,0,0,1
89,20,19,2,81457.71737222194,2,72.3854787048979,2,34,456,1,0,1
90,44,18,27,64479.06629644115,4,20.895523880100736,2,41,786,0,1,1
91,26,15,6,99407.21734757166,3,79.16001315542793,2,30,433,1,0,1
92,28,12,10,87505.926669714,4,60.4584141488406,2,39,447,1,0,1
93,43,17,9,102080.56470234653,0,95.4610696412715,2,40,635,1,1,1
94,20,18,8,81009.74023735654,3,9.030118329654712,1,45,370,0,1,1
95,63,15,13,95346.9800126807,1,30.205983067769363,1,43,532,1,1,1
96,27,16,12,92689.53220036073,2,62.14761853348329,1,37,633,0,0,1
97,43,10,28,99774.03115293034,3,33.173191659563415,3,53,389,1,0,1
98,30,14,24,75841.04284185948,3,72.87029558676801,4,46,633,1,0,1
99,36,14,29,155175.10563190666,0,77.10550183958344,2,54,498,1,0,1
100,27,19,24,129300.48773810762,2,14.739016586315072,3,47,460,1,1,1
101,54,13,1,83617.9520003238,1,53.816174099642936,2,41,837,1,0,1
102,54,15,2,106541.05417615217,3,53.34460278115031,1,54,420,1,0,1
103,52,16,6,98658.79950705881,3,40.0816731704764,3,46,600,0,1,1
104,24,18,20,102660.56370159856,0,93.62786194411885,1,57,735,0,1,1
105,61,10,17,108066.08634786755,4,83.61310038795601,2,55,367,0,1,1
106,58,15,2,95221.49553459945,1,71.2348912814155,2,43,758,1,0,1
107,60,16,9,80767.66122054789,2,72.86103039482477,4,45,813,0,0,1
108,47,12,21,106407.06834116337,3,48.863033662246316,2,43,697,1,0,1
109,26,17,28,102266.72554215006,3,92.4944795041747,1,38,585,0,0,1
110,28,14,6,81577.84471752608,1,70.98656558906211,2,33,439,0,0,1
111,27,18,8,106282.09696083327,4,74.25320085730256,4,54,581,1,1,1
112,31,14,16,117184.43372658451,3,86.8606358597978,4,52,756,1,1,1
113,53,18,10,86258.22017371879,1,31.036800987508144,1,40,386,0,0,1
114,52,19,6,95390.8459164171,0,81.67173586733678,3,35,378,0,0,1
115,42,13,23,128558.50052942461,4,23.547857280866744,2,44,504,0,0,1
116,43,18,27,105968.91328643251,2,37.80748546326434,4,34,636,0,0,1
117,56,14,13,92604.20200771198,3,36.882993155635056,2,40,553,1,0,1
118,54,19,18,140315.4611423214,1,97.95991949696835,2,54,603,0,1,1
119,63,18,3,101743.61026643391,0,86.37103625605305,3,47,679,1,1,1
120,59,12,25,84809.73897002953,2,71.61113685107468,4,59,429,1,1,1
121,41,13,5,67864.31560001142,1,74.07039235346207,2,42,575,0,0,0
122,46,18,9,104923.84244206944,1,58.39691546824425,4,40,482,1,0,1
123,54,19,6,98096.39294959165,2,94.97361337530931,1,43,567,0,1,1
124,20,15,12,104331.46892489107,0,52.14458152382435,1,57,621,1,1,1
125,54,11,13,122360.90362561497,0,41.14918243763998,2,47,811,1,0,1
126,56,16,3,81713.27480719902,4,20.488357008501147,4,56,377,0,1,1
127,33,11,7,83399.31580027944,3,79.68953696480051,2,57,638,1,1,1
128,22,11,4,51314.73818106741,2,74.77217354718118,4,54,808,1,0,1
129,20,10,0,94834.21189902493,2,41.51372865979281,4,57,537,0,1,1
130,24,12,3,70647.54676775496,2,7.393374326126789,3,48,433,1,1,1
131,45,15,2,104121.81422535339,0,84.70474613321102,3,53,491,1,1,1
132,33,17,8,113476.21655015268,3,6.084708428136995,3,56,655,0,0,1
133,58,18,7,125643.91492857868,4,71.85147906475984,2,44,577,0,1,1
134,46,16,0,88880.41237676941,1,97.17442542397542,3,38,317,1,1,1
135,28,13,26,95829.8093264944,1,46.57782617407933,3,37,823,1,1,1
136,34,15,5,96438.22072622561,2,27.322473474615514,1,49,479,1,0,1
137,34,14,8,79013.06998486511,3,71.96274595412126,4,57,422,0,0,0
138,45,17,6,89656.0439880596,0,82.62717349148059,4,30,545,1,1,1
139,61,10,3,64140.91841549464,3,56.91088002739549,3,33,672,1,0,0
140,32,10,12,78601.50569745523,3,96.86835114933389,4,43,350,1,1,1
141,51,15,16,92529.07625321123,0,9.908528557506305,1,54,370,1,0,1
142,58,19,27,113858.91180449515,2,52.95558183893017,1,31,779,1,0,1
143,51,11,1,85200.79413550891,3,73.25312499564225,3,45,318,1,1,1
144,23,14,27,73871.0058419655,1,86.950844759172,1,32,383,0,1,0
145,49,10,4,73069.64604446094,0,22.029283131240053,4,55,454,0,1,0
146,56,16,11,89470.69099932656,4,81.00033076754974,2,37,656,1,0,1
147,42,10,26,57414.8917721357,2,57.5071721932618,4,35,742,1,1,0
148,58,13,20,124970.33651624146,0,42.67259978904651,2,45,368,0,0,1
149,64,18,7,86457.69139595347,4,17.512927715013888,3,53,822,0,0,1
150,34,10,5,58068.53236380624,4,87.20309709634668,2,45,442,0,1,0
151,62,13,7,77392.81811729452,3,19.94095477707296,1,36,491,1,0,0
152,48,15,17,107839.10025073013,3,34.429846624864425,4,59,686,1,1,1
153,55,15,2,70525.19025389336,3,32.554325536431506,2,42,677,1,0,1
154,32,17,21,120316.98832742735,0,87.78433324813116,4,42,834,1,1,1
155,51,10,11,83050.25886912609,0,68.9067844498453,3,34,592,0,0,1
156,26,16,28,100907.13495926064,2,80.68473273318037,3,54,308,0,0,1
157,41,10,25,90224.20072690006,3,28.7944503852874,1,49,570,0,1,1
158,47,16,2,62030.30258101197,4,64.36303946266489,3,51,686,0,0,0
159,21,12,21,79734.09314704465,1,59.31586839865613,2,47,392,1,1,1
160,61,17,5,94108.03063344114,2,84.11888579488576,3,44,828,1,0,1
161,64,12,1,64043.11812166659,0,91.07827074571975,1,47,453,0,0,0
162,25,10,22,114756.52213121881,2,6.154893290351747,4,31,704,0,0,1
163,47,17,11,93112.25338910788,2,69.0318923105853,4,39,448,0,1,1
164,47,12,1,61211.42857762136,2,9.924400916374257,3,52,566,0,1,0
165,63,11,5,58992.71204986912,2,57.141573182348814,2,42,721,0,1,0
166,63,10,16,106678.28995726394,1,32.32510925914943,1,47,771,1,1,1
167,39,12,2,76145.10711313371,3,34.14377695460341,2,44,846,1,1,1
168,49,11,1,84953.36950696584,4,38.531057827973875,1,41,825,0,0,1
169,30,11,22,87801.54116584337,2,64.02278265971296,3,44,802,0,0,1
170,47,15,29,100759.78127552068,2,36.734746738533076,1,42,313,0,1,1
171,44,10,19,107061.39007521194,2,74.60640980607664,1,47,663,1,0,1
172,58,11,7,66449.83426309522,3,43.43010162951762,3,44,418,1,0,1
173,52,15,21,118261.13429908312,0,11.493554029446068,2,54,537,1,0,1
174,20,12,11,86350.38659217997,0,79.4571850359902,3,52,845,0,0,1
175,46,13,25,115573.49915882127,1,32.14704083630707,1,40,468,1,1,1
176,32,10,3,104471.6171349405,0,46.11285356192995,3,48,821,0,0,1
177,60,17,4,76611.47630668082,2,70.11716890608065,1,32,815,1,1,0
178,22,16,12,83963.70117159678,2,36.583334929127645,3,36,696,1,1,1
179,58,16,28,125968.34396886344,2,10.375637333937984,4,50,405,1,0,1
180,25,12,14,79243.82109864312,1,40.52249946621729,4,55,384,0,1,0
181,27,19,24,133510.8510999526,2,94.72261535595882,3,43,513,0,0,1
182,46,19,22,133392.09986367894,0,65.96476774336303,2,43,420,1,0,1
183,28,12,15,75573.6794564243,3,68.79051912338466,1,51,431,0,0,0
184,56,11,9,54999.787479117615,3,65.06680459557577,4,42,496,0,1,0
185,52,10,29,79896.1300470994,4,23.904253201146496,2,41,318,0,1,0
186,61,16,29,101082.3695461274,0,44.74171708971661,1,53,311,0,1,1
187,63,16,24,113709.44442309887,2,76.33928084451523,4,38,380,0,0,1
188,43,11,22,111006.03347331354,3,14.63042526755012,4,30,629,0,0,1
189,34,16,15,113782.09250285622,0,31.396013728522664,3,48,691,0,0,1
190,51,17,11,90894.60098554034,3,31.250315304256095,1,40,606,1,1,1
191,51,10,16,95335.38709758231,2,46.04179812147807,2,52,566,0,0,1
192,43,18,15,88046.57798844909,3,98.13503038950758,2,51,746,0,0,1
193,60,16,11,114887.48358671533,4,11.412741934963083,2,52,740,1,1,1
194,31,12,7,91266.60437643016,4,54.276594466156524,1,53,301,1,1,1
195,58,17,19,119995.98449068895,3,22.039644791159994,2,51,819,1,1,1
196,21,16,2,75726.25088140709,0,97.21427181392569,2,48,608,1,0,1
197,22,17,15,101682.85054951484,0,15.7638329491091,2,47,821,0,0,1
198,56,15,29,121708.99233850048,0,43.34209522435117,3,41,768,1,0,1
199,36,18,12,122897.73981488984,3,75.09907355928759,3,52,511,1,1,1
200,21,14,22,98781.87007514086,0,71.93267066260731,1,57,411,0,1,1
201,21,12,27,119948.81758231611,2,45.15922050492357,1,57,307,0,1,1
202,47,12,18,86922.93325307033,4,37.919795955508235,2,57,776,0,1,1
203,42,10,7,116119.24779427299,2,42.77317596252271,3,56,759,1,0,1
204,56,17,21,94772.31712590852,0,30.106245000070732,4,30,552,0,0,1
205,51,11,4,89927.24615192437,2,24.50662917714598,4,48,825,1,0,1
206,52,12,19,103939.70566509975,0,50.88877126809455,2,57,737,0,0,1
207,20,17,7,136054.01147908627,3,30.510706826422695,2,56,535,0,0,1
208,38,17,23,114833.08121210651,2,32.30885816523876,3,49,605,1,0,1
209,21,13,11,84404.56835364393,3,67.39182603008291,3,58,777,0,0,1
210,63,13,0,89742.04536362145,3,97.01104651148975,3,59,319,0,0,1
211,45,14,24,113141.33629897356,1,62.34553405314063,1,46,515,0,1,1
212,51,15,29,106022.29957505729,0,12.313049371171797,1,34,434,0,1,1
213,25,14,20,86969.48987077156,4,12.180443316136362,2,55,428,0,0,1
214,51,16,19,88310.75678012821,0,95.38520598032876,1,32,709,1,1,1
215,23,11,5,83560.35296821396,4,33.2426250791967,3,31,721,1,0,1
216,30,16,21,74600.94762259879,0,13.746363677835166,3,32,593,0,0,1
217,36,19,17,97683.84972025,3,61.90923577928625,1,37,545,1,1,1
218,57,16,7,104710.62713037299,2,64.24663393757528,4,45,385,1,0,1
219,43,10,6,70267.15881943551,2,66.60795791127538,2,35,674,1,0,0
220,24,16,0,115585.49246096781,1,30.403192646466422,4,42,745,0,0,1
221,53,14,20,79508.47064550145,4,6.435515000375128,2,59,677,0,0,0
222,25,12,15,74245.65896129975,4,96.67646009817483,4,52,689,0,0,0
223,41,12,11,56838.75099917544,4,28.834839340654735,1,57,350,1,0,1
224,30,13,5,113444.23363292989,3,69.22249736499201,2,51,541,1,0,1
225,35,11,19,77718.70085680168,4,72.12983763847741,2,51,593,0,1,0
226,52,11,1,43548.64509294745,2,62.95070462255114,2,45,565,0,1,0
227,28,10,28,96084.90016110365,3,34.72620245029658,3,57,419,1,0,1
228,25,14,13,75070.15617179364,0,30.75414410758625,3,45,547,1,1,1
229,35,13,3,61339.30230258112,4,61.77848685675679,4,32,369,0,0,0
230,48,19,0,92254.48450451803,4,87.27908519311069,1,57,356,1,0,1
231,22,11,22,105826.83134832038,0,94.93970424772257,3,42,681,1,0,1
232,39,12,17,88626.9133274181,4,15.061051418356975,2,43,338,1,0,1
233,55,16,12,95893.92458018096,0,19.708718196783387,3,37,742,1,1,1
234,38,16,1,71038.57442472842,3,94.74994458439257,1,41,317,1,1,1
235,45,13,8,65575.98425666484,2,74.97084669180529,3,52,651,1,1,1
236,22,14,20,75857.67568757007,0,88.88441335882844,2,52,597,1,1,1
237,38,14,1,79320.2082828117,1,24.2501002428576,4,51,582,0,0,0
238,39,15,26,112228.56379037854,0,60.82065775539318,2,50,409,0,1,1
239,51,18,24,106840.36910812324,4,71.60826146966,1,55,479,1,0,1
240,26,11,8,48379.56365120675,3,69.61062911746241,4,37,843,1,0,0
241,60,14,0,84832.28086740576,3,43.77441063233632,3,50,324,1,1,1
242,52,12,10,117616.447508031,0,6.462514710674306,3,54,356,0,0,1
243,59,13,2,73261.40352751254,2,60.377975396405,3,38,479,0,1,0
244,58,19,19,94854.80902525561,1,29.04464622206283,4,30,531,1,1,1
245,37,15,29,103203.88172716848,3,47.77415338357458,2,35,642,0,1,1
246,59,17,22,90635.79250990509,4,95.97019643296265,4,52,776,1,1,1
247,20,10,25,79321.0953017562,4,42.9083551760313,4,48,754,1,1,1
248,30,19,3,101032.15368976352,2,84.78115263312054,1,52,531,1,0,1
249,47,17,17,115709.25505817604,3,22.91135754617886,4,40,588,1,1,1
250,44,16,22,102349.33735146481,0,68.88374731237774,3,40,512,1,1,1
251,42,10,5,46002.741252178515,4,97.81566067169963,2,52,557,1,0,1
252,50,11,2,90066.24166888982,2,14.679844582928995,2,59,829,1,1,1
253,49,12,21,126721.21282948257,3,5.790394511583241,2,42,528,0,1,1
254,61,10,10,74532.0092832708,3,46.190365300098364,3,40,525,1,0,1
255,54,18,14,99642.34232445466,3,13.799420889879883,3,47,734,0,0,1
256,26,17,21,95105.67138732882,3,76.09651321924198,3,52,701,1,1,1
257,35,11,27,104126.20381512049,3,91.8821230656131,3,44,387,1,0,1
258,45,18,4,71623.64841221421,4,46.231992407332086,3,30,841,0,1,0
259,21,16,19,120343.64816479057,2,29.577606004766892,4,50,608,0,0,1
260,20,18,9,90822.87603744128,3,46.26831530562793,3,54,642,1,1,1
261,31,15,11,92440.49488699695,1,73.7275426957501,3,36,735,0,1,1
262,24,15,14,102011.82904159983,1,5.860145350135243,3,52,476,1,1,1
263,56,13,16,121776.7678395872,2,60.99812900104623,3,56,438,1,0,1
264,51,19,9,103979.05528975566,0,63.26271006430101,2,42,493,0,1,1
265,28,19,5,113526.09061411812,0,65.58038345511387,3,41,485,0,0,1
266,60,11,17,95729.74763174832,0,27.992097598183335,4,47,517,0,1,1
267,54,16,12,96297.14505623968,1,72.83500872092205,4,53,463,0,1,1
268,38,14,2,86743.02889689569,0,13.682191201518759,4,48,460,1,1,1
269,35,15,29,97232.3278811248,4,23.93068196434608,1,44,824,0,1,1
270,22,11,23,97057.0490339493,3,88.35965443217579,2,37,341,0,1,1
271,39,14,9,78385.6899219965,1,75.1786993190238,3,48,509,0,0,0
272,43,19,29,118371.65424121385,2,6.305827631077799,1,39,574,0,0,1
273,52,13,13,98898.24226020213,2,28.59574473513102,3,36,578,0,0,1
274,43,18,5,117984.80285243655,3,25.368615884350632,1,47,550,1,1,1
275,30,15,2,88406.57119979923,1,30.726601163512395,1,45,609,1,1,1
276,27,11,15,105492.19693216102,0,28.51817817658921,4,49,439,0,0,1
277,55,10,6,97581.31635093369,0,10.939998095570346,4,56,845,0,1,1
278,57,14,19,86334.37618385046,4,48.59934907669793,1,35,829,1,1,1
279,59,18,13,133886.56781112836,4,74.6096801046857,4,56,356,0,1,1
280,39,15,8,78724.39126440803,0,62.63951384815646,1,38,411,1,0,0
281,54,19,14,106418.7789664026,2,68.92280851681758,2,50,304,1,0,1
282,44,16,20,124676.33770292928,2,12.709171960942719,4,42,709,0,0,1
283,54,14,2,103172.29276864261,4,95.39161746679478,4,54,713,1,0,1
284,44,19,1,89481.96975978056,3,84.65672421508737,4,50,481,0,0,1
285,48,15,26,127282.07220475502,0,81.48358025708795,2,55,312,0,1,1
286,37,14,1,69981.24187939827,4,83.18346147896791,1,37,638,1,1,0
287,37,18,2,78489.4417318835,4,93.60749827261233,3,45,558,1,1,1
288,21,15,17,79972.95756418334,0,56.70412678080128,4,42,389,0,1,0
289,54,17,13,111156.88089731798,0,24.02679169742446,1,42,549,1,0,1
290,35,11,19,103758.59183172727,2,63.59444274599141,2,46,554,0,0,1
291,60,18,17,97702.97347174236,3,75.5737418984542,3,52,407,1,1,1
292,55,14,9,92266.39289134691,3,75.10215236863242,4,49,784,1,0,1
293,52,16,24,143037.9435532863,0,54.53765729585361,2,34,557,0,1,1
294,23,19,1,113125.05558492597,1,11.503578336689916,2,51,581,0,1,1
295,52,10,24,82464.95440377397,4,40.255729150862145,3,50,387,0,1,1
296,33,19,28,134899.79280624987,4,92.47282780401895,1,57,503,1,1,1
297,40,14,21,88020.94095989202,0,60.522646426955475,4,46,315,0,0,1
298,39,19,0,52264.648591715086,1,56.141534609292776,4,57,450,0,1,0
299,27,11,3,73666.76365769265,2,30.541083866308384,1,38,553,1,0,0
300,26,15,13,113947.88952429104,0,40.002647392075,1,31,487,1,1,1
301,22,10,0,96458.82548307657,0,90.05787846955108,1,54,628,0,1,1
302,36,12,13,95742.82806063734,4,68.3139895150494,3,55,843,0,1,1
303,52,14,15,87383.970424178,0,79.80176754147162,3,47,696,0,1,1
304,31,13,21,103388.60449911834,0,48.162815191427235,4,38,816,0,0,1
305,41,12,13,81218.9231529196,0,64.87348584833501,3,35,758,1,1,1
306,41,19,28,106365.3424789301,4,28.596442830604715,2,40,629,1,0,1
307,49,14,19,117329.09409073701,2,72.0187788769312,4,54,468,0,1,1
308,57,17,2,85828.35696925025,2,45.622126701817045,3,58,665,0,1,1
309,57,13,2,93056.4571517711,0,47.04182390740083,1,35,477,0,1,1
310,64,10,8,62782.92952880262,4,66.68562083480376,2,35,661,1,0,0
311,27,16,5,115180.04637036593,2,93.94665903954804,1,42,339,0,1,1
312,46,17,24,83836.45324933226,2,11.080602927818987,4,40,715,0,1,1
313,46,12,12,70980.92964703319,2,83.35060754796572,1,43,654,1,1,1
314,53,15,20,91530.66421268725,4,32.77639548915835,3,31,554,1,1,1
315,40,11,1,38380.72404327376,4,47.17234817810589,3,37,442,0,1,0
316,49,16,7,48581.11954699122,0,7.081766233625851,4,32,310,0,0,0
317,52,17,20,79188.91687662789,3,33.59937739425973,1,52,325,1,0,1
318,47,15,1,79981.16344284176,2,52.749968049862396,4,50,720,0,1,0
319,52,15,3,74482.51348433798,3,10.336727348006706,1,32,520,0,1,0
320,24,14,24,98912.28750392295,4,51.65409429140069,2,30,795,1,0,1
321,38,17,14,96891.20228627733,4,93.07550974155059,3,53,536,1,1,1
322,23,10,3,80242.12918165067,4,15.012355720241496,4,48,536,1,0,1
323,54,19,12,92865.66032506531,3,77.62186916717292,2,47,518,0,1,1
324,36,13,27,114526.29885853926,4,43.9187500707193,2,46,786,1,1,1
325,63,13,11,100552.57490361223,0,67.24150287981212,4,49,760,1,0,1
326,47,12,27,102613.48686170738,4,29.722476808596788,4,58,443,0,1,1
327,49,12,12,100987.5832730144,1,20.151764941429036,2,53,488,0,0,1
328,48,13,13,86628.11354298163,3,20.243948355766513,1,42,554,1,0,1
329,25,10,19,64080.274527298476,1,11.696734836098742,2,32,367,1,0,0
330,54,11,17,109935.62777245842,4,22.63643696561809,4,59,635,0,1,1
331,60,18,28,94492.71722232595,0,68.10084157395198,2,30,708,0,0,1
332,56,19,27,121969.32892086984,2,88.76060812513326,1,33,599,1,0,1
333,43,11,5,84743.30457519734,4,82.34194013116037,3,54,656,1,1,1
334,48,14,28,105227.77739283936,0,70.08775943807599,3,42,555,0,1,1
335,50,18,10,71070.54771703098,3,15.491027024054754,2,46,652,1,1,1
336,54,18,29,146972.54299131088,1,32.472807398115236,1,57,820,0,1,1
337,52,17,1,90331.70942190694,1,34.43165315563455,3,59,823,1,1,1
338,40,10,27,107081.15831194504,1,28.745909907774017,2,40,583,0,1,1
339,51,10,22,82594.1112658171,3,53.925537672423694,2,31,611,0,0,1
340,42,18,18,108134.58934588573,0,55.8776124135689,1,54,398,1,1,1
341,52,17,18,105946.90919389206,3,38.90416764125547,4,45,496,1,0,1
342,22,19,4,87968.08574762964,1,38.60997007996142,2,31,781,0,1,1
343,37,18,18,104309.4690573093,4,83.71278180107772,4,58,525,1,0,1
344,44,16,1,83671.1405912992,2,79.98282059037014,4,48,664,1,0,1
345,61,12,9,94693.93964359211,3,34.24060400967083,3,52,667,1,1,1
346,50,12,24,104876.79254297644,3,91.80990216795963,4,48,374,0,1,1
347,22,11,1,79374.48686039704,0,95.51742661523808,1,54,341,1,0,1
348,59,14,29,121012.0277725739,0,36.040541492853876,3,45,721,1,1,1
349,43,12,10,81205.4344265867,3,38.670370135340214,3,51,480,0,1,1
350,51,15,17,134221.53348619252,1,53.03524457508609,3,48,844,1,0,1
351,41,11,28,118063.50526058176,2,94.40647719069898,2,38,370,1,0,1
352,42,12,23,101524.12761504819,0,88.2503461485196,2,30,404,0,0,1
353,21,14,14,63639.09477017219,1,14.74395644544103,4,39,499,0,1,0
354,46,10,8,88974.8160522855,4,42.30942061078454,3,48,400,1,1,1
355,61,10,22,83071.93060575776,0,57.570263026228325,3,30,606,1,1,1
356,21,19,18,86179.90978423989,1,52.7975848923963,1,31,676,0,1,1
357,45,18,8,91397.70967272748,1,23.416991454004805,4,45,698,0,0,1
358,36,16,2,69153.09932800996,2,86.5875932609747,1,41,520,1,1,1
359,59,10,20,94136.57768715761,2,69.30937438469955,4,37,481,1,0,1
360,52,17,8,118009.84615790236,4,84.60129561092134,4,52,606,1,1,1
361,28,12,27,114561.30154869173,1,86.58260653819985,2,47,821,0,1,1
362,62,17,29,148633.18830693152,1,76.09380609824528,2,31,695,1,0,1
363,58,14,13,73359.56320043278,2,46.72500711872315,1,54,303,0,1,0
364,48,10,18,89259.38234664014,0,63.00194172646533,4,58,580,0,1,1
365,61,16,6,76342.88643579656,0,20.2347135813756,3,42,514,0,0,0
366,45,14,15,106490.70898239207,3,68.99631466011624,2,35,719,1,1,1
367,54,15,15,97090.29168056035,2,22.029059295231672,3,50,400,1,0,1
368,44,15,27,114296.48239223557,3,70.9252110984649,1,55,820,1,0,1
369,43,17,0,90164.69171601454,2,26.811825271627022,2,35,608,0,0,1
370,32,18,3,64869.79856623533,4,16.1673735142709,2,38,809,1,0,0
371,26,11,3,69144.664223746,1,20.702026563580958,4,45,362,0,1,0
372,55,18,6,105699.52666317813,4,5.189252845811676,1,40,525,0,1,1
373,64,19,7,82114.66830757694,2,73.28026369608537,4,36,404,0,1,1
374,39,18,16,73566.45048094232,1,74.57809966054602,2,39,724,0,0,1
375,20,19,4,78270.1232726483,0,53.91866824175965,1,39,554,0,1,0
376,27,19,6,101189.50589090795,0,20.32946610026145,2,59,728,0,1,1
377,35,16,27,118854.52469516566,3,12.937662063515525,1,54,733,1,1,1
378,33,10,19,93096.9377601651,2,6.817251811542266,2,49,506,0,1,1
379,31,16,28,104749.42853027058,2,20.746076811695968,3,47,327,1,0,1
380,42,19,19,127608.13779155709,0,89.63127582339894,3,57,635,0,0,1
381,34,14,3,84166.78595348838,4,27.94599996165977,4,53,368,1,1,1
382,47,15,27,115208.23162568708,1,38.65577608563549,3,49,812,1,0,1
383,53,19,5,92835.26928788719,4,15.007821025726653,2,58,466,1,1,1
384,21,16,6,108327.88776604936,4,26.124323951076178,2,38,667,1,1,1
385,51,14,17,91409.21671069111,0,54.326334224119485,3,44,550,0,1,1
386,42,16,4,82983.56775419456,0,62.73650489408699,4,33,469,0,0,1
387,41,18,19,120609.5681396137,0,28.30846984579005,3,37,389,0,1,1
388,44,12,29,105176.40615958007,3,10.484555126386134,1,38,745,0,0,1
389,41,17,28,114218.93931820708,4,42.148122567102874,1,42,593,1,0,1
390,41,11,2,44032.70134715071,2,27.249320238001744,1,38,449,1,1,0
391,61,16,6,106916.64389006671,1,25.857622706831183,3,55,431,1,0,1
392,25,11,26,90024.45579031344,3,96.18696625777825,3,33,732,0,0,1
393,34,13,27,112946.04923944105,2,63.548546162943786,3,46,358,1,1,1
394,62,16,21,103853.02312046509,4,57.90345210134911,1,45,498,0,0,1
395,56,12,13,81887.70490142114,0,44.49863483471558,4,44,514,1,0,1
396,52,11,6,85127.12191445073,4,45.74971167586371,2,32,771,1,1,1
397,27,19,4,102152.60040096786,1,56.38597536461768,3,54,546,1,1,1
398,63,16,28,92101.16105093484,3,71.16083166843019,4,49,681,1,0,1
399,63,10,21,105042.56338832875,3,71.7038791372738,2,34,538,1,1,1
400,24,17,4,73477.26047258703,1,21.31092123201771,2,52,666,0,1,0
401,58,12,29,112388.40294139416,2,52.51071144727956,2,34,467,1,0,1
402,23,11,22,119097.17562754112,2,44.13601902823969,4,49,350,0,0,1
403,25,12,1,56020.56537077149,3,87.7000617955915,4,44,679,0,1,0
404,64,14,29,104909.33332314438,3,64.98479751574575,1,47,773,0,0,1
405,51,17,26,108981.38199251144,0,55.58788630951827,4,44,379,0,1,1
406,49,19,20,101137.3081219368,2,15.962491006997151,4,31,666,0,1,1
407,54,16,21,137826.79535420975,1,62.535599485724084,4,58,760,0,0,1
408,59,16,5,71272.4983542621,2,16.134371039622174,2,42,838,0,0,0
409,35,16,14,89049.76309287769,0,37.03462467874645,3,33,751,0,1,1
410,32,17,20,126121.3381494582,3,18.569986657361525,1,39,763,1,1,1
411,61,10,9,72618.41775154702,3,70.74699646731504,3,42,777,1,1,1
412,49,13,22,85233.60672128084,0,24.593950814434496,3,39,719,0,1,1
413,38,15,25,117333.8882039031,1,42.22664045286247,4,58,513,0,0,1
414,36,18,23,115580.15293191603,3,90.08910387378397,1,38,668,0,1,1
415,38,11,6,68886.88262663042,4,24.410056422902176,3,37,413,1,0,0
416,47,10,4,76153.45180830898,3,53.241481076084014,3,32,802,1,0,0
417,45,19,0,66609.23319834295,4,44.830807810772086,1,45,610,0,1,0
418,56,11,12,67848.50455375387,0,6.721783899344325,4,43,768,0,0,0
419,45,16,20,93883.10475673973,0,80.31202078941722,3,38,343,1,0,1
420,42,12,25,117772.29324488157,3,11.559361099886974,2,59,714,1,1,1
421,28,19,17,119419.75836513576,2,50.05422699281059,3,50,545,0,0,1
422,31,11,12,61856.53738716904,4,58.26443801920024,2,40,383,0,0,0
423,20,16,20,107631.2849020694,1,64.70051337838578,4,32,506,0,1,1
424,20,11,20,87976.6053673093,3,70.42000478424818,3,34,450,0,1,1
425,53,12,17,88358.88576149734,1,29.06087643465793,1,58,827,1,1,1
426,51,16,4,66189.77553052739,3,5.94798378255269,1,39,464,1,1,0
427,44,13,12,89760.98992737905,2,73.72714792371664,3,42,444,0,1,1
428,59,10,3,87049.0795155807,2,55.88737693801997,4,33,336,0,1,1
429,64,14,16,97811.27737143493,2,84.43118180468863,4,53,632,0,1,1
430,20,18,2,72324.59253512815,2,83.03189447556596,1,42,702,1,0,1
431,35,17,16,70723.86639681616,0,85.1159859398489,3,41,713,0,0,1
432,58,18,27,133388.1630684263,0,51.08399269805631,4,34,344,0,1,1
433,24,19,10,109793.0242745713,4,36.69469760450224,1,39,701,0,0,1
434,41,18,20,117521.25126926502,1,80.19802924618016,2,57,505,1,0,1
435,48,16,19,127276.26247209296,3,47.87294073777922,3,53,361,0,1,1
436,22,13,22,99737.4360633876,3,22.42700865832628,2,38,719,1,0,1
437,31,14,20,93223.31914781775,0,86.22253185834006,2,49,767,0,1,1
438,45,10,25,96384.82426108449,3,88.84318829337299,4,36,318,0,0,1
439,35,10,29,82589.14351431731,0,49.29942683331616,4,31,664,0,1,1
440,56,12,3,66455.7090274808,4,12.19147409442981,4,51,599,1,0,1
441,41,17,1,102481.9327170036,1,41.84347854210847,3,53,306,0,0,1
442,48,11,19,106769.57763101388,4,81.33607764894732,2,57,727,0,0,1
443,33,13,15,75360.49915709428,2,90.66853271189173,3,52,416,1,1,1
444,47,11,27,78731.53923650857,2,24.329910537271605,4,36,806,1,0,0
445,24,14,17,87756.12993838478,2,11.362493142400794,2,37,845,1,0,1
446,49,18,7,74913.01284992407,4,88.34829304761968,3,36,624,0,1,0
447,24,10,2,83047.65798733087,3,41.993469202993154,3,50,354,1,1,1
448,31,14,8,91397.38298621292,1,56.46729160541851,1,52,341,0,0,1
449,35,18,28,137125.28125730797,2,96.96625214482209,3,58,596,1,0,1
450,45,10,19,96192.6834209172,2,11.323649151851171,4,43,530,1,0,1
451,45,18,28,110001.83701952739,2,66.59021070794907,3,55,752,1,0,1
452,40,17,5,66031.0663144727,1,12.040015144612372,2,48,693,0,1,0
453,58,13,9,83158.36235394177,2,40.669548204317536,3,34,821,0,0,1
454,55,19,20,85776.95925678697,1,81.36238179337744,1,52,657,0,0,1
455,52,14,9,82836.67834059818,2,46.17986211178527,2,54,743,0,1,1
456,49,14,12,76187.48214751085,4,99.73232362078029,2,47,427,0,0,0
457,56,15,16,88468.06167325217,4,58.110632069927206,1,49,704,0,0,1
458,42,16,8,70483.96587607636,1,35.51040450041558,4,41,691,0,0,0
459,29,17,16,92825.32208030319,4,25.910575960951547,2,52,492,0,1,1
460,24,17,23,127273.59613891774,1,38.29945075718537,4,46,377,0,1,1
461,55,11,8,95627.69426326614,4,40.39066100715733,2,42,384,1,0,1
462,53,18,8,111411.10666280074,4,11.527799383776292,2,31,329,1,0,1
463,50,16,0,89146.72043887945,1,40.10954894554345,4,54,348,0,1,1
464,29,13,1,79113.15396471237,3,49.10265937522637,2,42,444,0,0,0
465,38,13,27,122726.16694227056,4,73.66008646268644,4,55,368,0,0,1
466,51,17,15,72570.6205935156,2,67.38930104855277,1,36,357,0,1,1
467,20,13,28,121967.79073821704,3,72.33273724676965,4,57,778,1,1,1
468,24,15,0,101745.44336201975,1,5.794549778301424,1,39,744,1,1,1
469,64,14,9,77881.6749614281,3,25.678402960150926,2,52,595,0,0,0
470,23,12,17,109346.58681415557,0,67.86000739798637,4,35,470,1,0,1
471,35,19,25,140816.79170566995,0,50.978989977075976,2,32,446,1,0,1
472,43,11,27,116392.46104823778,4,5.504780188492865,4,55,783,0,0,1
473,35,18,7,92846.2159783507,4,81.42699103102312,1,32,605,0,1,1
474,21,19,20,91282.51378993201,2,78.41690946258205,1,47,745,0,0,1
475,47,18,27,125683.06791139444,3,57.09982048438845,4,40,520,0,0,1
476,51,10,10,73550.43941300601,0,11.314015948745851,1,51,677,1,1,1
477,46,19,22,115155.16555432568,4,77.81892970559554,2,49,565,0,1,1
478,39,12,1,76543.78706824139,3,60.45279083447957,2,34,394,1,0,0
479,43,17,7,40591.89492876175,4,79.28619783000612,3,48,561,0,1,0
480,31,15,26,113766.25253915603,4,76.41596427760484,1,51,370,1,1,1
481,54,14,21,144757.8619553776,0,81.28519683599453,2,56,518,0,0,1
482,52,14,7,61911.615350520966,0,54.21076630843936,4,57,832,0,0,0
483,52,15,16,97775.07862838378,4,18.330829228383926,1,48,391,1,0,1
484,62,16,14,75355.27135042718,1,68.75995997107043,2,59,426,1,0,1
485,56,10,16,71390.62793892549,4,63.94500957993721,1,44,379,1,1,1
486,31,18,27,88777.64453849978,4,75.51405278391329,4,59,537,0,1,1
487,22,12,22,101336.20012621727,2,21.138695574819852,2,45,671,1,0,1
488,20,13,23,117727.93984936754,2,23.522643990527477,3,53,785,1,0,1
489,52,19,12,102666.63428474456,2,89.5889041358362,3,38,324,1,1,1
490,59,10,18,69234.86841548908,1,76.24789085294672,1,33,455,1,0,0
491,29,19,4,82794.99332973454,1,91.28170642653068,4,44,816,1,0,1
492,62,12,11,91730.19251575596,4,77.07795551057247,2,54,829,1,0,1
493,63,11,0,57429.65244446226,2,61.72975406907868,4,41,356,1,0,1
494,48,11,22,79710.94287138298,1,67.142610017648,2,52,318,1,1,1
495,32,10,4,65439.736459755535,0,89.46715277430094,1,32,683,1,0,0
496,31,17,7,78830.04477698216,4,59.98664167863435,2,52,492,0,1,0
497,50,12,12,89919.50996824479,3,65.07717581119681,4,43,536,0,0,1
498,21,12,7,101987.19660373665,4,19.865288020342057,4,46,686,1,0,1
499,54,15,24,144462.62524503496,3,50.02251591102976,1,48,725,0,1,1
500,42,17,22,105418.11740029378,2,73.0577256360194,4,35,576,0,0,1
501,36,18,10,101652.60462529032,3,30.739556340054715,2,33,526,1,1,1
502,45,18,0,75299.53249309654,2,24.21414714983082,1,36,622,1,0,0
503,27,13,12,91198.67104761086,0,34.813546781319474,2,59,452,1,0,1
504,48,14,18,118363.71571514814,3,27.942559659319176,4,48,536,1,0,1
505,45,11,23,92084.24797187545,4,25.416700518457606,1,46,354,1,0,1
506,29,18,2,95326.16917546332,2,45.36083007246826,2,54,735,1,0,1
507,45,17,23,122282.40211097823,4,91.24465881893573,4,45,408,0,1,1
508,53,12,16,88312.05909969224,1,53.17066644017824,4,44,483,1,1,1
509,60,18,4,117363.68475644945,2,22.852436177455687,3,51,667,0,0,1
510,26,12,19,99979.82461121192,3,12.312308591183037,4,37,497,1,0,1
511,23,18,20,115274.23087526808,2,71.1348337881029,2,48,670,1,1,1
512,64,11,7,64708.868662917004,4,41.36588262145684,1,37,672,0,1,0
513,30,19,25,123483.19292947112,0,83.07393992560912,3,47,796,1,0,1
514,48,18,13,99181.63463096265,2,67.65352302087317,4,57,500,1,0,1
515,55,17,3,92508.98595286408,3,80.64293780143001,4,45,808,0,1,1
516,44,18,10,99930.88032635592,1,30.83487374475263,4,49,621,1,0,1
517,40,14,19,114963.43868307176,0,70.77409763380052,2,48,574,0,1,1
518,55,11,14,86019.1379807535,1,30.085888545903284,3,39,510,1,0,1
519,29,17,18,132857.28797616158,2,94.2115055477777,2,46,803,1,1,1
520,56,15,6,78594.01748678058,4,65.45555674567056,3,42,417,0,1,0
521,28,17,18,92689.94751881447,4,35.8286210166575,1,42,341,1,0,1
522,43,14,27,106661.5254561305,3,30.6036269177659,2,36,614,0,1,1
523,54,19,18,127511.16455832179,4,23.138025581806133,2,56,628,0,0,1
524,54,11,10,96501.93271766389,0,70.99089109490414,1,39,316,0,0,1
525,55,15,25,101212.8225042973,4,25.777983234803095,3,31,582,1,0,1
526,37,14,4,81008.64689891621,3,61.55381026311146,4,33,557,1,0,1
527,58,14,4,93601.0544826909,2,30.140327557908947,1,54,318,0,1,1
528,51,10,29,78437.55530780726,2,67.88704975541751,4,35,828,1,0,0
529,43,11,21,110240.13791592389,4,82.41927421135122,4,53,722,1,0,1
530,42,17,7,74186.53361325289,1,78.91239809874205,1,47,765,1,0,1
531,51,12,9,69495.97604130692,2,77.28087643842426,3,52,672,0,0,0
532,56,19,5,90183.72484078378,4,22.833628540763947,4,35,380,1,1,1
533,31,12,14,91032.27548964041,3,13.396569963529277,1,58,847,0,0,1
534,32,17,15,116872.35405531665,4,71.40013870630163,2,59,723,1,1,1
535,42,17,27,124710.64082452955,2,39.992985310463375,2,54,728,1,1,1
536,44,11,16,93769.37623064448,3,46.072891508317994,2,52,687,0,1,1
537,54,17,7,76219.03186965064,4,7.959163815372151,1,46,503,1,0,1
538,60,10,7,79915.41343889455,0,29.659762681129674,2,43,495,0,0,0
539,49,15,24,109802.36504477504,3,8.199258368074082,4,53,584,1,0,1
540,36,17,8,93406.66863367663,0,88.52264839711853,2,40,495,0,0,1
541,39,12,1,77643.29567329741,1,28.122684905760394,2,55,606,1,1,1
542,44,17,14,107944.91151443135,3,57.94703110943576,4,48,313,1,1,1
543,41,10,17,94366.43266125662,0,8.703035462807389,2,59,445,1,0,1
544,32,18,2,87019.1768682348,2,68.35050217403752,4,31,356,0,0,1
545,38,18,16,121156.33371895432,2,35.687597846638916,2,57,509,0,0,1
546,55,14,3,65965.95138216548,1,90.30232276097826,4,32,828,0,0,0
547,31,19,29,101449.06154984105,3,89.3712279487334,2,40,643,1,0,1
548,60,13,3,81350.36190982178,3,35.902608744366034,4,35,578,0,0,1
549,38,15,13,77153.94053475384,3,90.59128509059445,1,58,508,0,0,0
550,31,16,8,105193.22237426174,1,99.63497898238398,4,43,634,0,1,1
551,28,14,8,85993.71485216587,3,83.41448809177507,2,48,587,0,1,1
552,26,19,24,114515.48506968719,2,85.26277803674675,2,55,551,0,1,1
553,47,18,25,123257.44727875022,0,28.65582993036354,3,45,564,0,1,1
554,33,12,22,105769.98141175711,2,59.78672789148685,4,50,570,0,0,1
555,50,16,29,116528.3055333386,2,11.389311826899945,1,51,718,0,0,1
556,38,19,17,126478.38595912578,0,14.017203998058623,4,53,510,0,0,1
557,35,19,9,80419.43551258808,2,99.8947981431626,4,36,664,0,0,1
558,24,14,20,118883.8109646313,1,36.03072869546154,1,59,375,1,0,1
559,54,16,3,77016.77434273185,0,76.07747164464041,4,56,620,1,1,1
560,31,11,11,85578.07586409964,2,81.63318003754756,1,37,732,0,0,1
561,44,13,26,96756.2900157113,4,86.51221074568677,1,48,408,1,1,1
562,40,11,7,60344.974651801895,2,99.77468825320487,4,49,821,1,0,1
563,55,16,1,89952.53395219547,1,27.942166099402446,4,45,346,0,1,1
564,42,11,21,97041.93617515548,3,8.833328551671471,2,51,678,0,0,1
565,35,10,12,65655.95764729379,2,44.063194209485665,2,56,395,0,1,0
566,58,18,20,71927.13367991654,3,17.357663633749958,3,36,402,1,0,1
567,64,10,15,79859.51952521781,4,7.130459470395237,3,38,445,0,0,0
568,61,17,27,135811.36198160535,2,39.24054857844118,4,42,326,1,0,1
569,58,11,1,71342.46843048128,0,79.45513385214745,1,30,829,0,0,0
570,33,17,10,91036.09316596425,3,58.78716566638173,3,58,381,1,1,1
571,50,12,9,95492.34728656866,4,34.71390897498364,4,37,727,1,0,1
572,24,15,14,113750.22974202796,0,67.16249052180837,3,53,778,0,1,1
573,54,12,16,115721.59981337393,0,27.04172712933702,1,51,461,0,0,1
574,42,16,7,99440.1545962982,0,6.366237376848077,4,33,701,1,1,1
575,48,19,17,113907.85626109509,0,77.6135717114606,1,32,807,1,0,1
576,62,18,22,124253.84831208442,2,64.25559306208086,4,56,337,0,0,1
577,30,11,8,65966.48832237403,2,77.4187493275912,3,32,810,0,1,0
578,37,14,24,84005.83332967966,2,8.699111585328232,2,51,692,1,0,1
579,31,15,7,74456.65083090862,4,84.52636464391196,3,42,793,0,0,0
580,28,13,26,113881.30520484787,4,63.854989003448814,3,37,499,1,1,1
581,29,13,13,76858.70954269638,4,58.52255831770081,2,36,554,0,0,0
582,63,13,27,107601.19750484562,1,64.3383345708805,2,56,478,0,1,1
583,36,11,25,68657.1680801786,4,87.12115845249458,4,30,846,0,0,0
584,57,13,24,98695.70801145685,2,60.75896812309617,4,56,688,1,1,1
585,26,10,17,87354.14819377975,2,60.19028608937703,1,45,697,0,1,1
586,32,15,21,103932.70667181892,1,99.11451992124775,1,35,457,1,1,1
587,59,10,19,78275.6171987893,1,76.88936587151396,3,36,303,0,1,0
588,61,19,29,106721.04303984162,4,47.017911517857854,2,41,466,1,0,1
589,28,15,19,114522.49772707661,3,72.20271500312813,1,52,767,1,0,1
590,46,10,20,93780.15315603736,1,41.976894810719905,3,38,708,0,1,1
591,21,15,11,107892.92853108564,0,26.743168935932403,2,56,711,1,0,1
592,24,19,18,127339.76237580871,2,61.70092830433715,4,40,503,1,0,1
593,48,17,13,87765.01920780337,0,93.17729932082538,3,39,493,1,0,1
594,56,11,16,89601.29972270202,2,93.26825440146897,4,50,534,1,1,1
595,57,11,23,96893.34654534611,2,37.48100142002158,1,30,449,0,0,1
596,38,13,20,85170.92161057674,1,55.12935929106102,1,47,458,0,0,1
597,27,12,2,76680.47555557494,1,25.105410364136816,2,33,578,0,1,0
598,64,13,25,96853.6996887668,0,99.58495540239393,3,34,703,1,0,1
599,20,16,29,148749.18111116416,2,98.20620124745389,4,38,610,1,1,1
600,41,10,22,101162.87510886573,0,66.70334832220749,2,56,367,0,1,1
601,36,15,6,102283.12969999698,3,81.41933566935997,1,46,762,0,1,1
602,26,12,16,98302.42244160507,0,72.93451532195151,1,32,387,1,0,1
603,44,19,11,79584.07441244772,4,61.35003080874948,3,45,516,0,0,1
604,64,16,8,66264.23944489224,0,10.068059713945281,4,34,300,0,1,0
605,23,19,14,105795.08845336927,4,48.2026125425028,3,45,434,1,1,1
606,55,11,17,99404.78499690912,4,69.104698705904,4,32,650,0,1,1
607,25,11,20,97350.44712750011,4,69.36550331895005,4,49,439,1,1,1
608,50,13,12,89160.4446227513,3,40.44664875012644,3,44,432,0,1,1
609,38,10,29,103515.6632691356,0,94.46073873251291,2,59,477,1,1,1
610,63,12,20,72595.63539792923,0,20.898918062494197,3,32,657,1,0,0
611,58,18,29,103465.48186664091,3,52.53414739047826,3,49,679,1,1,1
612,46,16,7,64633.59577878812,2,70.63397777232817,1,43,749,1,1,1
613,29,16,13,80392.90593531514,1,71.22790155972187,1,45,762,1,1,1
614,45,13,7,83278.84139390787,0,66.62070089303748,3,58,407,0,0,1
615,38,11,13,105582.62130885845,1,31.152380277926717,3,58,421,0,0,1
616,58,13,6,76832.00988680458,3,19.839624025229085,1,46,316,0,0,0
617,22,15,22,112563.67023081888,2,65.41433104853753,4,57,495,1,0,1
618,64,12,11,91431.7531159879,2,61.933701033246585,3,53,626,0,1,1
619,32,10,10,92383.7914833707,2,22.038820977477894,2,49,617,1,0,1
620,47,17,21,92878.36508578094,3,71.98821882920352,2,52,778,1,1,1
621,39,14,21,114975.83876611837,4,48.24133921469736,2,47,551,0,1,1
622,47,14,10,66970.48241558114,4,68.43725620229952,3,47,802,1,1,1
623,27,13,24,96555.30833529268,1,84.54987257816431,4,51,418,0,1,1
624,60,15,21,101130.20884761095,4,21.1242007148077,4,43,797,1,1,1
625,58,12,27,115561.23459926122,4,6.818762459699484,1,47,785,1,1,1
626,20,18,28,133238.9027478813,2,79.01474570759974,3,44,344,0,0,1
627,22,14,12,101874.41003245092,2,62.92125538949851,4,44,613,1,0,1
628,32,12,17,107665.4574061328,1,71.46575911410156,3,35,478,0,0,1
629,47,10,1,65831.12492619437,0,84.62472262392104,1,56,717,1,0,1
630,44,19,28,133292.20526065177,1,81.26703880832754,1,44,377,0,0,1
631,52,15,20,116965.4802507876,1,96.28741395823835,1,47,625,1,1,1
632,57,11,14,43260.18252006748,3,55.91383249095123,2,33,656,0,0,0
633,25,12,19,92622.6820864513,3,51.407085102691006,3,52,715,0,0,1
634,63,10,26,103871.59715124578,1,43.17928398961936,1,37,814,1,0,1
635,64,18,17,98288.75956480845,1,19.60064907019943,3,44,513,0,1,1
636,51,17,14,77742.73805936685,1,59.39768712379213,2,32,373,1,1,1
637,64,11,18,129646.81877857973,4,31.316189810967984,2,59,808,1,1,1
638,40,17,22,104539.39158155197,3,92.52421366023268,1,44,631,0,0,1
639,35,18,23,110555.9251919947,1,60.40312640632427,1,42,392,0,0,1
640,40,10,11,57799.097419460486,2,61.31981714827047,4,38,818,0,0,0
641,30,14,12,74878.6929238906,2,38.71784278331595,3,31,568,0,0,0
642,56,17,21,96035.44113752735,4,9.938988437882212,1,53,675,0,0,1
643,55,11,10,96283.84556656785,4,8.015657710433919,4,37,303,1,1,1
644,54,13,4,96808.66237916308,0,45.216838694553765,3,58,437,0,0,1
645,38,16,28,114289.85906194017,0,13.033710919237596,1,59,530,1,1,1
646,39,12,0,86274.98054117756,0,62.65046077631322,4,49,828,0,0,1
647,37,14,23,94762.57603709547,4,88.69243553576746,4,46,351,0,1,1
648,60,17,2,85073.5153912142,4,88.8769075692786,3,42,624,0,1,1
649,33,19,21,104065.99260965749,4,67.60931396256208,4,30,576,1,1,1
650,34,12,18,93550.65695769756,2,25.067023989928447,3,31,835,0,1,1
651,50,13,22,107145.54390199654,4,86.98469897909284,3,59,785,1,0,1
652,20,18,28,119356.80094973589,2,89.17887635475478,3,44,815,1,0,1
653,22,16,29,132653.02012875705,0,23.682090570531077,2,41,451,1,0,1
654,35,10,6,86355.66738869215,0,75.05547814821433,4,43,782,0,1,1
655,42,13,11,90835.50570170677,0,32.21935714807668,3,54,558,1,0,1
656,30,13,14,94968.16732654595,1,81.25082967352832,1,58,623,0,0,1
657,31,18,24,121465.67879541389,1,99.73760049084225,2,31,467,1,0,1
658,29,15,4,88293.71329890861,3,7.852470506292317,2,47,609,0,0,1
659,51,18,14,96377.23587713658,3,90.24975725013853,4,51,778,1,1,1
660,35,15,7,72325.42983345584,3,64.14990069187252,3,36,355,0,1,0
661,27,15,9,98722.0041814608,1,97.47134882065801,4,58,772,0,0,1
662,57,14,25,95218.35275356582,1,49.17590416501062,2,52,595,0,0,1
663,31,14,15,117496.83868730057,3,85.50185340428051,3,58,760,1,0,1
664,43,11,7,70886.352867802,3,10.927436516836337,1,54,623,1,1,1
665,47,17,0,100828.44039491942,4,36.851509757438095,3,35,440,0,1,1
666,27,17,11,92653.21670759501,3,11.366571086364948,2,43,561,1,1,1
667,47,10,4,50966.05981155958,4,97.6575976805117,1,37,719,1,0,0
668,55,17,2,94707.01001893941,2,82.6125211908245,3,56,540,1,1,1
669,45,14,0,67904.8123758673,1,85.9920050183672,1,51,654,1,1,1
670,27,11,3,67310.24156614291,3,94.10669698621994,1,31,479,1,1,0
671,47,11,7,75682.60546694104,1,13.08483118137961,2,46,365,1,1,1
672,47,15,2,94094.51045359804,1,41.63177128876667,1,34,647,1,1,1
673,56,18,9,99463.82842610547,1,11.748314459180202,4,43,470,0,0,1
674,60,10,1,59421.22028651934,2,25.02534464725272,2,54,773,0,0,0
675,55,15,10,89704.96445268099,0,26.789748818578875,4,53,833,1,0,1
676,46,18,24,127095.94949142094,3,49.565185049519975,1,59,666,0,0,1
677,36,17,9,122780.71126145232,0,30.513405908096047,4,58,406,0,1,1
678,28,15,20,105591.23188060039,0,14.592920147687304,3,49,738,0,0,1
679,52,12,13,78788.46889876944,0,20.911653463940233,1,50,526,1,0,1
680,39,17,6,116360.98573589089,1,18.99117853744864,3,58,743,1,0,1
681,32,18,26,122636.3403333172,4,97.44229580166834,4,50,741,1,1,1
682,47,10,26,119741.45435667549,1,77.13278815725499,3,51,695,1,0,1
683,48,18,1,85506.26981628918,1,96.93733920060839,1,32,383,1,1,1
684,32,15,8,77852.27895213405,0,46.77534621825131,3,34,312,0,1,0
685,54,15,15,106681.07699303608,1,31.445005757952377,4,45,792,1,1,1
686,25,13,12,94853.04566488009,0,80.83785373487274,4,47,567,0,0,1
687,37,10,8,75077.18851161403,4,35.994122213908945,4,55,824,1,1,1
688,24,19,19,110807.50773261068,3,33.441420502008086,1,46,419,0,0,1
689,44,17,3,86220.2082046821,0,27.088069259743964,4,40,652,1,0,1
690,21,11,21,105787.09252819009,4,17.31950293130236,1,46,356,1,0,1
691,29,10,9,88411.90411490189,3,29.363990796592766,3,45,339,1,1,1
692,49,11,25,88788.3602955312,2,38.75537610501933,4,55,635,1,1,1
693,64,10,25,83762.18882089292,0,69.02944977384439,3,52,472,1,0,1
694,24,10,21,88605.6493958543,0,10.9436600108479,2,31,846,1,1,1
695,52,18,11,93742.38131727936,2,24.99815926820758,3,33,558,0,1,1
696,20,10,16,100321.78931999193,2,81.85724582770926,2,50,816,1,1,1
697,37,13,13,96251.67952140543,0,18.95758274045822,3,36,822,0,0,1
698,51,19,13,118502.72020220917,2,37.551288919639546,1,31,416,1,1,1
699,30,15,24,104134.96815704239,1,87.14259757652331,3,59,483,0,1,1
700,40,16,1,71149.81373066053,3,19.717904558627055,1,35,415,0,0,0
701,45,11,20,79959.78994613794,3,12.85999938372804,1,46,461,0,1,0
702,44,15,24,110189.55124499615,3,51.03110953260103,4,36,842,0,0,1
703,41,16,19,108639.79008166636,1,33.72985357146096,1,54,536,0,1,1
704,46,19,10,65269.757514277,2,58.52379462596614,2,34,365,0,1,1
705,32,19,15,98964.4074358219,4,81.36146459593014,4,34,369,1,1,1
706,52,11,18,98588.09719853054,2,18.0291063745106,4,49,746,0,1,1
707,53,11,22,95326.47520714949,0,60.166413032657076,3,45,715,1,1,1
708,60,19,5,99798.65618252441,3,53.023332237037074,1,48,831,1,1,1
709,54,16,23,85262.0902780515,2,18.68748467125396,1,38,740,0,0,1
710,20,10,18,105401.48470523774,4,64.27985612525333,2,34,763,0,1,1
711,40,17,4,94654.09940630017,0,30.995839696773306,3,37,695,1,1,1
712,25,12,25,70827.3037407366,1,51.344260261681185,3,38,694,0,1,0
713,47,15,3,80770.74996973232,1,12.815870806320879,4,34,625,0,0,1
714,36,18,14,101667.778723017,4,48.66048543529419,4,39,390,0,0,1
715,24,15,28,99100.31740295087,0,34.114029464067926,4,54,369,0,0,1
716,50,18,3,88348.14343207114,3,83.12621506260867,2,31,465,0,1,1
717,24,16,19,125693.23539189248,2,10.412979064749987,2,38,513,0,1,1
718,57,18,9,85596.079535895,0,44.76769111724134,4,40,634,0,0,1
719,22,11,23,97999.03117342482,1,48.55098529248661,3,33,668,1,0,1
720,42,17,21,108435.20012246215,4,73.87557724841628,2,51,348,0,0,1
721,56,17,2,103046.48401550722,4,59.557319633570046,3,51,351,1,1,1
722,56,11,25,98948.1128289655,2,68.38517203344719,3,51,588,1,0,1
723,29,13,4,55558.26649772612,4,78.81968213691684,1,31,538,1,1,0
724,29,16,5,102217.2695797442,4,86.90928249752793,4,52,432,1,1,1
725,38,13,20,91150.18252976611,0,34.8181721886347,1,58,465,0,1,1
726,36,13,21,119327.31281791562,3,56.11215700957078,4,35,673,1,0,1
727,40,15,7,101171.0268626413,2,84.81026745172399,4,56,672,1,1,1
728,33,19,6,85066.71607868551,0,98.99785744168037,3,43,777,1,0,1
729,28,15,20,107654.55746013598,3,89.5043345491575,4,30,778,1,0,1
730,20,19,9,101847.69499207093,0,40.2893899493158,3,47,599,1,0,1
731,64,12,5,75001.87562830106,0,23.54081913577179,3,36,381,0,0,0
732,32,18,13,80212.34480585222,4,51.49229105362593,4,30,386,0,1,1
733,23,19,3,55054.51811080123,3,75.455937924424,3,30,524,1,1,0
734,20,11,27,101476.18546942424,2,51.794061721563274,3,30,315,0,1,1
735,59,15,24,84532.98947199597,2,50.902182014798505,3,53,657,0,1,1
736,51,16,12,74868.99052209077,3,84.63189000277106,2,33,462,1,0,1
737,53,18,19,105526.00035718502,4,39.333359011382704,3,33,813,1,0,1
738,47,12,16,89655.82927221197,1,86.68049410710634,2,58,649,1,0,1
739,50,19,22,116174.95525734354,0,43.646456090413736,2,47,763,0,0,1
740,27,12,6,67985.46303878308,4,36.18214503944225,3,56,674,1,1,1
741,58,16,3,76866.6573247329,3,48.129041563971406,3,40,391,0,0,0
742,45,13,28,113579.16252066719,0,77.4324610741125,2,56,480,0,1,1
743,53,17,13,77379.4026286102,2,16.970192647079458,2,30,600,0,0,1
744,22,16,2,119112.46089073674,1,23.659825507841653,3,57,488,1,0,1
745,31,14,23,86669.2783848894,2,95.38725843799374,3,39,613,0,0,1
746,20,16,4,105092.66659017713,3,21.67170460122895,4,38,792,1,0,1
747,63,12,15,93536.2120686305,0,58.934095203450184,2,52,427,1,1,1
748,24,11,25,67971.12279213549,3,60.034874332884094,2,33,818,1,1,0
749,49,15,22,94870.77167632655,0,51.514323894773256,4,57,725,1,1,1
750,49,11,19,87828.64940323081,4,66.25079861479776,2,35,486,1,1,1
751,36,12,3,102149.95934083767,1,26.83353895077375,1,59,849,0,0,1
752,42,15,23,127671.51121744089,4,57.50291543879108,2,45,752,0,0,1
753,34,14,29,101405.45796647665,4,40.35645924845523,4,31,770,0,1,1
754,56,17,23,91948.42430434262,3,67.85838966477296,1,52,523,0,1,1
755,40,18,1,95256.46437714872,1,18.416236620449197,3,47,453,0,0,1
756,33,12,29,90660.11216961019,0,59.23335459975024,4,39,650,1,0,1
757,21,19,17,120252.8401298475,0,22.600683761415752,4,53,446,1,1,1
758,30,12,18,83804.32716412033,2,31.471090995928456,3,53,648,0,1,1
759,58,12,27,74367.5748909158,0,25.777431030740406,4,46,481,0,1,0
760,57,15,27,126134.3554399216,3,22.369589087537626,2,42,478,0,0,1
761,53,10,18,86931.62200990791,4,83.44254039826336,3,53,338,1,1,1
762,57,16,16,100637.7940608595,4,32.14221892778458,4,47,302,1,1,1
763,53,10,13,98796.6826497367,4,93.07675927712269,3,51,363,1,1,1
764,37,14,18,122325.54964458216,1,97.14301990779313,3,42,328,0,1,1
765,49,19,21,122837.72255003316,0,59.26974464402425,3,46,671,0,1,1
766,34,17,23,104115.76891039197,3,18.585106653244008,1,34,822,0,0,1
767,46,13,12,94913.98898564558,1,40.58208312106022,4,40,396,0,1,1
768,53,14,11,80039.02609979642,2,80.78456501808033,1,36,741,1,0,1
769,57,13,29,112546.6097160335,3,39.90211922622169,4,58,502,0,1,1
770,52,13,25,102009.62278094952,3,13.266635738764931,2,39,710,0,1,1
771,43,17,5,77305.89282104411,3,57.894566538177855,2,46,320,0,1,0
772,34,11,20,89553.27975856198,4,85.28648089212331,2,44,401,1,0,1
773,49,10,3,78475.87744862732,3,80.61300677863272,4,47,345,1,0,1
774,61,12,18,107173.41854801407,0,21.636698312383558,3,52,365,0,0,1
775,36,18,15,110614.2248179805,3,68.91263836918434,3,51,463,1,1,1
776,24,13,12,70617.22647756507,4,25.947905026386476,1,48,410,1,1,1
777,48,19,3,118152.39834987203,3,25.729715782456363,1,59,637,1,0,1
778,23,14,29,128792.3774886076,2,88.03681846399259,2,55,422,1,0,1
779,29,11,22,88621.84635120208,2,28.718550510321865,1,31,746,1,1,1
780,36,13,16,103332.20553062097,4,30.008497919211063,4,55,590,0,0,1
781,29,11,22,89998.58988725621,0,5.062072122323458,4,33,711,0,1,1
782,36,11,0,77393.68703007579,0,87.71355824192418,1,32,580,0,0,0
783,39,13,17,77271.09694525607,1,80.2965072548678,1,36,342,1,0,0
784,43,15,19,121907.09648768316,4,64.59624883361441,1,53,785,1,0,1
785,24,16,16,109219.35179855986,3,76.27524757419002,1,47,350,1,1,1
786,53,19,26,123409.27617826703,4,19.44461390532672,2,39,509,1,1,1
787,25,12,27,96497.16977932176,1,48.540741485819666,2,36,425,0,0,1
788,21,12,26,74392.4303361029,4,38.365841798134184,1,37,791,0,1,0
789,32,19,14,111063.58200209073,4,13.908769994416566,4,35,808,0,1,1
790,62,15,10,74247.46017169085,1,51.182396095417786,2,51,557,0,1,0
791,62,12,24,117316.07656424066,0,92.47026678255037,4,55,487,0,1,1
792,30,11,27,81477.81093202585,3,8.805616309815976,3,30,529,0,0,1
793,42,17,21,79059.83085044542,1,32.68878678191042,4,33,488,1,1,1
794,35,14,12,92279.17610872586,2,24.71638893954183,1,43,714,1,1,1
795,50,10,0,91860.81165316404,0,27.62393209824115,3,46,309,0,0,1
796,30,12,16,77450.87965229267,2,91.30128242854065,2,49,413,1,1,1
797,35,19,5,121012.19135830953,0,49.466560152257564,2,47,375,0,1,1
798,27,17,3,94386.185945996,3,49.29844422928279,3,40,801,0,1,1
799,23,13,19,102988.65853382557,3,77.25468603325182,4,58,384,1,0,1
800,59,16,15,92981.79818738991,4,19.67675938046795,2,50,348,0,0,1
801,23,19,14,102447.0292911026,2,51.290208639504826,1,55,794,0,1,1
802,44,11,26,106660.07866418833,0,45.848595341500676,3,43,686,0,1,1
803,22,16,14,105105.2870976893,3,61.70651560193233,1,38,688,1,0,1
804,51,14,5,79599.6576447791,1,99.95798180879166,3,56,517,1,0,1
805,22,14,14,78497.41784383875,3,78.09764493779447,2,44,645,1,0,1
806,46,15,13,91152.73563433922,1,42.79724178665558,4,41,529,1,1,1
807,48,18,27,132223.55313955844,0,83.61753996603446,3,39,554,0,1,1
808,51,15,10,75185.8101692187,3,21.217294514685616,3,48,535,1,0,1
809,38,17,6,114242.46216117401,3,7.894050199351212,1,53,325,1,1,1
810,40,16,8,97413.0677046917,0,24.42259538410594,2,48,560,1,1,1
811,24,18,25,81841.95796107803,3,37.33909783085467,1,35,570,0,1,1
812,37,13,15,88900.25537858186,1,53.50517195865819,2,49,422,1,1,1
813,47,11,4,89473.15767653339,3,63.437268351413984,1,53,556,1,1,1
814,61,16,24,137451.83201884292,2,91.50754313537007,3,56,720,0,1,1
815,41,15,19,72917.60260391182,4,53.43613090729348,1,35,558,0,1,0
816,40,10,28,53081.29354719891,1,52.62118623944429,4,37,346,0,0,0
817,25,18,9,70368.0534714718,2,9.773085933183303,2,30,824,0,0,0
818,20,18,17,128540.40274288053,0,8.316597502341262,2,51,507,1,0,1
819,24,11,2,48725.86457487093,1,57.36019638205535,3,46,610,0,0,0
820,60,12,12,108627.45995026117,4,46.626968258592726,2,46,448,1,0,1
821,31,14,10,107986.02734027238,4,84.72213752312837,4,53,737,1,0,1
822,45,14,16,101352.3156035601,0,20.264560547625294,1,44,454,1,0,1
823,53,10,29,90735.9049497386,0,7.3723079011197115,3,36,389,1,0,1
824,33,17,29,117945.97523958905,1,47.65868295336196,4,48,657,1,0,1
825,45,17,21,118288.2871375283,3,27.56046289146446,2,51,473,0,1,1
826,64,13,12,105391.47869752001,0,9.713365467189558,2,54,516,1,1,1
827,46,16,5,115903.04873652535,3,73.83683725052475,4,52,755,1,0,1
828,28,19,16,109818.39650280561,2,15.60133499593851,1,57,498,1,1,1
829,45,12,26,72347.83777061812,4,62.79035250073831,1,32,785,0,1,0
830,41,15,12,78255.8030797254,3,31.69972626585447,3,59,832,1,0,1
831,49,19,18,88766.52473992639,4,21.48212478372709,2,59,499,1,0,1
832,62,19,20,117390.36410416733,3,41.07639467733516,4,58,670,0,0,1
833,36,18,18,103927.6020521041,2,81.1373487411806,1,51,747,1,1,1
834,45,10,9,81377.37455311736,0,42.248889805934404,3,40,547,1,1,1
835,55,14,2,73127.95105415475,2,76.32311667505029,2,49,563,0,0,0
836,20,13,13,85001.43720936388,0,16.921198195919317,2,59,357,1,1,1
837,27,17,25,127294.37402600267,0,78.41328486818252,3,58,601,1,1,1
838,54,10,18,53678.60820899964,4,27.508665866131622,3,48,330,1,1,1
839,34,18,4,75008.44911672181,2,69.35234733944291,1,38,797,1,0,0
840,41,15,28,117359.89001403113,3,58.749247709894654,4,39,548,1,1,1
841,33,13,4,58323.98619269894,2,93.2687481351103,2,31,570,0,1,0
842,45,18,19,102785.3493365947,4,41.79563920765483,4,30,693,0,1,1
843,47,14,16,93931.82891998944,0,11.285692939271843,2,59,801,0,1,1
844,42,14,20,93321.33833617724,4,6.819771127369026,2,45,383,1,1,1
845,33,14,9,97946.22957245138,1,83.55156329241154,4,47,664,1,1,1
846,43,10,4,61089.780965161204,1,54.849885577836055,3,52,848,1,1,1
847,21,10,3,87246.76570492917,3,78.64818492432018,1,55,641,0,0,1
848,64,17,5,90825.28578666181,4,27.270432001093894,2,46,706,1,0,1
849,45,17,25,124457.4352194976,3,37.782955823757206,3,35,724,1,1,1
850,33,15,3,87729.25618169733,3,7.859867860075299,2,43,392,1,0,1
851,26,13,29,92140.61215108275,1,96.34177083454065,1,52,711,0,1,1
852,22,11,6,107497.54377228967,3,68.44745113657727,2,54,731,0,1,1
853,42,11,6,63528.131661110936,1,93.6544833371341,1,44,458,1,1,1
854,62,18,17,103081.55080270278,0,30.22215870576187,1,43,313,1,0,1
855,64,14,2,97706.68175110471,4,63.08904306643778,2,53,672,1,1,1
856,37,13,0,49828.20853035539,3,69.4574969878006,2,51,524,0,1,0
857,57,19,23,128336.67362548455,1,35.167221524470904,1,32,804,0,0,1
858,54,10,24,79458.21674878105,2,85.57037732648486,3,53,372,0,0,0
859,34,16,3,80425.99175366024,3,94.98033897552354,4,52,548,1,1,1
860,44,12,5,85379.80675390911,0,89.0612361811204,1,48,810,0,0,1
861,56,15,8,94113.84402300697,0,75.2113627142404,2,54,515,1,0,1
862,47,14,21,111769.68364806328,2,31.359144573870633,2,41,840,1,1,1
863,29,14,13,62900.21023543249,1,31.753524000035014,3,31,519,0,1,0
864,58,14,27,108085.80878447207,3,96.5192304423736,4,32,520,1,1,1
865,36,10,11,97809.78446090841,1,5.977027113890743,1,47,688,0,0,1
866,58,10,27,121287.15006578821,0,73.02474745800373,1,58,341,1,0,1
867,41,12,24,68050.41914836635,1,72.0933854427499,4,30,582,1,0,0
868,45,19,19,89258.19617305313,0,64.15550639023076,1,49,357,0,1,1
869,63,13,23,96411.34823620971,1,99.06034037825225,4,50,836,1,0,1
870,44,14,24,90356.18596058179,2,34.6285463975539,2,58,372,1,0,1
871,36,11,3,43575.61515576452,4,37.297327060358576,4,35,428,1,1,0
872,32,17,20,96593.07697768637,2,12.499243279922776,1,34,725,1,1,1
873,39,11,29,99158.07927328371,2,47.06582297165506,4,30,424,1,1,1
874,44,18,23,152994.71245480436,4,29.799609992310568,3,48,366,1,0,1
875,23,11,11,84349.04047534155,4,37.6217367068762,2,30,305,1,1,1
876,29,18,9,125569.83399478305,3,84.28432007428462,2,56,613,1,0,1
877,22,16,29,110144.18226514073,3,93.87102878511209,4,50,625,0,0,1
878,60,17,21,118261.25780098478,2,22.644641840492636,1,50,805,0,1,1
879,64,11,27,99288.51714212942,2,40.38834849757926,3,45,381,1,1,1
880,37,16,6,128085.85308070522,0,93.21990340096244,2,41,301,1,1,1
881,55,15,2,82172.54685879032,0,10.87180376547615,2,56,503,0,1,1
882,41,13,22,99061.6729894731,3,13.77425017058096,1,58,703,1,1,1
883,53,16,27,124924.85311611346,3,20.46514397459179,1,51,402,0,0,1
884,27,13,13,90034.83259248723,0,61.5452192420531,3,37,835,0,0,1
885,59,11,23,97672.82666056478,0,19.29486574556976,4,55,667,0,0,1
886,63,19,9,112057.29441918136,1,96.96725623781968,1,45,511,1,1,1
887,38,16,15,105010.89852455519,1,47.437880089559435,4,57,508,1,0,1
888,61,17,15,94644.83877662588,0,52.644206233265805,3,30,416,1,1,1
889,60,11,21,93537.10618785769,1,28.432568501513618,4,33,777,0,1,1
890,56,14,9,56501.128458249936,4,49.74122398129968,2,39,404,0,0,0
891,25,10,24,66207.10036813265,3,67.88179510051609,4,40,794,0,0,0
892,45,16,12,110485.34278827041,3,76.36182801063406,3,46,345,1,1,1
893,53,17,5,84514.70154336534,0,76.61746785744174,3,54,630,0,0,1
894,64,15,11,95010.74699155765,2,59.89965570593839,3,56,515,0,1,1
895,25,14,8,115140.87061062307,0,90.91417862441644,4,52,791,1,0,1
896,56,15,12,86049.30088635221,1,82.6537454940804,2,36,748,0,0,1
897,52,11,3,69002.68924357412,2,76.91957089636942,1,41,835,0,0,0
898,41,10,23,113427.03761444715,1,10.28252455964376,2,50,810,1,0,1
899,40,16,10,80243.35593116377,4,5.653406410866685,4,36,757,1,0,1
900,25,16,19,120284.8138725521,1,25.18249133356993,4,41,846,0,1,1
901,25,19,17,116231.6317204583,4,68.03474142177797,1,44,835,1,0,1
902,23,19,25,132251.80985743296,4,44.063761443841855,4,31,839,0,0,1
903,49,11,10,73483.42461917028,1,43.22859463343462,3,43,783,1,0,1
904,30,11,24,115052.83197394555,1,89.0357543818133,3,42,315,0,1,1
905,49,10,20,90307.45807643267,4,90.07847057252468,3,33,542,1,1,1
906,50,19,3,69050.92174062014,2,91.37165008509065,3,43,506,0,1,0
907,43,17,17,61816.43276988378,4,34.81841726892759,3,43,570,1,1,1
908,28,17,0,71997.08165805857,3,70.65030221022987,4,45,414,1,1,1
909,22,10,26,96344.95949913304,4,30.805152221065114,1,36,598,1,0,1
910,50,17,6,100904.82228201347,2,23.10793414207273,1,48,782,1,0,1
911,59,18,5,84986.77984832402,3,22.540083448000075,3,31,696,1,0,1
912,56,13,14,90873.04831205244,0,37.50022398204143,4,39,693,1,1,1
913,55,10,17,90317.798804543,0,45.84597387908306,2,47,374,1,1,1
914,43,10,23,113771.24844356379,2,83.9401712502315,2,58,781,0,0,1
915,50,12,10,63636.17183175854,4,16.389653879907648,4,46,402,0,1,0
916,25,14,19,97283.45008788843,1,74.81795550251495,3,34,596,1,1,1
917,21,14,23,88384.32001965518,2,55.488216847984006,1,41,477,1,1,1
918,39,18,14,81784.14364642752,3,32.354807554219285,4,35,514,0,0,1
919,47,19,15,123052.56543207163,3,51.81786053061834,2,51,614,0,0,1
920,30,11,6,64576.329014760006,0,33.49449662881715,2,38,338,1,1,0
921,23,11,20,91325.83720412012,3,61.62778574763907,2,49,558,0,1,1
922,34,15,9,112066.71739462251,2,46.2151726712482,3,30,306,0,1,1
923,25,18,25,129040.22825810045,3,20.618525262493478,2,51,348,1,1,1
924,49,10,11,76871.67570145478,2,16.07539208279119,4,44,837,1,0,1
925,57,18,23,108567.59963406916,1,56.936089796852364,4,50,460,1,1,1
926,21,18,13,86055.49461201661,0,90.72923816217983,2,55,475,0,0,1
927,34,18,24,125625.87962284178,3,37.67598022298013,4,35,301,1,0,1
928,30,14,4,98938.52660950855,2,74.6350101861492,2,48,754,1,0,1
929,27,18,25,120420.39267208282,4,67.57282871927785,2,47,575,0,1,1
930,45,13,20,104277.60832916704,0,93.4977168594007,1,35,797,1,0,1
931,64,11,17,75732.47102686773,1,82.99319664341839,3,42,327,0,0,0
932,63,15,4,53839.93837916129,2,58.82749959601898,3,30,632,0,1,0
933,24,13,2,91037.21151294513,1,67.41789733224019,1,52,300,0,1,1
934,25,15,22,118811.03238804675,1,90.34671432548332,1,52,487,0,1,1
935,45,12,25,127957.9860201165,3,42.9542845357588,3,55,355,0,0,1
936,23,15,4,80184.37205307413,3,36.04549705648885,2,42,846,0,1,1
937,38,11,23,88997.37817402804,2,6.027052945343652,2,36,411,1,0,1
938,39,11,16,81734.9793275487,4,83.5223520481891,3,44,609,1,0,1
939,52,18,18,112506.49905457735,2,81.09316653831966,2,41,335,1,1,1
940,39,16,18,101522.50179889558,4,14.923179219514381,1,56,738,0,0,1
941,31,12,24,104226.34113816958,1,59.801451207606526,2,55,624,1,0,1
942,20,10,20,97511.8803022916,0,49.0782613258543,2,30,606,0,0,1
943,45,17,11,88298.58946782569,2,16.27736407336559,4,44,833,1,0,1
944,33,15,24,117459.610702788,2,98.15398157076874,4,33,408,0,1,1
945,57,16,28,118726.5296444477,4,25.396109309018765,4,42,671,1,0,1
946,56,18,8,73566.3282044651,1,11.387247108603308,2,52,656,0,1,0
947,30,14,0,77694.16199944046,1,61.51050105268141,3,56,480,1,0,1
948,55,10,17,58375.23081052647,4,75.19233432763811,1,54,655,0,0,0
949,32,19,20,104645.70265697385,1,8.082127374482761,2,34,367,1,1,1
950,62,16,3,82646.42465423861,3,67.5781756790671,3,58,591,0,0,1
951,22,14,9,95744.43497723342,0,55.56772821538817,2,31,480,1,0,1
952,52,12,24,91544.21597351352,2,14.8101758431296,1,52,765,1,0,1
953,25,18,6,107746.53661352213,0,21.389768309904397,2,55,733,1,0,1
954,29,10,21,92084.83622977513,2,58.95755824502765,1,30,763,0,0,1
955,24,10,22,96200.2241192321,3,33.1539732837624,2,45,833,0,0,1
956,42,10,0,90394.85401549417,1,94.13999422187503,1,52,365,0,1,1
957,29,12,16,113385.31667257889,4,82.78032180098482,2,35,320,0,1,1
958,63,15,23,105757.18490954611,3,98.43888461879799,1,52,683,0,1,1
959,21,19,28,126594.25626834107,0,29.66872970028933,4,45,338,1,0,1
960,32,12,28,83939.65843672794,4,97.12374511580782,2,43,584,0,0,1
961,59,17,1,78908.78790814147,1,45.967217630198,2,58,635,1,0,1
962,21,19,27,137106.7304772506,3,38.01428555480669,3,55,487,1,1,1
963,39,11,25,104533.72233844595,4,9.783205062088559,3,32,542,0,0,1
964,20,18,10,83055.06691259795,3,10.012699496662249,1,44,372,1,1,1
965,56,12,8,54339.638396611306,3,70.74106931493219,2,32,778,0,0,0
966,28,14,6,79343.78520622951,1,48.50325447123265,1,52,400,0,0,0
967,36,19,21,115053.35273481684,2,26.51955447343004,4,58,813,0,0,1
968,28,17,16,86196.74491770648,4,63.3271791008971,3,31,475,1,1,1
969,30,11,16,85456.64696329576,1,29.021521233760563,1,30,537,0,0,1
970,34,15,1,90762.18685245307,3,59.87501666272015,1,38,358,0,1,1
971,43,14,5,88475.3241331563,1,39.124830963355585,3,38,398,0,0,1
972,57,19,13,112379.94188885571,2,83.23746152812281,2,52,794,1,0,1
973,54,18,5,47078.647320224634,4,82.96613527284404,1,36,813,0,1,0
974,49,14,1,49774.04030713235,2,50.348287821628126,3,32,596,1,0,0
975,50,11,0,69136.75711596782,0,38.32781538682648,2,55,510,1,0,1
976,24,14,9,77556.9362439517,4,39.44318067311398,4,47,422,0,0,0
977,63,13,20,106020.27352716448,2,81.5428799384807,3,40,528,1,0,1
978,33,16,4,70007.62598468937,3,36.17705086577314,1,36,687,1,1,0
979,30,15,1,87760.882895253,4,24.86064050215037,4,38,439,0,1,1
980,28,11,21,74071.14429399782,4,13.045392478154149,2,30,840,0,0,0
981,53,14,15,83019.94336490682,1,49.335846484018795,2,58,690,0,0,1
982,31,16,24,88643.12764447388,3,50.80254939738498,3,43,569,1,1,1
983,54,16,1,119629.68102492453,0,84.88632748827618,3,49,311,0,0,1
984,54,14,9,73088.64166423128,2,26.017676162376077,3,35,688,1,1,0
985,20,18,1,95805.09958298021,1,41.19417099849799,2,36,636,1,0,1
986,59,13,15,65037.09629400196,2,81.79854519490064,4,39,805,1,1,0
987,41,12,15,108121.72291162341,0,83.24424302115249,2,36,405,1,1,1
988,48,13,18,108658.71456505655,0,41.53805221798298,1,55,331,1,1,1
989,27,14,28,102178.84392128157,4,48.61678221223468,2,31,373,0,1,1
990,30,15,6,102516.8018656157,0,33.812159630681876,1,59,470,0,0,1
991,60,12,21,96180.36019418853,2,93.59271344983465,4,33,368,1,0,1
992,56,11,11,100322.4509954007,3,16.27115774545013,3,50,661,1,1,1
993,33,13,23,94828.2289676076,3,93.70619518513965,3,59,732,0,1,1
994,49,14,14,86137.8099472003,4,69.9673129243576,2,57,399,0,1,1
995,54,13,7,85963.39044545905,2,55.49935450523947,3,46,308,1,1,1
996,40,12,5,85361.28586754829,2,8.102610774527108,4,30,328,1,0,1
997,56,17,27,109991.08594550812,0,50.181638223090786,3,39,413,0,1,1
998,24,19,26,128421.72343822356,2,43.73606997525957,2,48,761,0,1,1
999,38,13,9,98251.76238364693,1,20.315787137636644,4,44,442,1,1,1
