,Total Revenue,Total Expenses,Gross Profit,Number of Employees,Number of Bank Accounts,Number of Countries Operational in,Number of Transactions,Average Transaction Value,Account Suspension/Termination,Customer Complaints,Regulatory Actions,History of Fraud,label
0,7501678,382641,325094,253,8,3,22576,189,True,False,False,False,0
1,9423336,264376,423982,322,2,3,97474,204,False,True,False,False,1
2,6633327,494420,174046,322,2,3,87659,440,False,True,True,True,0
3,3596513,281969,444048,173,3,3,63238,219,True,False,False,False,1
4,4375552,460968,448636,272,8,3,85995,326,False,True,False,False,1
5,2107695,477362,332789,309,5,3,47045,175,True,False,True,False,0
6,6444104,124621,469391,332,7,3,48070,481,False,False,False,False,1
7,6991270,152775,287017,356,8,3,26852,163,False,False,False,False,0
8,8293186,206226,104549,457,9,3,85831,140,True,True,True,False,1
9,7089833,456075,352800,226,4,3,82004,346,True,True,True,False,0
10,6707348,166804,274613,252,2,3,47643,231,True,False,False,False,0
11,5598752,434184,228630,134,10,3,55024,341,False,True,True,True,0
12,8104961,456438,269666,495,1,3,27102,388,False,True,True,True,1
13,2024539,187116,304957,327,4,3,34267,484,False,False,True,True,0
14,7783511,459969,379718,234,7,3,33029,142,False,False,False,True,0
15,5379740,425787,398817,231,1,3,93795,226,True,False,True,False,0
16,2308434,390334,349769,287,9,3,60333,275,False,True,True,False,0
17,1850333,104648,395071,338,4,3,64754,422,True,False,False,False,0
18,1217785,420902,282991,255,2,3,53805,427,True,False,False,False,0
19,9368867,296974,227414,346,4,3,24765,193,False,False,True,False,0
20,6717517,112708,325499,139,4,3,88713,232,True,True,True,True,0
21,6631292,235301,242514,161,8,3,42307,371,True,False,False,True,0
22,6985199,254683,417649,248,4,3,32209,246,False,False,False,True,1
23,3298795,395818,354107,165,6,3,25179,380,False,True,True,False,0
24,9528253,143660,101975,407,2,3,58314,291,False,True,False,False,1
25,5227838,219891,311630,239,5,3,35712,221,True,False,False,False,0
26,9718325,141573,447292,117,8,3,49955,351,False,False,False,True,1
27,3995757,372996,135415,484,10,3,22659,422,False,True,False,False,1
28,8477734,183370,135202,164,2,3,49798,423,True,True,False,False,0
29,1927366,450779,493007,343,9,3,14582,269,True,False,False,True,1
30,5637392,316891,465912,369,5,3,56329,209,True,False,True,False,1
31,1694147,418131,456357,420,4,3,90729,314,False,True,True,True,1
32,4116333,454417,486356,296,7,3,76579,197,False,False,True,False,1
33,3115297,418745,457987,227,3,3,99343,461,False,False,True,True,1
34,2372994,283664,171979,286,4,3,75921,354,False,False,False,False,0
35,5665189,316862,316388,393,9,3,34963,184,False,True,True,False,0
36,7066866,235792,262218,344,3,3,13636,100,False,False,False,False,0
37,3428473,206512,366453,307,7,3,35969,417,True,True,True,True,0
38,4675086,483551,425674,442,5,3,32196,268,False,False,False,True,1
39,6068901,438201,220059,169,3,3,72066,316,True,True,True,True,0
40,1713236,130761,365285,122,9,3,87686,408,False,False,False,True,0
41,6241789,124782,259943,380,3,3,33586,120,False,True,True,False,0
42,6274884,184087,131629,267,1,3,48348,211,False,True,False,False,0
43,8246105,168371,309234,241,2,3,80265,252,False,False,False,True,0
44,6606624,427429,411000,356,5,3,37208,491,False,True,True,True,1
45,3891847,464178,275106,394,1,3,67161,297,True,True,True,True,0
46,6581787,446816,244715,243,9,3,82517,321,False,False,True,True,0
47,6096913,249280,429075,447,5,3,55007,158,False,False,True,False,1
48,2518273,463759,191602,320,6,3,31696,286,False,True,True,True,0
49,6789812,208112,499092,481,2,3,96204,406,True,False,False,True,1
50,8475344,173333,308403,394,6,3,42844,262,True,False,True,False,0
51,7037407,314817,217396,256,4,3,68819,458,True,True,True,True,0
52,3517318,275984,256671,143,2,3,11556,378,True,False,False,False,0
53,2020612,286467,461739,333,7,3,17841,313,False,True,False,False,1
54,1078029,441583,438442,393,10,3,11158,401,True,True,True,True,1
55,8061242,198558,402688,328,4,3,72672,409,False,False,True,True,1
56,8439969,247422,416676,309,3,3,86758,462,True,False,False,False,1
57,7671608,415259,312523,484,4,3,61853,459,True,False,True,False,1
58,6798695,277315,126360,304,10,3,83437,207,False,True,False,False,0
59,6488551,207270,475387,491,5,3,87547,348,False,False,True,True,1
60,1248440,482435,222109,486,6,3,27119,149,True,True,False,True,1
61,8796942,346508,209588,119,4,3,35336,472,False,True,True,False,0
62,7382302,161635,378711,192,3,3,65517,392,True,True,False,True,0
63,6342988,443968,340368,395,5,3,80081,207,False,False,True,True,0
64,2746351,150966,447175,351,5,3,45716,386,True,False,False,True,1
65,8091381,327777,327410,392,8,3,83799,220,True,True,False,False,0
66,4728218,234875,273052,254,8,3,30144,483,False,True,False,False,0
67,5167300,349112,255175,234,8,3,50962,279,False,False,True,True,0
68,2525687,188988,369882,354,8,3,44519,338,True,True,True,True,0
69,1868001,180969,137604,247,1,3,63160,304,True,False,False,True,0
70,4786252,411830,440041,383,1,3,30142,121,True,False,False,False,1
71,1405313,204620,273617,368,6,3,41970,380,False,False,True,False,0
72,9272978,215474,179622,182,8,3,46194,235,False,True,False,False,0
73,1157375,442295,293252,102,10,3,94234,170,True,True,True,False,0
74,7222175,383173,471590,349,10,3,58052,150,False,False,False,False,1
75,3412960,269565,413962,479,7,3,49384,445,True,False,False,True,1
76,8622968,297773,212691,179,9,3,92141,227,True,True,True,True,0
77,8472696,294026,303318,234,3,3,23798,216,False,True,False,True,0
78,6049052,480006,311039,132,5,3,69036,115,True,True,True,True,0
79,9732703,176775,290634,237,5,3,52297,185,True,True,True,False,0
80,3596396,218175,228692,457,3,3,96464,335,True,False,True,False,1
81,9729651,199947,392494,235,6,3,75263,127,False,False,False,True,0
82,9386465,221251,187248,354,4,3,16162,192,False,False,True,True,0
83,5741860,214915,488125,238,9,3,46980,200,False,False,False,True,1
84,8606452,137699,197516,207,2,3,88205,354,True,False,False,True,0
85,4247823,228456,232462,320,8,3,57115,229,True,True,True,False,0
86,4020537,176438,205038,132,4,3,58861,243,True,False,False,False,0
87,7978701,275735,119469,356,3,3,52571,147,False,False,True,True,0
88,1468152,337209,170798,354,8,3,65887,493,True,False,False,False,0
89,5188268,183721,304398,109,3,3,38008,491,False,True,False,True,0
90,8468496,157391,195507,423,2,3,75059,338,True,False,False,False,1
91,7818844,219827,462511,435,4,3,61436,443,True,True,False,True,1
92,8428243,105805,439991,308,7,3,54593,386,False,True,True,True,1
93,3065376,382580,275786,233,9,3,40509,301,True,True,False,True,0
94,3131052,312595,284735,455,9,3,29022,347,True,False,True,True,1
95,8586598,393126,318753,276,10,3,12068,474,True,True,True,True,0
96,8947426,458178,219332,245,1,3,67929,157,False,False,True,True,0
97,2797925,440179,278044,410,7,3,60425,147,True,False,True,False,1
98,1969865,245226,460017,295,5,3,53145,341,False,True,False,False,1
99,9569928,306156,354737,335,3,3,23780,412,True,False,False,False,0
100,4043329,169381,273264,353,3,3,27437,469,True,True,True,True,0
101,6104584,150264,444711,422,10,3,63235,185,True,False,True,False,1
102,8021475,370473,115809,446,1,3,72410,224,True,True,False,True,1
103,4283905,486832,150378,201,5,3,31805,328,False,False,False,False,0
104,4090790,344250,280103,462,9,3,22020,127,True,True,False,True,1
105,3434884,470794,160506,254,9,3,71338,367,True,False,False,True,0
106,5722422,230593,183249,379,4,3,53385,372,False,False,False,False,0
107,3376043,373388,283229,489,2,3,93308,282,False,True,False,False,1
108,8151183,427446,341710,464,10,3,46092,288,False,True,True,False,1
109,2488633,102874,293369,115,4,3,55074,376,True,True,True,True,0
110,5488376,296492,269728,390,1,3,81089,280,True,True,False,True,0
111,4209562,260854,215906,439,3,3,59045,498,True,False,False,True,1
112,9781646,301256,427957,474,9,3,10602,345,False,False,False,False,1
113,1326888,237536,223674,235,6,3,65272,127,False,True,True,True,0
114,5399102,366647,377696,463,8,3,41212,227,False,True,False,True,1
115,4196028,435657,229447,103,7,3,14814,189,True,False,False,True,0
116,9734059,432193,319633,187,3,3,11630,109,False,True,True,False,0
117,3538276,296098,328029,236,5,3,50002,103,True,True,True,False,0
118,3820117,447985,336993,271,3,3,96411,121,True,True,False,False,0
119,2058975,271528,475909,291,10,3,41679,454,False,True,False,False,1
120,3569026,144982,157949,332,3,3,66121,321,True,True,False,True,0
121,4490221,316663,156740,463,3,3,44214,370,False,True,True,False,1
122,8816245,229255,479824,100,8,3,60599,407,True,False,True,True,1
123,6929088,215702,401289,231,7,3,17706,258,True,True,False,False,1
124,1019134,416503,335984,257,7,3,78998,281,True,True,True,False,0
125,2369543,167945,183356,158,2,3,68804,180,False,False,False,False,0
126,8186301,269215,295455,472,6,3,64533,465,True,False,False,False,1
127,6876608,379005,337589,339,1,3,99385,183,False,False,False,False,0
128,5601287,118027,337212,484,8,3,33884,264,True,False,True,False,1
129,3695516,135240,101881,203,10,3,85835,187,True,True,True,True,0
130,7452420,387168,313217,218,1,3,62801,312,False,False,False,True,0
131,9587662,283660,414632,175,7,3,24935,376,True,False,False,True,1
132,7100225,478167,337548,111,5,3,23562,411,True,True,True,True,0
133,4529542,292246,287778,261,5,3,52642,234,True,True,True,True,0
134,5295351,354566,190538,400,1,3,93995,202,False,False,False,True,0
135,1343811,212784,302018,141,5,3,61097,163,True,False,True,False,0
136,7282304,369439,482515,331,9,3,86659,499,False,False,False,False,1
137,1110165,397849,391610,117,3,3,56485,356,False,False,False,True,0
138,1038877,459421,112370,132,6,3,40872,105,False,True,False,True,0
139,5184123,332893,132270,393,2,3,90576,430,False,True,False,False,0
140,3012705,367967,492806,251,1,3,46838,486,True,False,True,False,1
141,3215485,214604,453253,123,8,3,40429,308,True,False,False,False,1
142,5300759,154466,196764,471,1,3,84771,376,False,False,False,False,1
143,1001380,464801,113088,365,1,3,53421,369,True,False,True,False,0
144,1970191,412668,175607,245,7,3,12951,275,False,True,False,True,0
145,4026704,348882,353482,141,5,3,30840,325,True,False,True,False,0
146,6998248,123258,227408,433,4,3,69546,486,True,False,False,True,1
147,4790005,489759,149384,166,9,3,34171,158,True,False,False,False,0
148,5969468,385223,373385,364,5,3,84136,291,False,True,True,False,0
149,9675146,391087,177570,360,8,3,22407,118,False,True,True,False,0
150,9828522,481969,300331,142,7,3,47681,267,True,True,True,False,0
151,1755810,140022,270119,114,1,3,42648,452,True,True,False,False,0
152,4978410,129758,478537,310,2,3,73869,244,False,True,False,True,1
153,5570978,170841,457257,324,6,3,91413,405,False,False,True,False,1
154,6995467,377403,404756,201,6,3,97999,241,True,True,True,False,1
155,3541645,484758,396953,325,1,3,97579,137,True,True,False,False,0
156,1847925,253147,290190,344,4,3,54772,248,True,True,True,False,0
157,9333324,258961,240030,452,5,3,75752,134,True,False,False,False,1
158,7380598,296500,401207,317,10,3,45544,107,False,False,True,True,1
159,7427235,291165,446337,459,3,3,51968,248,True,False,True,True,1
160,2669911,150665,191539,273,8,3,94083,255,True,True,True,False,0
161,7786963,435862,393585,260,5,3,51254,495,True,False,False,False,0
162,4848068,184031,403588,388,6,3,48612,394,True,True,False,True,1
163,2290242,444012,170895,253,9,3,84693,390,True,False,True,True,0
164,7563669,110724,286634,253,10,3,31933,255,True,True,False,True,0
165,3048873,199447,206769,404,7,3,50196,171,False,False,False,False,1
166,2689242,290194,235804,460,4,3,20449,463,True,False,False,False,1
167,4391469,176074,273424,181,3,3,18997,190,False,True,False,False,0
168,8979015,142567,391968,124,7,3,18095,109,False,False,True,False,0
169,3332670,259632,449052,494,8,3,85048,499,True,False,False,True,1
170,6790446,448604,155344,445,10,3,78939,397,True,True,True,False,1
171,8540891,226405,440545,446,10,3,87319,365,True,False,True,False,1
172,2525405,353435,175135,136,7,3,21664,364,True,False,True,True,0
173,5370420,115094,293297,113,4,3,63179,482,True,True,True,True,0
174,6717670,328965,318096,474,1,3,66909,485,False,True,True,False,1
175,7511020,348217,290986,154,1,3,39068,254,False,False,True,True,0
176,2625070,396578,403875,370,8,3,96056,302,True,False,True,True,1
177,9742113,456920,299208,429,7,3,20397,114,False,False,True,False,1
178,6443894,112380,280139,169,6,3,86404,227,False,True,True,True,0
179,9129994,127202,315767,396,8,3,14700,136,False,False,True,False,0
180,9397859,185197,418326,190,3,3,41474,409,True,True,True,True,1
181,7177463,223001,420461,234,4,3,13988,144,False,True,True,True,1
182,5622242,213546,130436,141,2,3,44741,454,False,False,True,False,0
183,4306739,352878,176489,111,6,3,72406,400,True,True,True,True,0
184,3645984,398565,192447,438,4,3,93997,230,True,False,False,False,1
185,2259766,130031,474019,167,8,3,89786,362,False,False,True,True,1
186,7511172,232002,196654,470,7,3,75783,435,True,False,True,True,1
187,3081986,309190,462235,241,7,3,34809,359,False,True,True,True,1
188,9135298,116415,332879,295,10,3,86416,354,False,False,True,False,0
189,7304426,410735,156691,482,9,3,67417,252,True,False,True,False,1
190,2864851,282788,242334,249,1,3,74401,434,False,False,False,True,0
191,4180579,213060,407186,177,7,3,93380,178,False,True,True,False,1
192,2486368,131288,323141,431,3,3,83785,251,True,False,False,True,1
193,7552307,206387,297751,271,6,3,95934,362,True,False,True,True,0
194,4800755,233452,131391,200,2,3,84616,210,True,False,False,True,0
195,1358957,231525,496850,321,5,3,91362,414,False,False,False,False,1
196,6068539,291155,174230,419,8,3,37481,236,True,False,False,True,1
197,8178613,206770,442614,107,6,3,68385,125,True,False,True,True,1
198,8767932,475942,363937,275,6,3,85113,376,False,True,False,True,0
199,6708263,288839,298554,357,4,3,41095,167,False,True,False,False,0
200,7582456,407903,353715,307,3,3,51160,426,True,False,True,True,0
201,1787388,256767,290528,428,8,3,35298,267,False,False,False,False,1
202,6691840,285763,482678,419,7,3,59838,442,False,True,True,True,1
203,8174998,342260,178150,440,7,3,30179,475,False,True,False,False,1
204,7472273,322193,166421,165,8,3,45693,223,False,False,True,False,0
205,8621209,300893,399464,234,1,3,69488,142,True,True,False,True,0
206,3394351,187535,256922,210,3,3,20456,210,False,True,True,True,0
207,7551354,275501,135853,337,7,3,42680,479,False,True,False,False,0
208,2166683,259789,225388,115,5,3,39717,314,False,False,True,False,0
209,2620056,315796,210830,417,9,3,80365,294,False,False,True,True,1
210,2146361,257109,302402,113,6,3,30878,314,False,False,False,True,0
211,2457191,382487,281168,324,7,3,98803,469,True,False,False,True,0
212,8093821,256306,139135,469,7,3,99561,364,False,True,False,False,1
213,5988101,280640,229486,437,7,3,36170,426,False,False,True,False,1
214,8668991,211969,341501,399,7,3,99949,145,False,False,True,True,0
215,5870749,324557,263312,118,8,3,77549,373,True,False,False,False,0
216,7997099,465619,150541,107,10,3,52829,375,False,True,False,False,0
217,7167344,317281,244731,296,9,3,83088,278,False,True,False,False,0
218,2567723,450166,274807,125,6,3,81856,208,False,False,True,False,0
219,8146077,302171,265511,288,2,3,51007,344,False,True,False,True,0
220,2194850,170365,124109,439,10,3,48798,477,False,True,False,False,1
221,8844226,457403,311889,175,1,3,72863,269,True,True,False,True,0
222,8842765,291112,252802,115,9,3,90286,404,False,True,False,False,0
223,4285848,452435,373692,218,6,3,23415,300,True,True,False,True,0
224,1094281,342902,228764,195,8,3,15547,238,True,False,False,True,0
225,2302746,224218,158070,423,7,3,19742,486,True,True,False,True,1
226,6859914,330326,302247,136,4,3,95247,214,False,False,False,False,0
227,5355606,259329,446145,333,2,3,76606,276,True,False,True,True,1
228,6941009,352644,277658,124,2,3,65481,313,True,True,False,False,0
229,2506494,377034,367880,271,7,3,43946,373,True,False,False,True,0
230,6585213,219052,245722,310,10,3,69388,116,True,True,False,True,0
231,6679544,289196,223076,325,3,3,69356,192,True,False,False,False,0
232,4754549,338020,358492,122,10,3,94724,339,True,True,True,False,0
233,6320941,380330,438858,369,4,3,49095,176,False,False,False,True,1
234,3795422,234066,201237,277,9,3,31456,354,True,False,False,False,0
235,6087882,170530,106837,249,1,3,31558,441,True,False,True,False,0
236,1495476,408055,397544,146,9,3,57189,251,False,True,False,False,0
237,5059172,425731,420068,378,10,3,23524,370,False,True,False,False,1
238,5648977,417073,315246,414,1,3,39666,478,False,True,False,False,1
239,1940758,286458,301312,202,3,3,70277,110,True,False,True,True,0
240,4791050,166991,422839,394,9,3,43550,204,True,True,True,False,1
241,1644118,383144,415013,367,6,3,99581,498,True,False,True,True,1
242,9404725,108778,298863,344,3,3,27423,259,False,False,False,True,0
243,3710376,246128,253775,382,3,3,60322,244,True,False,True,True,0
244,5712109,181803,113856,306,3,3,75721,440,False,True,True,True,0
245,9131646,402289,120715,373,10,3,33423,465,False,True,True,True,0
246,2138219,277564,354031,156,4,3,45416,328,True,False,True,True,0
247,3339961,498197,127743,350,2,3,48586,202,False,True,False,True,0
248,8710533,321458,323668,256,6,3,56818,348,True,False,False,True,0
249,5633383,149443,441700,147,7,3,63601,410,False,False,True,False,1
250,6295921,207962,292439,331,5,3,73144,129,True,True,True,False,0
251,2840557,136214,435456,189,1,3,13771,101,False,True,False,False,1
252,9987406,404570,262645,178,4,3,88735,332,True,True,False,False,0
253,7964245,124768,125653,445,3,3,62703,452,True,False,False,True,1
254,4786363,175620,245707,292,6,3,92877,220,False,False,True,True,0
255,8506737,222634,135137,222,2,3,23256,169,False,False,True,False,0
256,4234431,213929,218287,306,7,3,28836,160,True,False,False,True,0
257,5678867,454068,115736,499,5,3,93914,260,False,True,True,True,1
258,6403233,107283,384547,319,8,3,95283,199,True,False,False,True,0
259,5719757,280703,331883,346,2,3,32750,135,False,True,False,False,0
260,5051438,338387,290348,430,3,3,14170,252,False,True,True,True,1
261,4534548,241794,135915,151,3,3,55003,375,True,False,False,False,0
262,4929514,427750,288216,166,9,3,88315,304,True,True,True,False,0
263,7155544,154530,218886,441,2,3,73240,157,False,False,True,True,1
264,9514920,411059,471177,478,10,3,67735,364,True,False,True,False,1
265,7054735,170484,282510,499,1,3,96600,434,False,True,False,True,1
266,4675691,430519,205504,495,10,3,45742,359,False,False,False,True,1
267,8736293,226146,420540,200,3,3,98251,286,True,True,False,False,1
268,1980151,235116,167957,183,6,3,70236,361,False,True,False,False,0
269,5359038,207801,252475,152,8,3,82387,370,False,True,True,True,0
270,7210220,154094,205466,155,7,3,68918,196,True,False,True,False,0
271,3236651,304171,403934,407,10,3,60965,215,True,True,False,True,1
272,7818033,269762,301820,179,8,3,62146,119,False,True,False,False,0
273,8832417,101371,379329,436,4,3,95043,197,False,True,True,False,1
274,3509534,276353,222065,233,3,3,54290,433,True,True,False,False,0
275,3733755,340995,496887,248,1,3,97465,195,True,True,False,False,1
276,2659135,169200,144605,422,5,3,53804,246,True,True,True,True,1
277,8129710,223012,464040,268,9,3,35203,183,True,True,False,True,1
278,8663063,113648,122415,154,6,3,70798,491,True,True,False,False,0
279,5295048,123490,173571,378,2,3,55541,331,True,False,True,True,0
280,1184051,259298,417733,408,3,3,84465,369,False,False,False,True,1
281,1505893,201006,407637,420,10,3,75267,238,True,True,False,False,1
282,4052025,197848,231877,436,4,3,36218,392,False,True,False,True,1
283,3855975,190118,220267,246,5,3,19891,426,False,False,True,True,0
284,7881275,306673,181828,153,7,3,35813,473,False,True,True,False,0
285,9601240,223421,261714,298,8,3,61842,425,False,True,True,True,0
286,9470966,164458,317601,481,8,3,43177,409,False,True,False,True,1
287,7561768,460005,476373,449,8,3,63121,195,False,True,True,True,1
288,3620904,293599,475088,484,2,3,58287,290,False,True,False,True,1
289,7206539,119698,185845,125,3,3,52198,458,False,True,False,True,0
290,5273002,123220,139664,253,10,3,83437,214,False,True,False,True,0
291,6705869,457084,452436,257,6,3,42735,193,False,True,True,True,1
292,2934614,455660,118929,329,5,3,30843,482,True,False,False,False,0
293,5361539,233870,371746,294,9,3,60597,106,True,False,True,False,0
294,9527213,358283,471404,448,2,3,85923,404,True,True,False,False,1
295,3650230,284904,309450,306,4,3,59025,111,True,False,False,False,0
296,5282904,250342,133607,476,6,3,28021,230,False,True,False,False,1
297,5354566,280644,312918,143,8,3,83319,414,False,False,True,True,0
298,2747171,343923,444733,462,2,3,89681,316,True,True,True,True,1
299,6523224,423119,386176,336,3,3,22520,373,False,True,True,True,0
300,5055043,356148,379679,140,6,3,89308,245,True,True,False,False,0
301,4248941,157940,288376,144,2,3,13348,227,True,False,False,False,0
302,2183616,335204,189120,174,9,3,54871,194,True,True,False,False,0
303,2167243,436354,172127,384,3,3,54115,357,False,False,False,False,0
304,8303056,343078,344580,373,8,3,54027,278,True,True,False,False,0
305,1254742,383779,155421,124,1,3,24524,168,True,True,True,True,0
306,2469117,403686,454864,416,8,3,10455,386,False,False,True,True,1
307,2191357,119749,343158,451,3,3,55320,195,True,True,True,False,1
308,5520630,102132,172556,156,4,3,43147,274,True,True,False,False,0
309,5705460,321620,414704,162,4,3,54547,264,True,False,True,False,1
310,4151356,327090,352943,429,1,3,14842,347,True,False,False,True,1
311,4494009,279314,112256,311,4,3,34827,331,False,True,True,True,0
312,3059525,457610,259748,293,6,3,48029,177,False,True,False,False,0
313,8594653,119530,179253,486,8,3,27072,234,False,True,True,False,1
314,6106751,332580,406864,297,10,3,95876,208,True,True,True,True,1
315,8267895,294249,285775,417,9,3,29540,325,True,False,False,False,1
316,6554831,338242,387408,341,6,3,43302,333,False,False,True,False,0
317,4487757,445263,382415,105,7,3,26687,276,True,True,False,True,0
318,2920834,461125,419732,130,10,3,83397,116,False,False,True,True,1
319,6367024,394699,364366,105,10,3,84297,139,False,True,True,False,0
320,3253454,276086,329252,396,4,3,24131,365,True,True,True,True,0
321,2303090,241162,276237,159,6,3,22805,211,True,False,False,True,0
322,7617848,418318,237694,109,7,3,52217,233,False,False,True,True,0
323,2147540,497199,365368,135,2,3,38685,148,True,False,False,False,0
324,5110796,254272,209217,349,10,3,60614,384,True,False,True,False,0
325,6528028,281095,335661,485,7,3,53856,260,False,False,False,True,1
326,9256391,480444,424432,446,8,3,27268,233,True,False,False,True,1
327,6081882,273250,309858,267,1,3,17696,222,False,False,True,True,0
328,9218507,261941,263880,363,3,3,59040,489,True,False,True,False,0
329,4001898,380698,408616,439,10,3,20028,138,False,False,False,True,1
330,8908517,382882,135464,208,7,3,59598,208,True,False,True,False,0
331,4371898,379654,370125,415,9,3,38406,461,False,False,True,True,1
332,1384835,440254,102581,172,9,3,24494,243,True,False,False,False,0
333,3631347,143998,499500,319,1,3,69570,158,False,True,True,False,1
334,3790393,347215,454368,149,3,3,53838,430,False,False,True,False,1
335,5834063,448013,114301,410,5,3,29480,127,False,False,True,False,1
336,3490096,189074,491050,152,9,3,24170,172,False,True,True,False,1
337,6253034,202222,305781,461,10,3,95845,294,True,False,True,True,1
338,7620274,337186,172622,308,1,3,47580,160,False,False,False,True,0
339,4412889,480997,404203,491,4,3,46012,472,False,False,False,False,1
340,5288007,385643,301793,243,2,3,18810,398,True,True,True,False,0
341,6610539,487719,259702,429,6,3,49295,223,True,True,True,True,1
342,2147084,436403,188418,148,3,3,34836,408,True,True,True,False,0
343,2270116,472938,179046,431,4,3,18470,125,False,False,True,False,1
344,7265231,271489,282090,314,3,3,38182,278,False,True,True,True,0
345,5736595,195567,100624,366,8,3,49481,421,True,True,True,False,0
346,6595884,240388,104629,381,1,3,89171,361,False,False,False,True,0
347,6143615,297976,205976,294,4,3,65547,339,True,False,False,False,0
348,7518219,191051,304276,211,9,3,38410,340,True,False,True,False,0
349,3172826,314743,434308,434,10,3,90393,330,True,False,True,True,1
350,6498455,166042,148580,131,10,3,94527,382,False,False,True,False,0
351,4492677,495371,118316,277,2,3,96684,365,True,True,True,True,0
352,6794796,464847,250185,227,10,3,74245,259,True,True,True,False,0
353,5505704,302437,315815,207,8,3,53281,300,False,True,True,True,0
354,3267721,238114,465419,234,9,3,53606,312,False,True,True,False,1
355,9905520,452851,250127,332,5,3,98479,220,True,True,False,True,0
356,4446107,476907,493433,391,10,3,83951,307,False,False,True,True,1
357,8893696,339526,327754,179,1,3,20965,277,True,False,False,True,0
358,6483634,471243,251211,162,10,3,62590,264,True,False,False,True,0
359,4136534,353280,126821,275,1,3,30200,375,False,False,True,True,0
360,5844697,403233,289377,196,10,3,66219,114,False,True,True,True,0
361,6844390,102507,246701,130,9,3,84285,395,True,False,True,False,0
362,8410384,321148,199902,227,9,3,56018,140,True,False,True,True,0
363,9112121,288880,310394,267,2,3,29223,237,True,False,False,True,0
364,1295692,360267,264444,382,10,3,17964,335,False,True,False,True,0
365,9102094,181401,237036,138,9,3,16555,179,True,True,True,False,0
366,7637710,497026,293148,357,5,3,60290,354,False,False,False,True,0
367,8195035,143780,152239,393,10,3,76146,481,False,False,True,False,0
368,8579852,462742,437728,384,2,3,61792,263,False,False,False,True,1
369,7246801,446375,157883,487,6,3,52065,338,True,False,False,True,1
370,4309331,345435,203276,136,3,3,76227,284,False,False,False,True,0
371,8655065,165804,199220,459,8,3,69870,455,True,False,True,True,1
372,8491426,202166,384357,125,1,3,22875,213,True,False,False,True,0
373,9990184,318877,455367,382,1,3,47819,411,False,False,False,True,1
374,4898637,207231,123762,148,5,3,12079,315,False,True,True,True,0
375,9033742,176594,259407,242,3,3,44525,284,False,True,False,False,0
376,3213191,263922,197719,275,5,3,22780,241,True,False,False,True,0
377,6894362,420017,283313,462,9,3,72026,169,True,True,False,True,1
378,7531694,277697,179118,221,9,3,20720,200,True,False,False,False,0
379,6997049,417096,152924,257,1,3,96924,302,True,True,True,False,0
380,4209529,208457,478303,214,9,3,41558,468,False,False,True,False,1
381,6783405,406516,439684,140,6,3,53675,270,False,False,False,False,1
382,6415538,404904,373664,114,7,3,21664,413,True,False,False,True,0
383,7666164,480498,343997,365,7,3,64953,351,False,True,False,False,0
384,1636694,445558,449059,326,9,3,48858,164,False,False,False,True,1
385,9111117,188174,320631,127,4,3,74461,221,True,False,False,True,0
386,1429433,473156,121949,213,5,3,62003,483,False,False,True,False,0
387,7219708,402699,452034,437,5,3,77652,352,True,True,False,False,1
388,4503990,382042,185164,399,9,3,98591,223,False,False,True,True,0
389,6784570,450205,427307,347,4,3,36147,449,True,False,True,True,1
390,8290548,493847,273370,355,1,3,57506,271,False,False,True,True,0
391,1240897,201563,438861,114,3,3,54399,222,False,True,True,True,1
392,4025186,330980,480080,450,2,3,71601,209,True,False,True,False,1
393,2134489,229323,434982,394,5,3,44510,496,False,True,False,False,1
394,9640771,364033,383154,220,5,3,74286,310,True,True,False,False,0
395,5563713,309881,126389,436,8,3,94811,377,False,False,True,True,1
396,5648717,181534,426163,122,6,3,68941,161,False,False,True,False,1
397,3222644,154667,496923,119,9,3,50920,127,False,True,True,False,1
398,4640084,149734,481771,461,3,3,26778,259,True,True,False,True,1
399,5724654,173132,469376,373,6,3,65482,361,True,False,False,False,1
400,8947196,300184,262221,320,2,3,60666,183,True,False,False,False,0
401,1802960,393835,166143,126,10,3,19316,274,True,False,False,True,0
402,6472717,114412,348214,363,1,3,12297,290,True,True,True,True,0
403,9888346,466484,383693,423,10,3,81916,286,True,False,False,True,1
404,8662497,337956,451226,131,2,3,61490,363,True,True,True,True,1
405,7308515,153912,470576,290,2,3,45391,317,False,True,True,True,1
406,7216343,302433,238457,300,5,3,39597,394,True,True,False,True,0
407,7961887,333016,452583,102,4,3,56334,188,True,True,False,True,1
408,4351278,340665,230766,214,10,3,83597,474,True,False,True,True,0
409,4938859,378016,348995,450,3,3,26661,199,True,True,True,True,1
410,5931294,419804,380917,412,5,3,22610,152,False,True,True,False,1
411,8670313,100639,309880,275,5,3,61398,322,True,True,False,True,0
412,6984580,413895,161751,168,2,3,69901,265,False,True,True,False,0
413,5956899,411086,305549,447,1,3,14135,379,False,False,True,False,1
414,6881586,245148,303090,362,2,3,66297,211,True,False,True,False,0
415,7425658,402662,371768,120,1,3,64264,107,True,True,False,False,0
416,6292024,498845,230060,188,7,3,36350,395,False,True,False,False,0
417,7990730,314940,307358,116,9,3,14061,269,True,True,False,True,0
418,9037430,274114,400762,188,8,3,63660,232,False,False,True,True,1
419,4315373,288966,241736,466,9,3,85962,186,False,False,False,True,1
420,3507584,332409,361480,268,5,3,36422,144,False,True,True,True,0
421,3386918,416617,194483,250,8,3,49360,473,False,True,False,False,0
422,6139442,133305,286151,473,3,3,76140,340,True,True,True,False,1
423,4430888,326419,182599,362,6,3,25037,125,False,True,False,True,0
424,5128509,367136,397405,158,10,3,60949,123,True,False,False,False,0
425,6826027,107672,149234,411,2,3,63477,179,True,True,False,False,1
426,2004111,488488,258678,173,10,3,10620,266,True,False,True,False,0
427,2771547,104992,269507,452,2,3,64612,321,True,True,False,False,1
428,7177457,369462,239956,489,3,3,44441,371,True,False,False,False,1
429,4684061,121077,288850,448,3,3,11795,382,True,True,False,True,1
430,3667270,480092,328322,167,10,3,34652,302,True,False,True,True,0
431,2040468,488003,142984,293,9,3,70352,452,False,True,True,False,0
432,8712198,428449,250400,118,2,3,30188,299,False,True,False,False,0
433,5277170,127361,160822,229,1,3,98479,281,False,True,True,True,0
434,5558277,240557,475619,226,10,3,89036,265,False,False,False,True,1
435,5075237,471448,153123,427,4,3,28971,234,True,True,True,True,1
436,1022658,190885,495365,469,6,3,70513,381,False,True,False,True,1
437,8157563,197224,281542,105,7,3,89416,208,True,False,True,False,0
438,6979973,266669,469424,223,4,3,54055,112,True,True,True,True,1
439,9918053,278016,250160,241,1,3,86943,170,False,True,True,False,0
440,8623402,240537,299589,129,6,3,60299,203,False,True,True,False,0
441,2350624,296015,451596,394,1,3,90700,211,True,False,False,False,1
442,7149138,495540,325237,118,10,3,41374,360,False,True,True,True,0
443,6051216,298666,322302,396,10,3,83839,195,False,True,False,False,0
444,2135148,205334,243074,373,1,3,91960,304,True,True,True,False,0
445,6559779,409656,104931,146,7,3,80423,205,True,False,True,True,0
446,5674330,393871,455631,328,9,3,25242,270,True,False,True,True,1
447,9815792,246347,439759,170,2,3,42376,438,False,False,True,False,1
448,6392961,263612,408493,428,10,3,21609,384,True,False,True,True,1
449,4531921,143078,132204,288,4,3,60004,319,False,True,False,True,0
450,7668930,448668,248597,255,6,3,83557,206,True,False,True,True,0
451,4331512,112026,339460,232,4,3,21495,107,False,False,True,True,0
452,4434832,159523,283485,180,9,3,95619,436,True,False,False,False,0
453,6052357,294277,127878,346,2,3,73725,217,True,False,False,False,0
454,3556550,329578,398286,242,5,3,60253,122,False,False,True,False,0
455,5736154,408240,109878,426,1,3,37313,418,False,False,False,True,1
456,1498931,197633,377868,482,8,3,46817,411,False,True,True,True,1
457,7038163,205173,485900,326,10,3,58572,335,False,False,False,True,1
458,1261128,264192,493852,315,9,3,98797,296,False,True,True,True,1
459,5074230,368563,332249,434,6,3,62581,466,True,True,True,False,1
460,8584696,148194,486716,475,5,3,46603,464,True,True,False,False,1
461,7705587,316298,361473,301,9,3,33761,232,False,True,False,False,0
462,5532973,162788,458438,333,7,3,61029,431,False,False,True,True,1
463,5328902,172175,404592,375,10,3,76501,344,True,False,False,True,1
464,6321771,366347,430066,182,6,3,49323,260,False,False,True,False,1
465,5572024,483969,334033,175,5,3,74883,327,False,True,False,True,0
466,6615164,181755,100335,166,6,3,37705,404,True,True,False,True,0
467,4680451,129020,310131,128,1,3,74720,370,False,True,True,False,0
468,1856599,438314,457860,289,9,3,39800,164,True,True,True,False,1
469,5951627,238880,195247,499,7,3,82322,456,False,False,True,False,1
470,7631710,464066,494608,122,1,3,10064,308,False,False,True,True,1
471,9966970,104350,467010,162,2,3,73497,146,True,True,True,False,1
472,8627284,462286,398397,352,7,3,43300,210,False,True,True,False,0
473,4263409,477931,308928,170,10,3,47154,162,True,False,False,True,0
474,6638346,169225,210734,191,10,3,28800,399,True,False,False,True,0
475,2501655,297036,265091,298,2,3,86972,148,True,True,True,False,0
476,2497220,403720,431197,234,10,3,62928,453,True,False,False,False,1
477,1806738,495680,249985,179,2,3,42157,251,False,False,False,True,0
478,5090855,260569,113314,386,3,3,93109,273,False,False,False,False,0
479,2207116,167873,417269,475,9,3,91696,126,False,False,False,True,1
480,2808328,488952,275389,136,10,3,33311,126,True,False,False,True,0
481,8762431,362298,290480,334,6,3,87261,182,False,False,True,False,0
482,7595358,277404,285050,102,1,3,33959,238,True,True,True,True,0
483,8011917,349514,215466,463,8,3,18965,228,False,False,False,True,1
484,4958095,344648,288897,292,1,3,89937,226,True,False,False,True,0
485,5596955,368162,476235,238,1,3,66239,297,False,True,True,True,1
486,9552554,286399,364508,320,6,3,86647,196,False,False,False,True,0
487,3976281,185743,323193,395,2,3,10590,353,False,True,False,False,0
488,9329442,422897,145803,259,3,3,22910,169,False,False,False,False,0
489,5944692,271348,164286,121,9,3,66975,129,False,False,False,False,0
490,5949092,468861,444318,233,8,3,24003,480,False,True,False,True,1
491,5558314,436096,124164,424,1,3,62321,497,True,True,True,False,1
492,3644570,151622,165305,347,1,3,63090,219,False,True,True,True,0
493,8503153,128500,275458,151,6,3,74759,109,False,True,False,True,0
494,6959987,202663,483545,276,4,3,12337,349,True,True,True,False,1
495,1205730,406087,231532,305,4,3,56455,455,True,True,False,True,0
496,8113474,375775,406351,478,5,3,38039,274,True,False,True,True,1
497,4188677,490163,147971,493,4,3,69571,229,False,True,True,False,1
498,1212354,362212,217767,499,4,3,64491,481,True,True,False,False,1
499,5331118,467959,477089,201,9,3,72496,414,False,False,False,False,1
500,8224544,197904,281137,188,5,3,51244,279,True,False,True,True,0
501,9409712,239215,249580,247,3,3,66677,202,False,False,True,True,0
502,2180113,133803,490425,304,5,3,79515,412,False,False,False,True,1
503,7184492,223438,225641,458,6,3,61116,114,False,False,True,False,1
504,7796465,470638,477422,314,8,3,82017,320,True,True,True,True,1
505,7870425,218585,116231,343,1,3,70350,172,False,True,False,False,0
506,6582266,290814,112717,385,2,3,51232,460,True,False,False,True,0
507,3074971,418244,132250,454,4,3,51122,157,False,False,False,False,1
508,9851163,267948,351471,338,10,3,13606,337,True,False,True,False,0
509,2090620,184450,196361,407,1,3,41908,140,False,False,False,False,1
510,9621108,242384,443948,289,4,3,78531,396,True,True,False,False,1
511,4151337,129625,343453,474,8,3,18510,154,True,False,True,True,1
512,5448508,427684,193507,232,1,3,18591,446,False,True,True,False,0
513,5385223,411521,414476,252,2,3,47037,339,True,False,False,True,1
514,1868764,316623,180247,182,7,3,78932,219,True,True,True,True,0
515,6131981,286330,324231,483,7,3,66683,426,True,False,True,True,1
516,1382718,342998,477980,462,9,3,49415,466,False,False,True,False,1
517,1923271,375472,426141,354,1,3,90170,108,True,False,False,True,1
518,5645708,461330,487165,294,5,3,93684,475,True,True,True,False,1
519,8411115,384100,205875,447,4,3,81212,480,False,True,False,False,1
520,3410168,239094,356858,229,10,3,24439,405,True,False,False,False,0
521,9041551,495288,352900,134,6,3,87601,272,True,False,True,False,0
522,8444483,311438,231469,435,3,3,55433,230,False,False,True,False,1
523,5923155,191318,241876,118,5,3,83662,472,False,True,True,False,0
524,3842395,233423,222164,283,1,3,42205,162,False,False,True,True,0
525,4663412,355769,179226,296,10,3,59626,221,True,True,False,True,0
526,2390157,144162,256564,401,5,3,60599,299,False,False,True,True,1
527,8785093,153622,240986,394,5,3,76099,210,True,False,True,False,0
528,8440750,425585,191721,284,7,3,17971,405,False,False,False,False,0
529,1849115,203001,377523,101,7,3,30731,180,True,True,True,True,0
530,3033758,132583,399314,170,5,3,39683,157,False,True,True,True,0
531,6808425,330311,435258,195,4,3,51661,368,False,True,False,True,1
532,9443226,150827,364231,479,8,3,25811,231,False,False,False,True,1
533,6346699,193040,117685,167,9,3,53399,117,False,False,True,True,0
534,6653219,477374,318224,105,4,3,38400,409,False,True,False,False,0
535,9283591,155777,243011,105,7,3,49983,199,False,True,True,True,0
536,8053940,278541,380918,141,9,3,47284,264,False,True,True,False,0
537,3701116,174031,273030,179,4,3,40250,173,True,False,True,False,0
538,7968422,279520,270384,415,4,3,21916,496,True,True,False,True,1
539,7646094,399517,414403,451,4,3,78376,152,False,True,True,False,1
540,7511644,142664,137443,409,8,3,13476,450,False,True,True,False,1
541,5533081,110584,305315,159,7,3,29195,151,True,True,False,False,0
542,4262053,131322,176550,393,4,3,91117,192,True,True,True,True,0
543,3217028,320558,176925,223,3,3,50970,320,True,False,False,True,0
544,6525134,210636,441579,338,7,3,21783,379,False,True,True,True,1
545,9205540,452173,468639,481,10,3,88070,206,False,False,False,False,1
546,9095232,323337,294441,317,10,3,97084,373,True,True,True,False,0
547,2014286,214850,303769,240,2,3,42098,156,True,False,False,True,0
548,1503690,172304,308633,216,9,3,79034,212,True,False,False,False,0
549,6655329,288484,390344,260,7,3,61291,183,False,False,False,False,0
550,6461186,392647,211646,421,2,3,37657,259,False,False,True,True,1
551,4560237,268916,437306,448,9,3,92954,426,True,False,True,True,1
552,4790240,325362,215502,211,9,3,22682,262,False,False,False,False,0
553,1129144,315730,355864,263,2,3,12845,486,False,True,True,False,0
554,1208590,366105,159186,458,10,3,52056,317,True,False,True,False,1
555,8182752,182441,138783,174,3,3,26178,389,False,False,True,False,0
556,2002676,169427,201275,429,8,3,49215,300,False,True,False,True,1
557,8491811,499137,119720,256,9,3,67061,465,True,False,False,False,0
558,9230027,223542,471328,322,6,3,55976,478,True,False,True,False,1
559,1989372,124607,447291,254,1,3,57828,122,True,False,True,False,1
560,3871989,286885,296933,284,9,3,97720,369,True,True,True,True,0
561,7657371,175177,371651,155,7,3,95458,468,False,True,False,False,0
562,8976543,404955,490877,383,2,3,69621,354,False,False,True,True,1
563,7725585,379194,425429,178,8,3,42602,161,True,False,False,True,1
564,9882205,467313,493828,438,8,3,20160,442,True,False,False,False,1
565,4552491,497597,146064,475,10,3,61485,356,True,True,True,True,1
566,7114448,296487,296583,173,9,3,72030,461,False,False,False,True,0
567,3834765,285549,127661,140,3,3,77519,475,True,False,True,True,0
568,8292639,227764,230763,135,1,3,39106,404,True,True,True,False,0
569,8835260,318518,198019,375,9,3,14579,152,False,False,False,False,0
570,3879837,233810,389684,481,3,3,58693,454,False,False,True,False,1
571,7424203,165732,376838,411,9,3,35765,121,True,False,True,True,1
572,1601836,105235,246419,193,2,3,85050,154,True,False,True,True,0
573,2526431,336748,309625,475,8,3,36280,281,False,True,False,False,1
574,3934091,138228,279303,323,10,3,71116,222,True,True,True,True,0
575,9296677,484283,169072,212,2,3,97956,462,False,True,True,True,0
576,4690783,322105,241003,333,4,3,89393,190,True,False,False,True,0
577,5236110,344473,338234,294,2,3,17499,222,True,True,False,True,0
578,1951566,259104,123398,109,5,3,41522,261,True,True,False,False,0
579,3297453,177641,249743,237,7,3,23726,213,False,False,True,True,0
580,9682198,423305,241770,232,6,3,22198,494,False,True,False,False,0
581,4673031,120216,409044,412,8,3,49649,351,True,False,True,False,1
582,1560795,263777,358124,397,5,3,64434,453,True,True,True,False,0
583,8927842,347565,443421,173,3,3,10080,429,False,False,True,False,1
584,5869374,194631,405294,276,8,3,77982,111,True,False,True,False,1
585,5848887,286044,292109,405,2,3,90873,322,True,True,False,True,1
586,2144487,473626,154935,283,5,3,20406,318,True,False,True,True,0
587,8878263,358724,387371,167,7,3,35836,275,False,True,False,True,0
588,9405400,310782,452120,269,9,3,13608,372,True,True,False,False,1
589,3815200,122501,159722,488,2,3,42334,235,True,False,False,True,1
590,5114381,203227,322041,458,6,3,25714,201,True,True,False,True,1
591,2033354,354717,341378,214,5,3,60012,116,True,True,True,False,0
592,5063645,104940,341203,208,9,3,23642,486,False,False,False,True,0
593,8618514,449376,424956,122,6,3,88561,460,True,False,True,True,1
594,9817276,135936,118108,269,7,3,52176,355,False,True,False,True,0
595,2958936,321454,128698,498,10,3,25677,481,False,False,True,True,1
596,6647162,242602,391969,448,10,3,15899,282,False,True,True,True,1
597,7475244,405999,328983,386,10,3,52521,123,True,False,False,False,0
598,2269315,379725,340301,316,10,3,86361,100,True,False,False,True,0
599,9167938,232565,301573,202,10,3,25193,220,True,True,True,False,0
600,3260745,247381,164401,168,1,3,54530,455,True,True,True,False,0
601,8926675,258871,483399,157,7,3,45469,142,True,True,False,True,1
602,3040145,278410,385292,305,9,3,14504,282,True,False,False,False,0
603,9282123,417994,405119,137,5,3,31301,372,True,True,True,True,1
604,5754207,322525,435393,286,10,3,64873,487,True,False,True,False,1
605,5473849,220135,136165,308,9,3,42131,497,True,True,False,True,0
606,5055768,137260,456578,301,8,3,50989,309,True,True,False,True,1
607,7968152,234187,208088,283,8,3,56638,490,True,True,True,True,0
608,5723144,346208,196125,118,9,3,86022,195,False,False,True,False,0
609,8503202,365902,295776,241,1,3,93554,488,False,True,True,False,0
610,8418854,120296,124256,136,2,3,51920,402,True,True,True,False,0
611,3869821,313999,429909,271,1,3,91950,109,True,True,False,False,1
612,9313483,250267,434368,399,1,3,83388,146,False,False,True,True,1
613,1296554,240730,348290,190,2,3,24537,247,True,True,False,False,0
614,2131471,397664,211876,370,6,3,59004,265,True,True,True,False,0
615,7117307,390298,452151,162,10,3,32467,214,False,True,False,False,1
616,5023162,352539,163835,437,3,3,34035,132,True,True,True,False,1
617,9391550,353486,412941,355,7,3,32979,206,False,False,True,True,1
618,8711974,347790,367620,280,9,3,48652,249,True,True,True,False,0
619,3575343,194670,476111,305,7,3,47186,165,True,True,True,False,1
620,4060809,365459,314136,438,2,3,47550,257,True,False,True,True,1
621,9007140,483846,403872,357,5,3,80276,259,True,True,True,False,1
622,9728626,321299,151947,430,2,3,49894,297,True,True,True,True,1
623,8850844,452871,368925,425,1,3,12177,394,False,False,True,True,1
624,9969047,287892,399548,465,10,3,22433,319,True,False,True,False,1
625,6064515,226358,152409,496,10,3,38816,121,True,False,True,False,1
626,4672634,226343,411983,461,9,3,98980,137,False,True,False,True,1
627,1342397,359881,235146,172,4,3,32874,486,True,True,True,False,0
628,9067246,237378,225757,288,1,3,48286,174,False,False,True,False,0
629,6004190,178337,216473,426,9,3,46616,189,False,False,True,False,1
630,2629326,418224,463290,281,4,3,96516,171,False,False,False,False,1
631,1538792,319100,436395,182,6,3,27965,296,False,False,True,False,1
632,4291240,179505,386872,285,8,3,28647,442,True,False,True,False,0
633,3345056,187140,298945,346,6,3,84533,177,False,True,True,True,0
634,2404362,163467,295787,188,2,3,26904,134,False,False,False,False,0
635,1351324,274008,245709,180,2,3,91898,213,True,False,False,True,0
636,9944910,403526,305264,254,6,3,12049,169,False,True,True,True,0
637,4479727,466008,465888,285,6,3,90562,346,True,True,False,False,1
638,5638159,446806,499711,399,4,3,79546,431,False,False,False,False,1
639,6843191,232135,414832,338,8,3,80492,133,False,False,True,False,1
640,3347515,450672,490915,122,7,3,13772,424,False,True,True,False,1
641,2898726,452854,373697,193,1,3,27039,220,False,True,False,True,0
642,8796858,228275,306255,195,2,3,30402,470,False,True,True,True,0
643,6758428,123991,468130,141,7,3,23543,312,True,True,True,True,1
644,8469712,301066,483131,159,7,3,45806,319,True,True,True,True,1
645,4208791,158812,269932,142,7,3,71044,356,True,False,True,False,0
646,8193480,470050,480757,329,10,3,65082,193,True,False,True,False,1
647,8808044,411961,474638,326,7,3,21186,322,True,True,True,True,1
648,3647375,261290,384238,380,9,3,36505,272,False,False,True,True,0
649,2255231,401933,141585,218,5,3,15190,473,True,False,True,False,0
650,4216923,351415,393119,324,1,3,26865,304,True,False,True,True,0
651,5988318,187917,110205,298,4,3,30993,157,False,True,True,True,0
652,5813893,317416,335651,375,3,3,30040,190,False,True,False,True,0
653,7963188,210799,232244,389,5,3,75999,165,True,False,True,False,0
654,3142313,130153,446541,371,7,3,18184,238,False,True,False,True,1
655,8182257,411370,377565,268,10,3,14102,434,False,False,True,True,0
656,6134655,414766,319525,404,7,3,56443,397,True,False,True,True,1
657,2950528,120228,295184,123,5,3,42052,105,True,True,True,False,0
658,9694568,258669,288937,180,6,3,24982,360,True,True,True,True,0
659,9065724,328160,331694,285,1,3,27910,151,False,True,True,True,0
660,2484010,203607,461548,423,5,3,57885,304,True,True,True,False,1
661,9625285,116789,450294,392,4,3,47112,142,True,True,False,False,1
662,3564739,126094,205923,156,2,3,73773,266,True,False,False,True,0
663,6012807,492153,317693,224,3,3,85531,361,True,False,True,True,0
664,5923141,131712,336654,211,9,3,96366,212,True,False,True,False,0
665,9792068,262862,218527,388,10,3,30374,169,False,True,False,False,0
666,5889603,199192,342054,178,5,3,16415,425,True,False,True,True,0
667,3094702,260685,308317,122,8,3,13987,385,False,True,False,False,0
668,4413249,221953,483632,370,1,3,51966,296,False,True,False,True,1
669,6219626,183939,218251,193,3,3,93293,332,True,False,False,True,0
670,4977842,361383,242116,255,6,3,73743,126,False,True,True,True,0
671,4741447,450836,437851,417,3,3,27194,183,False,False,False,True,1
672,4058138,389071,367283,139,6,3,68897,495,False,False,True,False,0
673,1936224,415013,197141,284,9,3,48315,280,True,True,False,False,0
674,9248478,114057,379504,342,1,3,61402,112,False,True,False,True,0
675,4414902,277507,263662,313,9,3,14114,384,False,True,True,True,0
676,4130002,499968,410821,132,9,3,64832,182,True,True,True,True,1
677,9400795,179531,468509,368,8,3,59374,332,True,False,True,True,1
678,5516242,443983,412514,349,1,3,99700,469,False,True,False,False,1
679,5681438,219355,422754,291,1,3,22742,203,False,True,True,True,1
680,5914953,141613,490214,258,4,3,77119,162,False,False,False,False,1
681,8794894,309464,217794,453,8,3,70438,477,True,True,False,True,1
682,5548093,448628,339367,260,1,3,29385,207,False,False,False,True,0
683,3006061,266013,264837,294,9,3,57749,283,True,False,False,True,0
684,6872995,174673,477922,262,9,3,53410,430,True,True,False,True,1
685,5907446,217589,287743,409,5,3,98225,330,False,False,True,True,1
686,2954902,106543,140316,305,3,3,51496,168,True,False,True,False,0
687,2961301,198062,437291,162,8,3,62806,123,False,False,True,False,1
688,9033650,438692,386561,208,5,3,92055,150,False,False,True,True,0
689,2548458,291672,318411,276,7,3,30683,475,False,True,False,False,0
690,8164750,298021,192346,217,6,3,94301,423,True,True,False,False,0
691,6932146,415197,388215,385,1,3,38081,192,True,True,False,True,0
692,6830575,424417,227263,449,3,3,27972,210,False,True,False,True,1
693,5490726,318429,251068,223,8,3,76221,130,True,False,False,False,0
694,1080468,335940,366213,185,3,3,33316,433,True,True,True,False,0
695,6936276,310071,350412,368,6,3,41280,147,True,False,False,False,0
696,8332017,365320,394013,289,10,3,26420,295,False,False,True,True,0
697,7955452,101372,151982,255,7,3,58706,120,True,True,False,True,0
698,1835551,414910,197505,440,9,3,35714,361,False,True,True,False,1
699,7520664,417864,126712,309,3,3,28924,311,False,True,True,True,0
700,8488673,416333,301647,317,8,3,81699,171,True,False,True,True,0
701,1315314,225698,354470,264,4,3,97289,315,False,True,True,True,0
702,7670540,441333,494659,344,7,3,38415,347,True,False,True,True,1
703,5750700,271073,165383,389,9,3,89060,439,False,False,True,False,0
704,9642481,481652,122095,100,2,3,46804,134,False,True,False,True,0
705,2171993,160110,272528,458,7,3,95762,306,False,False,True,True,1
706,5714191,491857,318683,442,3,3,15897,359,True,True,True,True,1
707,9277546,368252,141940,214,2,3,39917,277,True,True,False,True,0
708,7330530,134680,488696,404,3,3,57271,340,True,False,True,True,1
709,7862842,261412,207584,159,9,3,62058,457,False,False,False,True,0
710,6303585,282900,261236,304,6,3,41537,193,False,True,False,False,0
711,3605782,418965,196984,193,7,3,20107,319,False,False,False,False,0
712,7784776,392422,107418,367,2,3,86976,278,False,False,False,False,0
713,1625092,448208,296530,429,5,3,42168,366,False,True,False,False,1
714,8042068,274733,498539,125,1,3,61656,230,False,True,True,True,1
715,2107318,339755,461129,384,3,3,30054,235,False,False,False,True,1
716,9422265,285218,123405,406,3,3,87059,442,True,True,False,False,1
717,5434612,384854,238259,445,4,3,90771,136,False,False,True,False,1
718,9689003,340225,163036,458,10,3,27965,381,True,True,True,True,1
719,7639150,350275,135342,490,6,3,76481,279,False,False,True,True,1
720,7597395,126194,218573,403,10,3,38712,202,False,True,False,True,1
721,5374411,330544,199528,178,9,3,24859,433,False,False,True,True,0
722,9621594,167869,454712,191,8,3,56105,146,True,False,True,False,1
723,3401076,262025,352558,496,7,3,40928,188,True,True,False,True,1
724,9034593,141975,236555,403,10,3,29678,305,True,True,True,False,1
725,9113636,180981,140343,411,8,3,22838,492,True,False,True,False,1
726,4490651,367809,340044,263,2,3,39263,233,False,False,False,False,0
727,9311678,466157,157191,143,10,3,58023,170,True,False,False,False,0
728,9914141,189247,168422,151,5,3,40484,404,True,False,False,False,0
729,4137472,305022,443999,270,2,3,43994,428,True,True,True,False,1
730,4664375,423517,466650,194,4,3,72890,409,True,False,False,True,1
731,3484333,317785,491304,192,5,3,82640,438,True,False,False,True,1
732,8129076,496184,219176,145,9,3,37910,308,False,True,False,False,0
733,9640378,269014,418928,350,1,3,15754,338,False,False,False,True,1
734,7692695,162927,158001,494,3,3,52340,133,False,False,False,True,1
735,3921991,114287,327150,228,10,3,55534,199,True,True,False,False,0
736,7781344,124361,378128,480,7,3,68046,380,True,True,True,True,1
737,8431246,450073,333471,465,1,3,18048,233,True,True,True,False,1
738,4235716,221680,332128,300,9,3,95745,277,True,False,True,True,0
739,6791302,335972,281559,250,1,3,56784,449,False,True,True,True,0
740,7473073,145526,309637,184,9,3,83458,377,True,True,False,True,0
741,8028636,355254,316597,197,8,3,88574,187,False,True,False,True,0
742,1121136,273662,478419,422,9,3,79196,179,False,False,True,False,1
743,2809812,488249,133064,353,8,3,32697,278,True,True,True,False,0
744,8676166,250873,382040,123,1,3,14793,419,False,False,False,False,0
745,5969376,422533,391099,437,5,3,36104,111,True,True,False,True,1
746,6820601,279007,360618,214,9,3,84368,249,False,True,True,True,0
747,5523037,257017,481650,236,6,3,73812,222,False,True,False,True,1
748,3686855,409431,356793,387,7,3,52405,387,False,False,False,False,0
749,4364560,331318,291456,215,8,3,70268,303,True,True,True,False,0
750,7306551,327797,201503,101,9,3,51248,221,False,True,False,True,0
751,3965867,152935,445573,149,4,3,36694,316,False,False,True,False,1
752,4703230,119193,139086,128,7,3,65124,312,False,True,True,True,0
753,3332704,178093,462654,328,6,3,45507,215,False,True,False,False,1
754,5809404,308658,278041,428,1,3,89040,113,True,True,False,False,1
755,1501265,261612,372855,236,10,3,78630,368,False,True,False,True,0
756,2183834,169205,203080,417,8,3,54458,384,False,True,False,True,1
757,8073008,223997,244313,255,9,3,38072,247,True,True,True,False,0
758,1388743,113177,366929,259,7,3,76900,313,False,True,False,False,0
759,5673219,390058,245159,359,10,3,23348,436,False,False,False,True,0
760,8821118,470959,283858,115,10,3,94642,295,False,True,True,False,0
761,5906040,473962,307939,319,1,3,40580,424,False,False,True,True,0
762,6624332,146436,376883,286,1,3,49726,186,True,True,True,True,0
763,3242524,212961,272719,153,3,3,13861,432,False,True,True,False,0
764,9897207,417420,108288,184,2,3,24898,316,False,False,False,False,0
765,5248051,182422,317191,193,7,3,89877,411,False,True,False,True,0
766,2151116,482079,315414,106,6,3,92556,182,True,True,True,False,0
767,1126957,306703,292476,411,2,3,40204,116,False,False,False,True,1
768,4408156,355943,133139,105,4,3,32506,247,True,True,True,False,0
769,7384730,465517,467157,346,7,3,57623,367,True,True,True,True,1
770,2734851,345610,444908,409,8,3,94326,336,True,False,True,False,1
771,1735349,315472,386513,212,1,3,55309,179,False,True,True,False,0
772,5088647,485515,190050,301,9,3,85390,265,False,True,True,False,0
773,2046111,270250,319606,169,10,3,31238,166,False,True,True,False,0
774,8690075,490759,385313,351,6,3,24115,229,True,True,False,True,0
775,8357811,259871,451537,362,4,3,24077,434,True,False,False,False,1
776,9172775,472017,179569,457,9,3,64319,355,True,False,False,True,1
777,2596363,395321,488006,427,3,3,86787,225,True,True,True,True,1
778,3462941,477082,351068,244,9,3,64129,147,True,False,True,False,0
779,8502446,105764,211713,394,2,3,90197,331,False,False,True,True,0
780,9967042,406328,329432,406,1,3,22462,481,True,True,False,True,1
781,3267024,265814,477757,109,3,3,75462,309,False,False,False,False,1
782,3962585,226930,404464,396,9,3,25032,400,False,False,False,False,1
783,5872332,178732,319167,190,7,3,35654,264,False,False,True,False,0
784,7326794,122384,135736,208,4,3,85436,407,True,True,False,False,0
785,4678746,367185,463043,246,10,3,68137,487,False,False,True,True,1
786,9649436,263061,203933,365,8,3,62807,412,True,False,True,True,0
787,6467540,218727,237199,288,8,3,10479,498,False,False,True,True,0
788,3348996,358091,186143,179,4,3,82550,268,False,True,True,False,0
789,9140621,119405,235772,296,4,3,29295,254,True,False,True,True,0
790,8712975,161014,363399,439,7,3,48447,391,False,False,True,False,1
791,1125852,409813,142960,469,3,3,42374,416,True,True,True,False,1
792,8735816,465400,294770,459,1,3,88463,424,True,True,True,True,1
793,8933473,307573,359578,257,5,3,32576,321,False,False,False,False,0
794,5300129,356530,324126,476,8,3,27770,194,False,True,True,False,1
795,2103145,160789,290894,160,7,3,42584,283,False,True,False,True,0
796,6827752,453648,266519,398,2,3,22446,478,True,False,False,True,0
797,4106511,149497,497051,209,6,3,52899,172,False,True,False,True,1
798,6016729,200925,224024,199,2,3,50298,498,True,False,True,False,0
799,1381878,235887,487830,291,7,3,80893,141,True,True,True,True,1
800,8013013,213961,151643,459,5,3,77142,339,True,True,True,False,1
801,5990582,383026,489190,351,6,3,30890,399,False,True,False,True,1
802,4843528,101809,477297,334,7,3,60144,269,True,True,True,False,1
803,1635200,417898,427257,426,2,3,56215,419,True,False,True,False,1
804,6715315,224461,201522,290,8,3,13194,141,False,False,False,False,0
805,6771432,366894,290864,407,4,3,22161,490,True,False,False,False,1
806,1059773,288420,226617,301,4,3,95259,170,False,False,True,True,0
807,4565937,391000,221532,233,1,3,11230,171,True,False,True,False,0
808,7771769,447353,260433,300,6,3,18881,474,True,True,False,True,0
809,1238436,120133,297719,461,5,3,21995,322,True,False,True,False,1
810,4088540,365097,395978,488,7,3,50702,483,True,False,False,False,1
811,7745202,198580,408116,114,2,3,33674,297,False,True,False,True,1
812,4976446,107785,355469,157,6,3,20431,273,True,False,False,True,0
813,1481175,126204,233502,113,6,3,15463,164,True,False,False,False,0
814,4314948,418278,337267,482,8,3,83680,167,True,True,True,True,1
815,2732537,244677,138191,129,6,3,37250,269,False,False,False,True,0
816,9386004,387730,194176,219,6,3,51630,267,True,False,True,False,0
817,7586823,396707,441843,350,8,3,34983,396,False,True,False,False,1
818,1865825,245735,187663,466,4,3,58529,389,False,False,False,False,1
819,1456101,112657,470756,476,4,3,68373,321,False,True,False,True,1
820,1142477,295289,412058,223,10,3,33430,371,False,True,True,False,1
821,5780608,477982,361353,150,5,3,60305,359,False,False,True,False,0
822,1761963,102637,409802,484,4,3,52995,289,False,False,False,True,1
823,7922195,213723,305680,143,1,3,24165,466,False,True,False,False,0
824,9143565,373686,362322,168,1,3,95262,278,False,True,True,True,0
825,6238400,467871,188784,183,5,3,64680,197,True,True,True,False,0
826,2986692,274787,271887,294,9,3,57920,125,False,True,True,False,0
827,8372220,212904,469314,329,8,3,68252,295,True,True,False,True,1
828,6806923,336563,475300,240,7,3,46905,136,True,True,False,True,1
829,8314725,113160,243533,474,2,3,57599,439,False,True,True,True,1
830,4623936,401422,150135,142,7,3,51761,420,False,True,False,True,0
831,5450391,301496,448156,180,1,3,96462,331,True,True,False,False,1
832,6176597,341512,122016,494,10,3,10239,434,True,True,True,False,1
833,8025296,100082,423554,422,10,3,42949,139,True,True,True,False,1
834,6954669,163702,159710,235,5,3,32501,345,True,True,True,True,0
835,8218972,336066,386388,239,1,3,43082,438,True,True,False,True,0
836,5866807,337008,140306,360,6,3,52466,393,True,False,False,True,0
837,9464885,119049,231183,482,5,3,89538,350,True,True,False,False,1
838,7212668,464806,334779,341,6,3,87572,222,False,True,False,True,0
839,6800406,155460,346260,326,4,3,50235,169,False,True,True,False,0
840,5297311,163294,152597,313,3,3,29695,395,False,True,False,True,0
841,1982836,495091,171430,146,2,3,14737,393,False,False,True,False,0
842,6453354,231954,156066,177,2,3,85462,498,False,True,False,True,0
843,5797022,361371,329751,279,6,3,57147,135,False,False,False,True,0
844,8444406,101190,250454,285,7,3,27640,343,True,True,True,True,0
845,7848402,224047,394612,195,5,3,42844,456,True,True,False,False,0
846,6290532,301619,214111,148,5,3,16378,117,False,False,False,False,0
847,7025914,154852,304978,328,2,3,10227,220,False,True,True,True,0
848,4129309,202220,462204,174,7,3,92586,338,True,False,False,True,1
849,4011239,288794,279185,497,8,3,84473,102,True,True,True,False,1
850,5104545,405647,356838,108,2,3,57035,383,False,False,False,False,0
851,9422956,409349,100771,224,8,3,51281,353,False,False,False,True,0
852,2944634,262336,441172,123,1,3,35057,145,False,True,False,True,1
853,6042878,332440,396925,393,6,3,66270,374,True,True,False,True,0
854,7941747,406091,212648,182,7,3,82996,485,True,False,True,True,0
855,2299305,333428,496242,434,7,3,93048,167,True,False,True,False,1
856,9885734,115386,436879,486,2,3,17864,359,False,True,True,False,1
857,4416119,279797,449772,431,2,3,31505,162,True,False,True,True,1
858,9070945,176928,441101,181,5,3,77059,479,False,True,True,False,1
859,7386814,199543,278186,190,6,3,94780,430,True,False,True,False,0
860,7579619,378467,106388,333,1,3,51852,247,True,False,True,False,0
861,9340033,375116,195539,220,9,3,21404,387,False,True,False,False,0
862,1027028,389952,140847,211,6,3,52634,317,True,True,True,False,0
863,9497318,236206,423379,130,10,3,51277,286,False,True,True,False,1
864,4759386,450214,332392,433,1,3,15520,420,True,True,False,True,1
865,9946604,247987,354137,149,6,3,48540,224,False,False,False,True,0
866,9527819,118976,309662,163,5,3,53019,184,False,False,False,False,0
867,6522177,215455,181274,314,3,3,23294,419,False,False,True,True,0
868,6300233,471018,171550,473,8,3,71598,294,True,True,True,True,1
869,5614629,414080,442422,123,6,3,40288,427,False,True,True,True,1
870,1730831,482096,109557,312,5,3,98229,297,True,False,False,True,0
871,3715619,485080,114919,260,4,3,29967,147,False,False,False,False,0
872,4997847,176370,495682,250,6,3,90479,146,False,False,True,True,1
873,6427319,395282,232918,138,10,3,48633,372,False,True,True,False,0
874,5575121,173054,384007,466,7,3,20190,113,True,True,True,False,1
875,6478500,238306,452465,480,5,3,27920,222,False,False,True,False,1
876,7926564,162648,192010,225,5,3,16626,491,False,True,False,True,0
877,4552564,464810,121401,411,1,3,44417,348,False,False,False,True,1
878,1326856,184582,381080,178,7,3,52944,300,False,False,False,True,0
879,6285784,246847,483227,325,9,3,71614,400,True,True,True,True,1
880,9497267,373060,451702,473,7,3,55843,138,True,True,False,True,1
881,6956060,401465,373836,367,10,3,15132,380,False,True,False,False,0
882,7999359,105695,444346,177,6,3,31882,199,True,True,True,False,1
883,5145616,438374,481296,377,2,3,62682,184,True,True,True,True,1
884,3908956,337504,416029,447,10,3,40374,107,False,True,False,True,1
885,7157491,255007,455027,235,2,3,26850,308,True,False,False,False,1
886,8124561,446752,232691,167,8,3,22188,488,False,True,True,False,0
887,1411515,381036,133360,257,7,3,79625,123,False,True,False,True,0
888,3646970,110430,132135,349,9,3,11418,289,True,False,True,True,0
889,7080195,300196,238084,217,2,3,47649,392,True,True,True,False,0
890,2185334,367025,479047,207,6,3,60188,224,False,False,True,True,1
891,2717503,284310,272351,174,8,3,40559,219,True,True,True,False,0
892,1884792,149367,372205,175,6,3,36801,198,True,True,False,False,0
893,8987990,213092,245343,492,2,3,99572,235,False,False,True,False,1
894,1422795,438971,464731,457,3,3,18657,453,False,False,True,True,1
895,8606118,410172,203765,190,8,3,68587,439,True,False,True,True,0
896,9954892,326191,313020,284,4,3,52795,498,True,True,False,True,0
897,6940032,448409,440026,469,4,3,73546,369,True,True,False,True,1
898,3696688,459462,209028,323,7,3,91858,444,False,True,True,True,0
899,9678287,334232,482257,141,7,3,59884,490,False,False,True,False,1
900,2281790,173925,418976,454,9,3,32362,224,True,True,True,False,1
901,9705293,365687,382434,348,8,3,37414,334,False,True,False,True,0
902,5864927,485213,210603,361,8,3,61106,434,False,True,False,False,0
903,4064621,254206,402600,142,3,3,57176,294,False,True,False,False,1
904,3108769,331386,145768,348,10,3,93159,289,True,False,True,True,0
905,7863003,350827,306182,245,2,3,48773,489,False,True,True,False,0
906,7454607,464773,207395,193,4,3,98272,111,True,True,False,True,0
907,1105679,197673,434222,416,3,3,11980,423,True,True,False,False,1
908,7587075,118510,118422,292,6,3,31749,483,True,False,True,True,0
909,7098257,174191,489138,343,7,3,39417,270,False,True,True,False,1
910,7038701,130680,441662,177,9,3,20867,377,True,True,True,True,1
911,4760053,252293,323864,464,6,3,89963,164,False,False,False,True,1
912,9504132,156290,361279,178,10,3,28555,143,False,True,True,False,0
913,4381508,286409,281884,268,10,3,82435,497,False,True,True,True,0
914,1248462,378015,461578,388,2,3,32476,294,False,False,False,True,1
915,1616000,420030,345004,200,5,3,28996,139,True,True,False,False,0
916,6453243,176400,174303,391,7,3,92813,275,False,False,False,True,0
917,4261590,107996,382738,440,3,3,71120,247,True,False,False,True,1
918,3665520,377377,239663,379,5,3,44059,422,False,False,False,True,0
919,3138844,330867,437609,407,3,3,29354,356,True,True,True,True,1
920,1394566,223267,259928,489,2,3,73092,213,False,True,False,True,1
921,6727349,122533,393448,193,9,3,83253,484,True,False,True,True,0
922,6193379,497088,255435,147,3,3,65475,105,False,True,True,True,0
923,8661760,375757,376923,281,9,3,95681,466,True,False,False,True,0
924,9546852,304264,455094,222,2,3,22171,209,True,False,True,True,1
925,2196737,222115,352442,261,5,3,17013,298,True,False,False,False,0
926,9867382,435721,140377,268,8,3,69841,300,True,True,False,False,0
927,9017639,316654,285010,402,7,3,88126,488,True,True,True,True,1
928,9765513,129050,428441,146,5,3,30165,467,True,False,False,False,1
929,6601675,284065,345466,348,3,3,47016,123,True,False,True,True,0
930,7971146,304805,306815,444,4,3,83265,296,False,False,True,False,1
931,8541703,464216,308709,377,7,3,37365,145,True,False,False,True,0
932,3102681,461918,186245,225,3,3,54803,171,False,False,True,False,0
933,2625002,463475,486418,406,10,3,67135,259,True,False,False,True,1
934,2435149,358507,247456,462,7,3,58923,249,True,False,True,True,1
935,4016991,143926,461170,346,1,3,54724,468,False,False,False,False,1
936,9648373,291549,435895,156,6,3,13154,214,True,True,True,False,1
937,8233599,297343,210721,298,4,3,54579,287,True,True,False,True,0
938,2237242,491667,153863,442,10,3,89296,348,False,False,True,True,1
939,5915495,375661,415696,411,1,3,46617,477,False,True,False,True,1
940,2527827,436591,205463,138,2,3,46680,297,True,True,False,True,0
941,5856726,303821,305912,327,7,3,24086,114,True,False,True,False,0
942,5745137,364812,235436,246,1,3,37926,154,True,True,False,False,0
943,4831143,155480,319409,167,4,3,38814,258,False,False,False,True,0
944,9469755,328326,360860,439,8,3,10535,241,True,True,True,True,1
945,1318612,422335,337754,227,5,3,52981,186,True,False,True,True,0
946,4799702,144964,119844,141,4,3,12759,427,False,False,True,False,0
947,3324102,481883,212651,211,7,3,30908,491,False,False,False,True,0
948,2708911,440519,169409,471,10,3,18586,100,True,False,True,True,1
949,8841467,134371,488737,439,6,3,22778,296,False,True,True,True,1
950,9056930,271395,432422,371,7,3,77953,368,False,True,False,True,1
951,2557239,358711,112511,185,5,3,89480,453,False,False,True,False,0
952,3773422,238449,473483,172,2,3,81593,375,True,False,True,False,1
953,9499564,189345,294395,258,3,3,27161,441,True,True,True,False,0
954,9797809,432068,335996,473,10,3,21266,394,False,True,True,False,1
955,2080940,324425,497713,407,1,3,14182,463,True,False,False,True,1
956,8023277,469729,150511,460,5,3,89735,248,False,False,False,False,1
957,2347398,478254,324356,428,1,3,40735,315,False,False,False,True,1
958,9187914,253629,370240,490,6,3,87290,479,False,False,False,False,1
959,5307835,430772,426979,466,3,3,95391,130,True,False,False,True,1
960,9287024,433330,258198,397,7,3,94701,396,False,True,False,False,0
961,7417327,168225,473718,432,4,3,15143,176,True,True,True,True,1
962,7200457,151890,470551,339,9,3,45831,373,True,True,True,False,1
963,5353314,286638,371505,415,10,3,91962,203,False,False,True,False,1
964,2306832,460588,404614,118,7,3,96452,468,True,True,True,True,1
965,4653835,452655,371232,308,10,3,68031,146,False,True,True,False,0
966,5751937,278686,426671,400,1,3,57997,365,False,False,True,True,1
967,5661453,341305,223327,357,1,3,90642,102,True,False,False,True,0
968,1309199,175436,388927,231,6,3,27784,456,False,False,True,True,0
969,6637651,374951,404410,251,4,3,46969,301,True,False,True,True,1
970,1367832,291338,234219,493,1,3,47317,226,False,False,False,True,1
971,2914438,492955,459563,427,8,3,49863,295,False,True,False,False,1
972,8687772,225195,405348,368,7,3,26950,185,False,False,False,True,1
973,3074667,439978,188584,475,7,3,10159,376,True,True,False,False,1
974,2430060,262310,116090,237,9,3,52114,130,False,False,False,False,0
975,1752212,296259,182647,230,7,3,47933,322,False,False,True,True,0
976,6749715,144269,267742,454,10,3,24786,312,True,True,True,False,1
977,3032747,132502,250343,383,6,3,65129,210,False,False,True,True,0
978,5655718,192574,107741,211,4,3,88609,128,False,True,False,True,0
979,1583713,464903,162674,277,10,3,52534,441,False,False,False,False,0
980,3335288,392734,184993,311,3,3,78968,246,True,True,True,True,0
981,4999528,208805,472454,475,5,3,16797,142,False,True,True,True,1
982,8392367,489707,472577,394,3,3,11213,493,False,False,True,True,1
983,4214041,367939,399532,374,5,3,39495,258,True,True,True,True,0
984,1872791,241670,359607,417,6,3,61302,438,True,False,False,False,1
985,3544090,369985,188294,254,1,3,13011,170,False,False,False,True,0
986,1411924,204080,421439,399,2,3,88699,340,False,False,True,False,1
987,4012770,367513,336692,105,2,3,23965,297,False,True,True,True,0
988,5306293,391985,467276,216,6,3,75715,464,True,True,False,False,1
989,8831215,150241,262483,493,4,3,45057,249,True,True,False,True,1
990,5427118,296512,223431,252,9,3,93466,111,True,False,False,False,0
991,9867148,104929,349802,318,1,3,49287,337,False,True,True,True,0
992,4112232,379381,458166,135,8,3,37351,432,False,True,False,False,1
993,6329619,428045,105883,429,7,3,12214,124,True,False,False,True,1
994,5717532,271076,498332,449,7,3,72643,352,True,True,False,False,1
995,9145945,321824,385184,400,5,3,28112,497,False,False,False,True,0
996,6647476,302067,484898,188,2,3,11815,406,False,False,False,False,1
997,5173059,197249,473075,326,2,3,50689,424,True,False,False,False,1
998,5938917,284699,132835,120,6,3,62937,491,False,False,True,False,0
999,6055610,467417,353377,493,1,3,50304,144,False,False,False,True,1
