,Firm_ID,Annual_Revenue (Million),Expenses (Million),Number_of_Employees,Industry_Code,Years_In_Business,Credit_Score,Audit_Status,Transaction_Volume (Million),Regulatory_Compliance (0/1),Previous_Fraud_Incident (0/1),label
0,1,152,131.44,153,3,8,758,1,297.49,1,1,1
1,2,229,216.24,428,2,9,798,1,394.18,1,0,1
2,3,142,80.61,822,3,16,807,0,148.65,1,1,1
3,4,64,49.11,833,1,19,603,0,79.75,0,0,1
4,5,156,104.74,744,4,16,800,1,82.96,1,0,0
5,6,121,113.31,80,1,7,465,1,137.12,0,0,1
6,7,238,209.19,812,5,14,714,1,338.07,1,1,1
7,8,70,61.41,353,4,28,761,0,75.52,1,0,0
8,9,152,108.06,818,3,14,413,1,301.19,1,0,1
9,10,171,117.42,170,5,25,732,0,215.72,0,0,1
10,11,260,161.99,499,4,27,655,1,209.26,0,0,0
11,12,264,138.7,816,3,4,506,0,413.71,1,0,1
12,13,124,110.25,831,1,26,534,0,52.56,1,1,1
13,14,252,218.18,363,4,15,741,0,209.31,1,0,0
14,15,137,130.13,402,3,3,654,1,104.01,0,0,1
15,16,166,157.45,593,1,5,814,0,152.79,1,0,1
16,17,149,111.74,523,5,1,507,1,236.22,1,0,1
17,18,153,129.44,568,5,3,424,1,156.05,0,0,1
18,19,201,185.95,698,5,15,437,1,323.33,0,0,1
19,20,180,158.82,780,5,24,638,1,215.16,1,0,1
20,21,199,121.65,185,2,27,836,1,149.24,1,0,0
21,22,102,71.68,320,4,8,367,0,167.17,1,0,1
22,23,51,28.46,677,4,29,840,1,28.19,1,0,0
23,24,137,127.32,173,2,4,682,0,72.11,1,0,1
24,25,285,220.24,135,3,2,318,0,301.69,1,0,1
25,26,207,124.8,449,3,29,749,1,123.29,0,1,1
26,27,87,69.8,699,5,24,373,1,10.2,0,0,1
27,28,179,139.29,687,1,24,575,1,238.39,1,0,1
28,29,241,159.34,31,3,10,347,1,258.13,1,0,1
29,30,237,130.61,618,1,4,510,1,224.32,1,0,1
30,31,70,56.15,673,4,3,839,0,135.61,1,1,1
31,32,210,154.17,119,1,2,490,0,248.91,0,0,1
32,33,253,214.43,374,4,25,614,0,440.35,1,0,1
33,34,107,78.55,379,2,17,412,0,39.05,0,0,1
34,35,71,62.73,488,2,23,469,1,83.89,1,0,1
35,36,285,213.28,292,5,21,767,1,498.51,1,1,1
36,37,138,103.83,380,3,24,313,0,166.69,1,0,1
37,38,98,87.66,137,5,20,587,1,143.49,1,0,1
38,39,268,182.66,615,4,23,488,1,216.24,0,0,1
39,40,108,60.51,68,5,13,454,0,29.77,1,0,1
40,41,219,112.34,188,1,5,770,0,212.43,0,1,1
41,42,269,225.91,612,4,30,374,0,228.52,1,0,1
42,43,237,184.66,341,2,21,576,0,414.14,1,0,1
43,44,257,209.93,270,3,30,642,0,144.84,1,0,1
44,45,64,38.13,474,4,9,724,1,123.95,1,0,0
45,46,239,134.17,327,4,25,810,0,458.99,0,0,1
46,47,239,121.06,65,1,29,481,1,136.35,1,0,1
47,48,224,147.34,113,3,25,757,1,170.53,0,0,0
48,49,239,182.95,481,2,28,363,1,430.57,1,0,1
49,50,100,67.65,804,4,22,559,1,193.66,0,0,1
50,51,157,109.41,851,4,6,492,0,147.98,0,1,1
51,52,104,94.31,414,1,5,705,1,73.83,1,0,1
52,53,293,192.42,201,5,25,392,1,322.18,1,0,1
53,54,113,82.64,405,2,10,729,0,158.96,0,0,1
54,55,298,254.09,714,3,8,733,0,184.64,0,0,1
55,56,180,122.12,391,4,7,703,1,269.87,1,0,0
56,57,278,216.82,588,4,7,733,1,55.09,0,1,1
57,58,100,88.81,170,2,6,411,1,19.37,0,0,1
58,59,184,170.62,147,5,21,674,1,153.45,1,0,1
59,60,70,39.63,306,4,29,358,1,54.01,0,0,1
60,61,122,111.87,755,2,20,342,0,85.36,1,0,1
61,62,216,155.83,249,1,3,506,1,223.11,1,0,1
62,63,67,41.29,55,5,19,595,0,47.53,1,0,1
63,64,181,127.9,550,3,22,417,0,84.22,1,0,1
64,65,138,129.86,812,4,15,831,1,94.94,1,0,1
65,66,109,78.66,39,2,4,521,1,212.8,0,0,1
66,67,63,40.82,407,1,28,465,1,55.51,0,0,1
67,68,291,228.44,662,3,12,455,1,274.98,1,0,1
68,69,299,181.81,666,2,6,483,1,357.44,0,0,1
69,70,58,30.98,711,2,19,389,0,114.16,1,0,1
70,71,139,77.56,613,3,4,393,0,77.71,1,0,1
71,72,102,56.88,181,1,15,312,0,142.23,0,0,1
72,73,179,101.74,749,1,9,737,1,261.41,1,0,0
73,74,133,74.81,78,5,5,837,1,166.77,1,0,0
74,75,141,111.16,183,4,13,449,1,37.83,1,0,1
75,76,160,93.1,888,3,23,307,1,221.77,1,0,1
76,77,237,155.37,322,3,26,328,1,52.56,1,0,1
77,78,248,224.08,609,3,18,595,0,305.7,1,0,1
78,79,221,157.64,79,1,30,639,0,332.65,1,1,1
79,80,57,45.62,693,4,30,738,1,28.55,1,0,0
80,81,224,129.37,560,5,5,443,1,380.59,0,0,1
81,82,84,49.27,641,2,25,818,1,13.24,0,0,0
82,83,255,132.19,89,2,16,344,0,434.33,1,0,1
83,84,130,74.88,196,3,27,538,1,126.7,0,0,1
84,85,213,133.2,231,4,19,454,1,109.36,0,0,1
85,86,99,57.39,886,1,14,480,0,35.06,1,0,1
86,87,153,82.61,175,4,25,514,1,292.43,0,0,1
87,88,181,100.33,705,4,30,387,1,43.09,1,0,1
88,89,51,36.07,468,1,16,555,1,24.39,1,0,1
89,90,183,108.49,271,3,27,810,0,139.24,1,0,0
90,91,103,68.38,610,4,15,372,1,131.68,1,0,1
91,92,155,112.61,716,2,22,478,1,175.94,0,0,1
92,93,53,42.97,590,1,4,511,1,17.95,1,0,1
93,94,103,53.32,512,5,7,533,1,67.0,1,0,1
94,95,270,232.13,137,3,16,764,1,149.48,1,0,0
95,96,240,187.81,255,1,24,522,1,121.38,1,0,1
96,97,195,104.67,702,5,22,563,1,171.83,0,0,1
97,98,267,238.46,660,5,21,506,1,383.86,1,1,1
98,99,93,85.04,690,4,22,665,0,47.72,0,1,1
99,100,211,111.3,691,4,21,575,1,168.1,1,0,1
100,101,251,156.77,461,4,8,679,0,211.53,1,0,0
101,102,239,206.21,834,1,17,608,1,467.31,0,0,1
102,103,277,231.77,684,1,16,567,1,530.14,0,0,1
103,104,63,36.73,448,3,27,363,1,102.08,0,0,1
104,105,144,85.57,484,4,23,649,1,80.52,1,0,1
105,106,97,64.67,189,5,10,793,1,22.24,1,1,1
106,107,64,45.95,552,2,10,822,0,44.94,0,0,1
107,108,249,193.78,679,3,27,397,1,151.12,1,0,1
108,109,255,169.83,619,1,2,370,1,270.62,0,0,1
109,110,264,186.95,106,3,30,663,0,416.51,1,1,1
110,111,298,249.24,538,3,9,575,0,515.78,0,0,1
111,112,239,123.45,470,3,17,349,1,407.55,1,0,1
112,113,89,54.61,283,3,11,657,1,69.72,1,0,0
113,114,262,215.1,799,2,10,784,1,368.31,1,1,1
114,115,257,232.03,349,4,22,383,1,178.46,1,0,1
115,116,286,208.85,832,5,25,595,0,61.7,1,1,1
116,117,131,96.87,292,3,17,535,1,187.72,1,0,1
117,118,160,87.72,626,3,4,355,1,18.99,1,0,1
118,119,102,71.54,687,3,16,659,1,89.5,1,0,0
119,120,73,54.0,864,4,20,409,1,52.98,1,0,1
120,121,203,123.65,583,1,15,491,1,287.74,0,0,1
121,122,266,165.23,403,1,25,392,1,413.86,1,1,1
122,123,237,158.74,666,2,27,359,1,160.63,0,0,1
123,124,173,88.06,196,1,21,338,0,284.08,1,0,1
124,125,286,184.45,782,3,5,839,1,188.31,1,0,0
125,126,90,53.56,488,3,6,348,1,85.32,1,0,1
126,127,206,133.36,309,3,17,719,1,305.16,0,0,0
127,128,64,35.45,729,2,1,312,0,90.66,0,0,1
128,129,94,84.67,331,3,25,335,1,185.74,1,0,1
129,130,114,87.45,560,1,19,400,0,60.17,1,0,1
130,131,138,111.17,609,4,4,385,1,187.46,0,1,1
131,132,120,102.62,247,4,17,815,1,151.01,1,0,0
132,133,58,42.01,131,5,9,522,1,106.64,1,1,1
133,134,137,73.86,583,1,24,637,0,54.4,1,0,1
134,135,178,132.02,317,3,2,465,1,272.06,0,0,1
135,136,285,217.76,196,4,8,682,1,336.22,1,0,0
136,137,185,154.56,650,1,15,675,1,115.05,0,0,0
137,138,265,183.98,65,4,7,770,1,265.38,1,1,1
138,139,112,62.43,773,3,27,330,1,82.23,0,0,1
139,140,188,118.01,770,4,6,674,1,225.73,0,0,0
140,141,292,193.71,382,5,1,310,0,522.42,0,1,1
141,142,130,102.79,705,5,15,601,0,153.62,0,0,1
142,143,185,140.02,102,4,23,395,1,240.55,1,0,1
143,144,212,139.97,677,1,26,489,1,230.15,0,0,1
144,145,212,200.11,382,1,7,752,1,41.81,0,1,1
145,146,82,63.35,99,1,29,491,0,44.48,1,0,1
146,147,172,104.36,454,4,30,785,0,177.99,0,0,1
147,148,54,29.47,737,1,25,565,1,37.23,0,0,1
148,149,283,160.97,810,3,17,723,0,126.03,1,1,1
149,150,280,170.99,590,5,2,427,1,296.2,1,0,1
150,151,299,171.12,857,3,27,537,0,213.29,1,0,1
151,152,90,52.56,671,1,9,654,1,53.14,1,0,0
152,153,77,48.38,546,3,29,411,1,75.58,1,1,1
153,154,184,106.36,457,1,9,745,0,65.0,0,1,1
154,155,250,225.89,568,4,13,642,1,465.68,1,1,1
155,156,121,64.87,189,3,6,444,0,211.58,1,0,1
156,157,61,44.9,178,4,6,364,1,88.11,1,0,1
157,158,211,144.47,805,4,20,546,1,63.68,1,0,1
158,159,82,77.25,259,2,20,789,1,129.08,0,1,1
159,160,97,53.39,741,1,21,738,1,158.61,1,0,0
160,161,296,200.99,591,5,3,405,1,461.39,1,0,1
161,162,200,187.25,96,1,17,480,0,63.31,1,0,1
162,163,111,98.73,841,5,17,483,0,146.9,0,0,1
163,164,265,229.94,410,1,12,525,1,446.58,0,0,1
164,165,86,52.98,87,4,16,388,1,102.94,0,0,1
165,166,148,85.38,288,3,15,829,1,196.57,1,0,0
166,167,221,177.0,371,3,13,670,1,214.57,0,0,0
167,168,153,140.49,867,2,23,698,1,169.0,0,0,1
168,169,263,197.39,159,5,1,405,1,43.48,1,0,1
169,170,268,202.94,756,5,17,570,1,352.16,0,0,1
170,171,84,52.58,201,5,3,802,1,21.4,1,0,0
171,172,242,204.8,799,4,26,824,1,224.22,0,0,0
172,173,276,161.23,643,5,15,331,0,181.07,1,0,1
173,174,150,96.85,238,3,4,692,0,170.45,1,0,0
174,175,224,154.88,832,4,4,339,0,79.18,1,0,1
175,176,255,185.75,383,1,18,517,0,360.6,1,0,1
176,177,180,109.64,500,5,17,381,1,289.89,0,0,1
177,178,50,27.58,827,5,19,500,1,20.52,0,1,1
178,179,54,41.84,145,1,11,746,1,16.1,0,0,0
179,180,267,168.18,293,5,20,727,1,100.52,1,0,0
180,181,296,225.42,691,1,3,337,1,522.9,1,0,1
181,182,191,108.77,841,4,8,510,0,210.78,1,0,1
182,183,152,108.91,471,3,14,743,0,150.14,1,0,0
183,184,76,56.21,577,1,26,626,0,23.01,0,0,1
184,185,186,97.34,482,2,1,526,1,248.15,1,0,1
185,186,256,166.78,874,1,14,347,0,447.8,1,0,1
186,187,64,35.87,506,5,2,317,0,107.11,0,1,1
187,188,139,73.46,316,4,29,738,1,179.24,1,0,0
188,189,91,86.04,332,4,23,486,1,22.12,0,0,1
189,190,173,111.6,340,1,4,644,0,54.24,1,0,1
190,191,254,219.57,237,3,24,523,1,49.2,1,0,1
191,192,228,140.13,647,2,27,787,1,134.34,0,1,1
192,193,112,90.35,475,4,29,528,1,40.07,1,0,1
193,194,145,122.1,699,5,19,689,1,86.14,0,1,1
194,195,280,215.05,662,5,6,487,0,232.85,1,0,1
195,196,290,206.54,84,3,25,569,0,548.58,1,0,1
196,197,101,69.22,41,4,1,609,1,127.23,0,0,1
197,198,145,95.26,686,1,17,431,1,244.54,1,0,1
198,199,181,166.21,429,5,8,850,1,262.39,1,0,1
199,200,271,236.79,677,3,19,371,1,85.03,0,0,1
200,201,278,259.72,544,4,21,486,1,416.51,0,0,1
201,202,200,111.19,685,4,1,785,1,124.54,1,0,0
202,203,280,232.09,571,4,5,490,1,368.01,1,1,1
203,204,286,263.76,266,4,27,721,1,213.88,0,0,1
204,205,192,111.66,308,4,16,419,0,383.15,0,0,1
205,206,220,116.58,377,5,6,519,1,132.16,0,0,1
206,207,78,65.01,656,3,8,352,0,49.17,1,0,1
207,208,85,64.47,133,4,13,750,0,158.8,0,0,1
208,209,62,54.49,659,2,16,711,1,9.1,0,1,1
209,210,209,117.65,546,2,30,536,0,297.56,1,1,1
210,211,120,102.94,277,3,3,705,0,177.37,1,0,0
211,212,236,139.41,393,1,19,721,0,398.63,0,1,1
212,213,292,167.5,350,1,12,546,1,569.82,1,0,1
213,214,135,77.48,662,1,16,371,1,263.74,1,0,1
214,215,77,66.73,315,2,27,484,1,17.25,0,0,1
215,216,115,91.92,178,1,11,305,0,191.07,0,0,1
216,217,219,161.05,113,5,10,505,1,290.83,1,0,1
217,218,94,62.18,435,4,25,843,1,125.02,0,0,0
218,219,111,99.32,485,2,20,686,1,38.17,1,0,0
219,220,234,158.32,772,3,4,375,1,312.47,1,0,1
220,221,294,255.04,829,3,12,476,0,578.21,0,0,1
221,222,183,127.66,190,4,23,648,1,335.34,0,1,1
222,223,77,51.56,813,2,2,554,1,71.94,1,0,1
223,224,77,54.53,489,1,24,607,1,13.54,1,0,1
224,225,157,99.79,579,1,22,644,1,123.77,1,0,1
225,226,93,77.79,529,5,19,426,1,155.32,1,0,1
226,227,133,96.59,767,5,25,586,1,190.57,0,0,1
227,228,79,47.76,538,1,5,786,1,76.85,1,0,0
228,229,239,216.25,683,3,8,682,1,48.92,1,0,1
229,230,124,83.42,833,3,7,705,1,112.98,1,0,0
230,231,177,131.79,510,5,14,687,0,175.43,0,0,1
231,232,299,271.47,692,4,24,824,1,557.41,0,0,1
232,233,296,231.15,143,1,23,575,1,390.15,1,0,1
233,234,141,77.92,778,5,3,799,1,97.59,1,0,0
234,235,266,245.5,607,5,18,636,0,292.1,0,1,1
235,236,280,219.09,390,1,16,780,1,63.14,0,0,0
236,237,239,155.52,370,1,23,572,1,465.54,1,1,1
237,238,274,154.17,799,3,19,357,1,214.85,1,0,1
238,239,178,152.6,790,4,19,627,1,179.41,0,1,1
239,240,170,132.44,478,4,18,408,1,131.76,0,0,1
240,241,76,56.24,872,1,20,578,0,106.15,0,0,1
241,242,239,215.64,864,2,16,627,1,324.62,1,1,1
242,243,170,145.33,209,5,8,614,0,248.05,1,0,1
243,244,165,93.76,731,5,28,773,0,100.56,1,0,0
244,245,254,162.63,436,1,1,410,1,177.74,1,0,1
245,246,282,172.53,695,2,17,528,1,95.31,0,0,1
246,247,52,43.41,225,3,12,796,1,69.96,1,1,1
247,248,152,78.29,495,1,30,455,1,26.69,1,0,1
248,249,247,186.84,340,1,21,772,1,305.19,0,0,0
249,250,249,209.93,291,5,11,571,1,436.35,0,0,1
250,251,204,182.49,448,1,5,301,0,365.69,1,0,1
251,252,186,121.63,435,1,27,810,1,177.29,1,0,0
252,253,111,96.52,172,1,12,585,1,107.97,0,0,1
253,254,214,117.65,371,5,17,312,1,52.7,1,0,1
254,255,274,241.37,345,3,6,797,0,376.6,1,0,0
255,256,100,55.74,130,3,1,537,1,166.04,0,1,1
256,257,283,192.09,273,1,5,393,0,159.85,0,0,1
257,258,221,189.79,519,5,25,637,0,199.0,0,0,1
258,259,201,114.06,41,3,28,470,1,340.45,1,0,1
259,260,256,154.41,268,3,14,766,1,452.23,0,0,0
260,261,108,89.1,590,3,5,442,1,60.7,0,0,1
261,262,167,137.61,71,5,22,500,1,191.4,1,1,1
262,263,209,164.8,707,5,24,479,1,97.34,1,0,1
263,264,145,117.78,623,1,27,663,1,42.57,0,1,1
264,265,265,197.22,458,4,1,778,1,485.25,1,0,0
265,266,282,172.95,832,3,30,770,0,467.83,1,0,0
266,267,229,150.12,187,4,18,683,1,353.59,1,0,0
267,268,162,94.24,245,5,16,716,1,31.21,1,0,0
268,269,111,100.88,699,5,9,607,1,189.04,0,0,1
269,270,290,221.13,491,5,19,666,1,270.36,1,1,1
270,271,235,159.89,163,4,22,300,1,176.38,1,0,1
271,272,101,71.5,96,5,5,343,1,114.97,1,1,1
272,273,61,56.5,877,1,27,397,1,16.69,1,0,1
273,274,88,50.07,36,5,2,564,0,135.31,1,0,1
274,275,179,136.72,555,2,30,439,1,215.99,0,0,1
275,276,180,130.98,102,4,15,780,1,81.81,1,0,0
276,277,162,125.58,428,2,7,536,1,74.14,1,1,1
277,278,150,76.22,434,5,4,371,0,67.51,1,0,1
278,279,162,144.58,704,1,1,489,1,33.75,0,0,1
279,280,233,214.23,607,3,13,567,1,283.52,1,0,1
280,281,130,98.06,888,5,20,620,1,220.57,1,0,1
281,282,236,191.98,159,1,22,406,1,31.45,0,0,1
282,283,162,148.25,495,4,7,531,1,31.28,1,0,1
283,284,51,41.73,235,2,15,341,1,60.6,1,0,1
284,285,179,101.79,817,2,23,438,1,296.61,1,0,1
285,286,269,204.26,797,2,14,572,1,193.9,1,0,1
286,287,103,79.62,295,4,23,780,0,78.72,1,0,0
287,288,136,93.96,566,1,19,715,1,167.7,0,0,0
288,289,278,231.13,822,4,22,805,1,172.64,1,0,0
289,290,273,251.29,282,2,29,723,1,41.1,1,0,1
290,291,274,251.12,851,5,24,706,0,410.16,1,0,1
291,292,178,125.11,318,3,20,689,1,229.39,1,0,0
292,293,196,107.99,193,4,29,641,0,235.87,1,0,1
293,294,175,165.06,124,4,24,792,0,264.11,0,0,1
294,295,179,157.07,811,1,18,491,1,247.55,1,0,1
295,296,102,56.72,862,1,10,798,1,50.1,0,0,0
296,297,221,202.08,139,4,9,532,1,170.11,0,1,1
297,298,267,238.02,365,2,25,526,1,90.68,0,0,1
298,299,209,153.3,851,3,8,670,0,72.47,1,0,0
299,300,247,189.22,267,1,26,438,1,342.04,0,0,1
300,301,209,142.03,410,2,30,448,1,361.85,0,0,1
301,302,296,155.29,465,5,29,414,0,571.04,0,0,1
302,303,117,76.15,512,1,10,749,1,151.38,0,0,0
303,304,232,199.82,54,2,17,362,1,104.35,1,0,1
304,305,252,126.53,682,2,2,403,1,75.79,1,0,1
305,306,233,151.47,146,3,6,572,1,383.15,0,0,1
306,307,172,116.82,511,3,26,305,1,206.34,1,0,1
307,308,194,143.91,421,5,5,446,1,247.3,1,0,1
308,309,87,79.51,566,2,28,483,1,137.88,1,0,1
309,310,73,47.88,108,2,30,327,0,104.84,0,0,1
310,311,118,77.42,609,3,9,849,1,198.89,1,0,0
311,312,165,137.26,202,1,5,418,1,34.12,0,1,1
312,313,147,103.41,41,1,18,592,1,223.48,0,0,1
313,314,247,148.46,829,4,26,670,1,424.01,0,0,0
314,315,263,185.05,157,3,20,543,1,169.28,1,0,1
315,316,188,105.92,637,4,9,517,1,247.57,0,1,1
316,317,289,167.44,121,3,17,476,0,201.41,0,0,1
317,318,193,139.78,682,5,27,598,1,370.59,0,0,1
318,319,146,100.52,572,2,17,357,1,23.87,1,0,1
319,320,250,227.92,875,5,12,568,0,300.4,1,0,1
320,321,173,114.71,561,3,7,607,1,72.03,0,1,1
321,322,236,179.66,687,2,27,587,1,342.96,1,0,1
322,323,119,93.36,857,1,3,404,1,51.67,1,0,1
323,324,257,130.01,476,1,10,527,0,140.64,1,1,1
324,325,142,113.4,419,4,2,546,0,147.58,0,0,1
325,326,52,30.17,701,3,25,793,1,95.59,1,0,0
326,327,197,183.7,890,3,3,382,0,98.94,0,0,1
327,328,236,133.79,72,1,16,485,1,88.28,1,0,1
328,329,213,146.24,283,5,2,551,1,328.46,0,0,1
329,330,196,105.53,159,2,28,654,0,206.03,0,0,1
330,331,139,131.85,89,5,24,509,0,254.7,0,0,1
331,332,244,177.14,692,5,10,746,1,92.37,1,0,0
332,333,196,150.51,496,1,6,759,1,260.14,0,1,1
333,334,197,104.45,316,1,22,771,1,106.87,1,0,0
334,335,145,121.43,546,1,26,669,1,57.69,0,1,1
335,336,248,147.43,496,4,11,791,1,346.83,1,0,0
336,337,101,91.32,807,5,23,436,1,124.03,1,0,1
337,338,282,167.03,374,3,7,666,1,432.64,1,1,1
338,339,210,123.02,671,2,27,483,1,144.48,1,0,1
339,340,217,112.07,411,4,29,586,1,206.4,1,0,1
340,341,177,126.1,808,3,15,771,1,154.06,0,0,0
341,342,88,66.37,719,5,6,674,0,173.34,1,0,0
342,343,131,69.37,282,1,20,836,1,85.84,0,0,0
343,344,153,129.9,85,5,27,810,0,101.0,1,1,1
344,345,178,125.31,492,2,9,549,0,137.71,1,0,1
345,346,60,44.16,486,4,22,809,1,70.36,0,0,0
346,347,269,187.85,112,4,20,372,1,155.86,0,0,1
347,348,234,159.2,128,2,12,581,1,430.34,1,0,1
348,349,266,199.99,178,3,19,659,1,160.88,1,0,0
349,350,227,129.36,358,3,20,309,1,409.07,1,0,1
350,351,200,116.37,185,4,3,510,0,59.32,1,0,1
351,352,208,184.66,219,4,15,451,1,280.27,1,0,1
352,353,271,250.88,523,1,2,304,1,494.11,1,1,1
353,354,91,60.79,292,3,30,494,1,38.28,0,0,1
354,355,148,92.03,109,2,21,582,1,287.09,0,0,1
355,356,56,44.23,429,3,2,763,0,53.79,1,0,0
356,357,193,132.0,793,1,22,412,1,366.09,1,0,1
357,358,139,71.09,638,4,3,570,1,192.65,1,0,1
358,359,161,91.81,289,4,6,462,1,108.36,1,1,1
359,360,298,245.01,801,1,15,759,1,136.42,0,0,0
360,361,293,233.38,644,2,27,404,1,198.39,1,1,1
361,362,109,55.83,581,4,10,581,1,30.16,0,0,1
362,363,162,97.18,814,5,9,461,1,60.48,0,1,1
363,364,51,30.8,130,4,1,650,1,15.24,1,0,0
364,365,178,142.82,388,5,16,733,0,160.84,0,1,1
365,366,97,49.36,409,1,6,439,0,156.33,1,0,1
366,367,189,103.35,849,1,9,770,1,69.67,1,0,0
367,368,246,211.55,250,4,27,431,0,85.51,1,1,1
368,369,86,49.91,849,3,4,386,0,113.74,0,0,1
369,370,209,165.89,449,5,27,482,1,99.2,0,0,1
370,371,300,182.15,153,2,28,667,1,85.64,0,0,0
371,372,296,161.25,451,4,2,428,1,123.44,1,1,1
372,373,58,35.35,260,2,29,545,0,107.6,1,0,1
373,374,282,232.66,719,4,4,677,0,468.34,1,0,0
374,375,148,130.99,92,3,1,448,0,114.36,0,0,1
375,376,196,171.23,514,3,19,732,1,263.83,1,0,0
376,377,97,65.84,657,3,26,768,1,108.72,0,1,1
377,378,257,205.76,732,3,25,745,1,356.34,0,0,0
378,379,180,106.6,603,1,10,780,0,251.47,1,0,0
379,380,197,124.49,797,1,21,593,1,255.04,1,1,1
380,381,201,181.57,512,5,15,442,1,121.72,0,0,1
381,382,103,52.1,548,2,27,549,1,17.93,0,0,1
382,383,169,91.0,184,4,22,601,1,163.18,1,0,1
383,384,210,124.65,121,4,19,324,1,376.5,0,0,1
384,385,201,102.9,555,1,16,369,0,237.59,0,0,1
385,386,165,95.97,484,4,21,411,0,277.45,1,0,1
386,387,124,94.53,770,1,27,663,1,246.03,1,0,0
387,388,162,111.72,627,5,24,602,0,66.56,1,0,1
388,389,249,224.52,674,2,22,770,0,352.18,1,0,1
389,390,213,184.85,539,5,4,390,0,294.19,1,0,1
390,391,215,140.57,212,3,2,829,0,421.81,0,0,1
391,392,153,94.36,415,3,30,491,1,301.81,1,0,1
392,393,133,89.22,603,3,25,541,1,186.82,1,0,1
393,394,276,211.31,760,5,13,437,1,155.35,0,0,1
394,395,161,99.92,434,4,28,644,1,260.38,1,0,1
395,396,266,207.71,275,2,1,479,1,80.69,0,0,1
396,397,148,101.27,771,3,17,802,1,234.33,0,0,0
397,398,202,151.18,620,3,13,502,1,369.53,0,0,1
398,399,142,98.87,690,3,4,491,1,117.49,1,0,1
399,400,195,123.34,679,2,7,304,0,253.15,1,0,1
400,401,177,164.04,500,3,17,536,1,162.36,1,1,1
401,402,159,134.14,855,2,9,610,1,148.15,1,1,1
402,403,131,73.76,452,3,4,848,1,90.35,0,0,0
403,404,243,216.47,94,5,19,355,1,376.18,0,0,1
404,405,103,74.09,42,5,1,742,1,193.51,0,0,1
405,406,212,191.34,242,2,10,536,1,400.13,0,0,1
406,407,257,221.0,271,5,4,496,0,111.05,0,0,1
407,408,238,164.54,522,2,9,813,1,419.36,1,0,0
408,409,218,111.2,242,5,13,748,1,327.24,1,0,0
409,410,277,171.99,722,5,14,659,1,160.77,1,0,0
410,411,210,156.18,367,2,10,329,0,47.85,0,0,1
411,412,117,91.85,202,4,6,407,1,71.28,1,0,1
412,413,82,50.52,701,5,16,744,1,150.32,0,0,0
413,414,191,107.48,193,3,6,737,0,248.88,0,0,1
414,415,70,61.3,494,4,17,756,1,102.9,1,0,0
415,416,97,91.47,526,2,10,794,0,57.09,1,0,1
416,417,197,145.1,729,4,18,546,1,288.97,0,0,1
417,418,297,171.44,424,1,27,842,1,45.57,1,0,0
418,419,177,110.19,732,1,22,738,1,143.92,0,0,0
419,420,185,94.03,337,5,18,577,0,238.8,1,0,1
420,421,184,167.7,797,5,3,410,1,69.48,1,1,1
421,422,244,134.93,212,3,20,684,0,405.94,1,1,1
422,423,194,147.33,658,4,27,490,0,106.03,0,0,1
423,424,177,110.33,823,1,21,789,0,237.06,0,0,1
424,425,82,61.45,539,5,25,725,0,71.33,1,0,0
425,426,225,178.46,737,4,28,704,1,277.31,1,1,1
426,427,253,220.97,575,5,15,634,0,76.95,0,0,1
427,428,236,139.92,593,5,15,508,1,31.18,1,1,1
428,429,164,82.81,653,1,4,321,1,299.82,1,0,1
429,430,263,147.7,793,1,29,507,1,161.03,1,0,1
430,431,168,152.04,623,5,27,307,1,278.44,1,1,1
431,432,71,63.42,773,2,9,828,1,141.91,1,0,0
432,433,287,220.66,256,5,27,465,1,143.99,1,0,1
433,434,207,159.44,774,5,26,795,0,124.99,1,0,0
434,435,87,69.54,762,3,19,728,1,118.27,0,0,0
435,436,279,161.52,465,3,24,462,0,539.68,0,0,1
436,437,158,144.01,451,3,28,665,0,290.73,0,0,1
437,438,100,68.84,583,2,17,825,0,105.55,1,0,0
438,439,231,155.33,50,2,11,538,1,372.07,0,0,1
439,440,57,41.81,583,5,25,371,0,20.4,1,1,1
440,441,76,39.61,426,3,9,744,1,148.74,0,0,0
441,442,76,43.69,654,2,10,808,0,146.85,0,0,1
442,443,275,228.83,134,1,18,568,1,113.05,1,0,1
443,444,70,37.61,221,5,20,714,0,46.82,0,0,1
444,445,79,60.94,46,4,13,544,0,22.93,0,0,1
445,446,146,89.12,149,5,8,359,1,89.97,0,1,1
446,447,77,51.99,422,4,7,305,0,127.07,1,0,1
447,448,160,100.79,454,3,17,706,1,131.01,1,0,0
448,449,241,159.07,158,4,21,516,1,64.58,1,0,1
449,450,274,225.66,159,3,23,325,0,205.56,1,0,1
450,451,246,155.89,601,1,15,304,1,483.3,1,1,1
451,452,110,83.04,589,4,20,831,0,142.6,0,0,1
452,453,97,69.28,58,5,15,689,1,86.4,0,0,0
453,454,196,156.54,126,3,1,747,0,81.62,1,0,0
454,455,53,48.84,39,5,25,445,1,104.61,0,0,1
455,456,84,69.69,271,2,14,687,0,139.41,0,0,1
456,457,241,143.81,855,3,5,548,1,152.99,1,0,1
457,458,98,50.38,261,4,11,825,1,22.85,1,0,0
458,459,66,40.79,818,3,16,761,1,13.7,0,0,0
459,460,221,169.68,313,5,2,312,1,72.65,0,0,1
460,461,269,140.73,744,1,8,683,1,323.73,1,1,1
461,462,207,149.74,788,3,11,698,1,385.98,1,1,1
462,463,270,207.52,831,4,29,318,0,281.83,1,0,1
463,464,95,61.79,805,2,18,790,0,161.65,1,0,0
464,465,166,140.59,755,1,3,718,0,157.23,1,0,0
465,466,55,30.14,229,2,30,636,1,79.55,1,0,1
466,467,148,79.0,108,3,26,718,1,220.6,1,0,0
467,468,173,143.19,884,5,1,421,1,74.48,0,0,1
468,469,282,203.88,885,5,11,731,0,221.74,1,1,1
469,470,86,69.64,202,4,16,343,1,112.74,0,1,1
470,471,73,50.78,496,5,18,616,0,17.11,0,0,1
471,472,142,86.75,610,1,30,680,1,111.74,1,0,0
472,473,290,251.89,445,5,16,444,1,323.67,1,0,1
473,474,95,81.68,478,4,23,626,1,189.32,1,0,1
474,475,230,186.9,116,3,10,662,1,230.37,0,0,0
475,476,144,89.64,130,3,18,349,1,237.67,1,0,1
476,477,148,113.31,37,5,6,364,0,136.3,1,1,1
477,478,237,157.0,874,2,19,654,1,382.31,1,0,0
478,479,274,148.29,229,3,4,463,0,337.37,0,0,1
479,480,165,150.61,534,5,27,440,1,294.45,0,0,1
480,481,240,134.78,116,4,13,427,1,211.39,1,0,1
481,482,262,243.03,72,5,24,697,0,327.02,0,0,1
482,483,209,146.45,414,3,14,762,0,271.08,1,1,1
483,484,264,153.99,650,4,3,486,1,235.76,1,0,1
484,485,210,156.21,464,5,10,489,1,78.58,0,0,1
485,486,116,103.57,437,1,6,687,1,32.22,0,0,0
486,487,177,146.82,512,4,1,728,0,23.31,0,0,1
487,488,67,57.82,693,1,23,583,0,117.9,1,1,1
488,489,74,58.94,46,2,24,536,1,40.65,0,0,1
489,490,283,229.66,674,4,27,493,1,142.03,1,1,1
490,491,272,239.94,177,1,14,586,0,407.58,1,0,1
491,492,103,63.07,306,3,8,435,1,72.93,1,0,1
492,493,107,77.07,261,3,19,470,0,113.58,0,0,1
493,494,116,69.55,855,2,14,458,1,47.42,0,0,1
494,495,153,144.5,395,4,10,500,1,294.3,1,0,1
495,496,223,206.24,257,4,17,786,1,383.12,1,0,1
496,497,73,37.8,680,4,9,803,1,127.11,1,0,0
497,498,163,133.25,465,2,29,670,1,142.28,0,0,0
498,499,81,74.23,428,4,6,402,0,125.43,0,0,1
499,500,224,130.2,240,3,11,424,0,83.63,1,0,1
500,501,135,102.0,420,1,25,612,1,15.71,0,0,1
501,502,200,182.39,528,3,7,757,1,27.59,1,0,1
502,503,243,125.21,569,3,17,529,1,295.13,1,0,1
503,504,176,143.24,592,1,28,496,1,169.88,0,0,1
504,505,204,129.3,520,3,28,722,1,221.18,1,0,0
505,506,283,259.22,471,2,1,470,0,32.31,1,0,1
506,507,179,167.72,290,1,22,681,1,161.66,0,0,1
507,508,267,246.95,802,3,5,472,1,390.98,1,0,1
508,509,66,47.08,379,5,9,752,1,62.11,0,1,1
509,510,153,135.85,381,3,18,649,1,228.16,0,0,1
510,511,210,184.81,549,2,24,793,0,113.97,0,0,1
511,512,186,119.71,349,4,27,303,1,305.96,1,0,1
512,513,92,80.32,167,3,21,392,1,112.06,1,0,1
513,514,295,152.41,579,4,2,305,1,147.63,1,1,1
514,515,225,172.87,652,5,29,587,0,123.7,0,0,1
515,516,88,53.11,397,3,26,445,0,113.81,1,1,1
516,517,270,149.65,249,1,11,723,0,452.76,0,1,1
517,518,219,117.08,366,4,27,756,0,194.84,1,0,0
518,519,296,240.75,252,5,28,501,1,174.87,1,0,1
519,520,75,48.97,677,1,6,511,1,131.05,0,0,1
520,521,148,122.27,797,1,26,305,1,203.0,0,0,1
521,522,99,52.41,389,1,8,675,1,94.18,1,0,0
522,523,202,129.66,358,1,4,746,1,207.46,0,0,0
523,524,201,149.3,492,3,18,405,0,98.11,1,0,1
524,525,62,53.06,590,3,28,700,1,80.04,0,0,0
525,526,109,70.13,833,3,11,395,1,85.2,0,0,1
526,527,299,233.71,411,5,5,687,0,595.53,1,1,1
527,528,184,165.36,865,5,15,751,0,186.27,1,0,0
528,529,106,82.38,619,5,28,715,1,108.46,1,1,1
529,530,85,51.41,646,2,18,803,1,99.89,0,0,0
530,531,222,113.44,198,5,2,753,1,408.89,0,0,0
531,532,69,61.52,246,3,22,590,0,111.89,0,0,1
532,533,114,58.09,407,3,11,833,1,109.11,1,0,0
533,534,57,50.94,148,2,26,492,1,83.54,1,0,1
534,535,287,211.81,219,2,25,449,0,348.37,1,0,1
535,536,193,178.06,796,5,13,814,1,199.85,1,1,1
536,537,191,164.16,399,4,4,692,0,88.89,0,0,1
537,538,253,240.11,807,2,22,615,1,248.31,1,0,1
538,539,164,107.88,178,1,7,375,0,93.0,1,1,1
539,540,264,223.14,705,3,29,569,0,485.28,1,0,1
540,541,192,130.73,681,1,11,524,0,141.56,0,0,1
541,542,141,100.95,888,3,22,829,0,269.21,0,0,1
542,543,147,115.01,517,3,24,412,1,163.58,1,1,1
543,544,115,102.71,799,2,4,550,0,149.49,0,0,1
544,545,81,76.37,403,2,28,532,1,91.66,0,0,1
545,546,264,223.27,810,1,15,382,0,91.3,0,0,1
546,547,240,165.12,722,3,1,424,1,195.37,1,1,1
547,548,135,93.1,189,1,23,474,1,38.93,0,0,1
548,549,100,83.19,380,4,3,368,0,128.36,0,1,1
549,550,202,122.7,317,1,14,346,1,191.71,0,0,1
550,551,235,129.18,317,5,6,555,0,370.87,1,0,1
551,552,112,73.87,255,1,18,329,1,58.12,1,0,1
552,553,239,150.39,552,5,25,580,1,98.63,1,0,1
553,554,174,110.2,551,5,1,536,1,151.73,1,1,1
554,555,199,120.42,812,5,6,547,1,370.24,1,0,1
555,556,107,55.53,302,4,6,667,1,155.13,0,0,0
556,557,107,54.36,431,1,21,794,0,95.87,0,0,1
557,558,135,127.5,212,1,16,324,0,146.18,0,0,1
558,559,98,67.86,694,4,29,789,1,25.48,0,0,0
559,560,229,154.1,517,3,5,793,1,451.29,0,0,0
560,561,219,176.48,856,2,17,613,1,299.19,1,0,1
561,562,119,71.19,875,1,10,674,1,76.43,1,0,0
562,563,64,59.36,153,2,28,324,1,77.63,1,0,1
563,564,103,87.95,655,4,21,633,1,31.73,1,0,1
564,565,284,153.43,819,3,18,654,1,549.57,0,0,0
565,566,237,163.03,443,3,7,415,1,102.41,0,0,1
566,567,150,134.34,754,3,3,347,1,199.69,1,0,1
567,568,274,253.49,201,4,13,398,0,155.18,1,1,1
568,569,57,40.49,317,5,15,758,0,83.41,0,0,1
569,570,102,79.16,464,5,20,822,1,160.75,1,1,1
570,571,109,62.69,715,2,19,704,0,150.37,1,1,1
571,572,285,269.62,142,5,3,513,1,361.25,1,0,1
572,573,157,94.87,151,5,4,802,1,281.92,1,0,0
573,574,54,49.91,573,3,5,747,1,13.47,0,1,1
574,575,152,120.44,251,3,1,557,1,110.77,0,0,1
575,576,245,189.5,660,2,4,420,1,140.08,1,0,1
576,577,55,40.19,68,1,12,353,1,108.75,0,0,1
577,578,158,95.4,526,2,28,630,1,132.69,1,0,1
578,579,273,158.19,809,2,27,540,1,407.31,1,0,1
579,580,165,98.87,262,4,24,829,1,231.16,0,0,0
580,581,143,83.5,559,4,10,782,1,71.92,1,0,0
581,582,96,81.68,178,2,23,486,1,53.19,1,0,1
582,583,148,97.32,426,2,25,561,1,93.9,0,0,1
583,584,104,54.71,690,2,21,663,1,91.64,1,0,0
584,585,217,203.13,667,5,29,790,1,118.31,1,0,1
585,586,101,90.67,331,4,26,730,1,13.87,1,1,1
586,587,193,177.08,389,2,20,538,1,341.77,0,0,1
587,588,62,58.76,267,3,24,603,1,119.95,1,0,1
588,589,163,94.26,676,3,25,597,1,122.08,1,0,1
589,590,173,117.35,692,5,13,375,1,128.57,0,0,1
590,591,155,130.39,265,5,23,632,1,17.59,0,0,1
591,592,207,168.33,765,1,14,773,1,288.24,1,1,1
592,593,196,111.57,232,1,23,582,1,326.99,0,0,1
593,594,194,168.22,285,1,5,371,1,73.44,1,1,1
594,595,169,101.57,627,5,4,562,0,68.17,1,0,1
595,596,112,67.28,691,5,14,311,1,179.33,1,0,1
596,597,68,50.43,264,5,10,440,1,86.42,0,0,1
597,598,141,108.12,374,3,17,316,1,26.12,1,1,1
598,599,107,81.43,563,5,10,362,1,137.26,0,0,1
599,600,232,125.55,889,3,26,552,1,159.37,1,0,1
600,601,139,124.39,826,1,7,764,1,111.28,1,1,1
601,602,278,172.23,810,1,16,675,0,434.37,1,0,0
602,603,267,149.06,495,1,1,819,1,438.09,1,0,0
603,604,166,149.39,799,2,17,389,1,142.87,1,1,1
604,605,111,103.23,570,2,21,474,0,210.85,0,0,1
605,606,72,63.93,242,4,29,375,0,62.8,1,0,1
606,607,176,152.11,492,4,9,699,1,275.7,1,0,0
607,608,186,147.84,465,4,6,370,1,189.6,0,0,1
608,609,189,141.35,312,2,19,479,0,341.2,0,0,1
609,610,294,158.51,591,2,13,423,1,536.48,1,0,1
610,611,178,121.72,636,4,3,680,1,47.36,0,0,0
611,612,107,71.44,492,4,7,592,1,201.09,1,0,1
612,613,171,105.49,436,5,22,494,1,285.32,1,1,1
613,614,50,41.28,117,4,9,527,1,80.17,0,1,1
614,615,288,208.27,73,5,22,730,1,138.74,1,0,1
615,616,83,44.53,490,3,5,735,1,135.27,0,0,0
616,617,145,86.87,307,2,10,760,1,248.71,1,1,1
617,618,175,141.31,712,4,23,320,0,113.64,1,0,1
618,619,167,89.22,450,2,17,363,1,318.85,1,0,1
619,620,97,85.66,730,2,12,464,0,18.89,1,1,1
620,621,138,99.75,382,2,23,326,0,53.11,1,0,1
621,622,281,201.27,725,3,16,610,0,315.11,1,0,1
622,623,286,219.24,544,1,3,584,0,341.49,0,0,1
623,624,166,144.6,732,4,30,580,1,220.08,0,0,1
624,625,178,116.86,659,1,25,463,0,23.54,1,0,1
625,626,65,52.33,48,1,22,523,1,125.11,1,0,1
626,627,238,179.59,52,1,9,445,1,43.96,1,0,1
627,628,280,173.65,442,2,29,329,1,104.11,1,0,1
628,629,241,215.79,59,5,15,344,0,30.52,0,0,1
629,630,240,206.12,836,2,5,770,1,282.49,1,0,0
630,631,118,93.96,137,2,23,333,1,220.81,1,0,1
631,632,71,62.68,396,1,13,726,1,96.94,0,0,0
632,633,142,126.42,310,2,14,520,1,236.15,0,1,1
633,634,296,242.35,157,1,20,833,1,37.07,1,0,0
634,635,244,213.9,258,5,15,666,1,275.68,0,0,0
635,636,125,101.73,140,4,16,849,1,121.65,0,0,0
636,637,203,163.63,165,1,23,415,1,212.75,0,0,1
637,638,193,150.23,391,5,13,538,0,45.78,1,0,1
638,639,228,191.23,215,4,17,634,1,319.3,1,0,1
639,640,278,158.84,685,3,23,740,0,293.6,1,0,0
640,641,135,121.01,613,1,8,447,1,209.76,1,0,1
641,642,234,208.81,158,1,21,308,1,239.16,0,1,1
642,643,78,40.03,290,3,2,587,1,29.94,1,0,1
643,644,255,222.26,544,3,5,687,1,339.58,0,0,0
644,645,269,150.1,478,1,6,349,1,115.01,0,0,1
645,646,118,76.79,133,3,12,816,1,207.39,1,0,0
646,647,96,80.12,512,2,18,577,1,121.43,1,1,1
647,648,290,165.98,253,4,30,599,1,115.62,0,0,1
648,649,143,124.14,861,4,22,434,0,275.77,0,0,1
649,650,287,250.97,895,4,22,446,1,311.36,1,0,1
650,651,239,174.08,520,2,1,789,1,57.0,0,0,1
651,652,293,147.34,502,3,30,777,0,378.26,0,0,1
652,653,246,154.78,39,5,17,458,1,142.95,0,0,1
653,654,253,196.74,434,3,30,683,0,411.64,0,1,1
654,655,193,181.72,331,1,11,462,1,319.2,1,0,1
655,656,267,209.41,260,4,10,740,1,523.32,0,0,0
656,657,267,164.72,760,3,19,488,1,281.3,0,0,1
657,658,225,176.69,95,5,14,714,0,216.99,1,0,1
658,659,134,99.56,141,1,26,638,0,205.23,1,0,1
659,660,88,74.88,42,2,10,480,0,30.95,0,0,1
660,661,149,81.67,422,2,15,587,1,169.73,0,0,1
661,662,82,69.08,529,5,28,486,1,93.31,0,0,1
662,663,271,201.51,627,1,19,437,1,73.17,1,1,1
663,664,150,140.0,263,4,4,429,1,134.13,1,0,1
664,665,72,47.08,631,3,2,493,1,123.93,1,1,1
665,666,299,234.62,343,1,9,615,1,516.28,1,1,1
666,667,59,54.25,595,2,10,443,1,17.02,1,0,1
667,668,295,161.11,41,5,28,315,1,80.35,1,0,1
668,669,118,108.77,238,5,11,601,1,70.7,1,0,1
669,670,149,120.62,43,3,14,722,0,262.55,0,1,1
670,671,83,44.03,662,5,7,544,0,28.63,1,0,1
671,672,229,145.51,447,5,23,406,1,336.17,0,0,1
672,673,272,222.68,466,1,15,387,0,79.48,0,1,1
673,674,187,99.17,406,4,22,428,1,240.1,1,0,1
674,675,299,227.83,49,3,19,640,1,232.18,0,0,1
675,676,196,128.51,616,1,22,303,1,313.39,1,0,1
676,677,235,183.16,784,4,15,626,1,127.84,1,0,1
677,678,145,75.48,764,1,30,709,0,190.6,1,0,0
678,679,50,44.61,99,1,28,605,1,27.39,1,0,1
679,680,297,278.61,853,5,24,524,1,432.42,0,0,1
680,681,118,110.45,240,4,8,647,1,207.68,1,1,1
681,682,286,239.48,130,3,11,620,1,97.5,1,0,1
682,683,53,29.6,727,3,29,480,1,92.57,1,1,1
683,684,65,54.68,161,4,9,685,1,79.81,1,1,1
684,685,73,37.31,652,5,15,407,1,24.93,0,0,1
685,686,129,65.78,410,2,1,830,0,117.69,1,0,0
686,687,296,191.1,161,1,30,709,1,120.07,0,0,0
687,688,51,36.71,49,5,1,595,1,72.96,1,0,1
688,689,290,245.54,565,4,19,470,1,447.14,0,0,1
689,690,269,217.21,256,1,3,630,1,80.97,1,0,1
690,691,177,124.02,183,3,10,792,1,187.91,0,0,0
691,692,209,130.23,834,2,8,494,1,344.39,0,1,1
692,693,268,254.25,771,3,15,311,1,503.49,1,0,1
693,694,133,92.01,498,4,10,494,0,143.07,1,0,1
694,695,201,141.33,851,1,1,789,1,383.01,1,0,0
695,696,189,108.42,900,4,29,481,0,211.27,1,1,1
696,697,227,194.69,434,1,18,615,0,192.71,1,0,1
697,698,212,172.18,231,5,2,329,1,362.86,1,1,1
698,699,173,103.69,67,2,19,395,1,179.34,0,0,1
699,700,82,44.04,801,5,13,680,1,81.72,1,0,0
700,701,210,169.31,217,5,22,743,0,216.63,0,0,1
701,702,238,189.1,86,4,1,597,1,406.72,1,0,1
702,703,228,142.04,49,2,2,660,1,383.2,1,0,1
703,704,220,204.14,302,1,29,673,1,190.67,1,0,1
704,705,150,85.2,148,1,16,602,1,109.99,1,0,1
705,706,61,42.37,612,3,15,720,1,63.11,1,1,1
706,707,116,107.26,545,1,13,545,1,137.84,1,0,1
707,708,114,78.53,250,4,16,536,1,63.02,0,1,1
708,709,210,165.34,555,5,17,833,0,337.79,1,0,0
709,710,217,147.33,544,5,21,484,1,222.28,0,0,1
710,711,123,76.68,757,5,29,767,1,90.37,1,0,0
711,712,92,86.74,770,2,29,662,1,27.87,0,0,1
712,713,93,63.63,365,1,7,582,0,51.5,0,0,1
713,714,78,70.38,727,4,24,635,1,148.48,0,0,1
714,715,190,114.66,84,2,26,461,1,129.14,1,0,1
715,716,61,36.35,529,3,17,459,1,25.67,1,0,1
716,717,144,74.02,795,4,7,773,0,140.44,0,0,1
717,718,95,75.36,565,4,13,621,1,64.93,1,1,1
718,719,179,119.18,191,4,5,311,1,29.86,0,0,1
719,720,292,259.58,699,5,26,723,1,208.48,1,0,0
720,721,291,207.47,623,4,17,372,0,329.94,1,0,1
721,722,84,78.6,188,1,3,500,1,96.45,1,0,1
722,723,264,154.04,217,4,7,821,1,205.25,1,0,0
723,724,130,115.81,89,5,26,804,0,123.48,0,0,1
724,725,139,118.08,846,4,17,338,0,268.89,1,0,1
725,726,57,48.27,348,3,7,359,1,46.57,1,0,1
726,727,142,124.98,240,3,21,620,0,83.87,1,0,1
727,728,203,171.02,435,5,1,734,0,114.21,1,0,0
728,729,251,196.23,693,1,17,707,1,243.41,0,0,0
729,730,139,77.71,138,1,30,685,1,214.49,1,1,1
730,731,211,108.59,105,2,17,377,0,103.68,1,0,1
731,732,164,149.96,571,5,11,493,1,237.42,0,0,1
732,733,154,119.73,343,4,25,584,0,21.59,0,1,1
733,734,184,157.95,146,5,27,826,0,164.86,0,1,1
734,735,245,175.59,897,2,29,823,0,385.67,1,0,0
735,736,107,59.15,733,5,3,455,1,79.56,1,0,1
736,737,294,163.56,48,5,15,639,0,344.3,0,1,1
737,738,163,131.79,461,2,29,424,0,79.78,0,0,1
738,739,286,198.38,714,1,21,579,1,431.8,1,1,1
739,740,124,73.19,769,4,11,427,1,24.72,1,0,1
740,741,206,148.57,379,2,26,613,0,354.29,0,0,1
741,742,169,89.38,212,3,28,631,1,80.54,0,0,1
742,743,213,162.28,142,1,16,449,0,375.17,1,0,1
743,744,266,165.2,212,3,25,753,1,204.77,0,1,1
744,745,70,60.12,510,1,22,335,1,103.12,0,1,1
745,746,298,190.62,175,4,28,719,1,210.55,1,0,0
746,747,213,150.13,860,4,9,321,1,387.92,1,0,1
747,748,187,94.48,657,5,24,505,1,63.69,0,1,1
748,749,150,79.89,142,3,24,655,0,65.88,0,0,1
749,750,250,169.16,792,1,1,739,1,259.19,0,0,1
750,751,201,143.91,505,4,29,395,0,51.39,0,0,1
751,752,241,185.57,792,2,25,463,1,113.84,1,0,1
752,753,276,174.22,332,4,22,447,1,522.51,1,0,1
753,754,226,183.68,854,2,16,829,1,441.9,1,0,0
754,755,148,131.28,147,1,9,593,1,120.6,1,0,1
755,756,289,245.92,842,4,19,494,1,535.88,1,1,1
756,757,85,44.02,190,4,12,779,1,96.49,0,0,0
757,758,259,185.5,430,1,19,422,0,158.64,1,0,1
758,759,290,158.69,227,4,22,699,1,416.02,1,0,0
759,760,280,170.5,289,2,9,751,1,378.54,1,0,0
760,761,145,136.88,689,4,7,403,1,287.0,0,0,1
761,762,201,113.39,781,3,14,761,1,121.32,1,0,0
762,763,200,144.9,76,5,29,695,0,275.38,1,0,0
763,764,239,185.98,428,2,19,636,1,47.52,1,0,1
764,765,273,222.8,739,3,19,441,1,86.25,0,0,1
765,766,86,64.66,588,1,2,616,0,9.24,1,0,1
766,767,61,30.77,107,2,9,826,1,121.94,1,0,0
767,768,162,104.8,153,5,13,700,1,263.14,1,0,0
768,769,232,170.05,104,5,15,609,1,369.99,1,0,1
769,770,62,33.45,900,1,3,794,1,66.25,0,0,0
770,771,72,47.36,166,1,11,408,0,48.25,0,1,1
771,772,266,136.97,631,2,21,671,1,103.05,0,1,1
772,773,148,79.23,429,4,14,505,1,94.85,1,0,1
773,774,154,104.51,866,1,30,342,1,125.41,0,0,1
774,775,79,44.22,534,4,25,544,1,121.42,1,0,1
775,776,66,49.86,529,3,8,586,0,74.27,1,1,1
776,777,162,131.26,602,5,18,654,0,40.05,0,0,1
777,778,111,95.49,167,4,19,775,1,14.9,1,0,0
778,779,133,78.48,79,5,16,382,1,39.16,1,0,1
779,780,161,92.63,800,4,2,409,1,141.67,1,0,1
780,781,266,145.52,648,3,8,489,0,498.24,1,1,1
781,782,135,106.16,654,1,22,550,1,176.99,1,0,1
782,783,190,155.4,891,3,6,590,1,308.46,0,0,1
783,784,236,121.35,283,1,12,500,1,232.72,1,0,1
784,785,68,62.65,659,1,15,625,0,53.53,0,0,1
785,786,226,118.29,739,5,25,810,1,69.15,1,0,0
786,787,149,110.79,878,3,8,708,1,262.88,0,0,0
787,788,189,154.81,592,4,4,807,1,300.13,1,1,1
788,789,238,212.28,786,3,15,371,1,99.82,1,0,1
789,790,282,231.62,455,5,28,546,1,302.67,1,0,1
790,791,196,168.71,576,1,20,643,1,201.1,0,1,1
791,792,125,81.59,331,5,25,353,1,160.96,1,0,1
792,793,58,50.27,610,2,17,827,0,110.07,1,0,0
793,794,248,132.94,378,2,13,831,1,297.99,1,0,0
794,795,77,69.51,861,4,18,492,0,86.73,0,1,1
795,796,255,190.34,78,5,2,357,1,49.88,1,0,1
796,797,272,236.04,103,4,13,736,1,59.71,1,1,1
797,798,177,124.53,733,4,13,410,1,80.7,0,0,1
798,799,101,79.75,290,2,22,428,1,16.33,1,0,1
799,800,132,97.27,385,4,15,625,0,199.63,1,0,1
800,801,299,247.94,611,2,20,307,1,440.82,1,0,1
801,802,160,85.88,631,1,29,328,1,57.36,0,0,1
802,803,193,101.74,289,5,27,411,0,325.89,1,0,1
803,804,166,101.46,667,4,10,430,1,65.42,1,1,1
804,805,118,67.47,772,2,29,487,0,79.32,1,0,1
805,806,148,132.06,324,3,3,774,1,84.81,1,0,0
806,807,189,113.14,670,4,19,663,1,152.6,1,0,0
807,808,74,69.5,821,1,3,503,0,43.21,1,0,1
808,809,229,149.22,342,1,22,511,1,235.64,0,0,1
809,810,172,100.1,641,3,14,575,0,150.34,1,0,1
810,811,262,224.11,867,2,8,372,0,517.31,1,0,1
811,812,277,220.61,838,4,27,542,0,57.13,0,0,1
812,813,102,73.87,211,2,23,401,1,37.75,0,0,1
813,814,200,149.98,715,1,30,470,1,40.07,1,1,1
814,815,193,158.96,857,2,4,487,1,248.8,1,1,1
815,816,106,63.9,393,1,27,740,0,21.58,0,0,1
816,817,88,83.45,217,2,28,385,0,148.65,1,0,1
817,818,158,148.31,598,3,20,775,1,169.48,0,0,1
818,819,230,182.31,572,5,11,351,1,253.3,1,0,1
819,820,91,53.67,625,3,26,410,1,106.2,1,0,1
820,821,235,189.43,693,3,11,342,0,99.77,1,0,1
821,822,216,115.02,577,5,27,510,1,102.73,0,0,1
822,823,191,98.13,754,5,30,499,1,134.8,1,0,1
823,824,272,167.54,437,4,11,325,1,333.92,0,0,1
824,825,171,121.1,647,4,2,598,1,85.37,1,0,1
825,826,182,162.11,443,3,30,376,0,58.43,1,0,1
826,827,212,175.37,371,3,17,436,1,411.96,1,1,1
827,828,264,220.23,249,1,9,319,1,37.43,0,0,1
828,829,270,186.7,192,1,28,739,1,438.78,1,0,0
829,830,284,186.21,249,4,28,510,1,453.62,1,0,1
830,831,124,82.7,299,4,2,850,1,82.42,0,1,1
831,832,195,184.17,661,1,29,734,1,69.75,1,0,1
832,833,288,149.2,877,1,24,506,0,108.49,1,0,1
833,834,125,111.27,429,2,15,738,1,178.14,1,1,1
834,835,58,44.1,211,2,16,341,1,76.64,1,0,1
835,836,123,85.78,647,1,25,710,1,195.23,1,0,0
836,837,235,194.2,758,2,4,822,1,442.09,0,0,0
837,838,285,204.92,234,5,8,726,0,403.18,1,0,0
838,839,194,173.25,611,4,9,574,1,76.85,1,0,1
839,840,279,252.58,585,4,26,747,1,156.95,0,0,1
840,841,56,38.63,870,1,26,668,0,95.21,1,0,0
841,842,223,139.28,842,3,5,519,1,110.98,1,0,1
842,843,190,145.65,257,1,16,531,0,45.18,1,0,1
843,844,217,197.59,725,2,13,627,1,311.66,0,0,1
844,845,219,130.26,648,3,30,742,1,189.39,0,0,0
845,846,186,145.14,625,2,7,351,1,343.74,1,1,1
846,847,227,178.01,879,5,26,675,1,303.16,0,0,0
847,848,76,63.07,279,2,20,562,1,20.66,1,0,1
848,849,171,95.62,470,5,17,566,1,325.06,0,0,1
849,850,243,199.78,562,5,3,658,1,143.68,0,0,0
850,851,54,49.09,225,2,5,616,1,40.0,1,0,1
851,852,78,45.31,719,2,19,623,1,67.41,0,0,1
852,853,214,129.88,548,5,12,720,0,42.23,1,0,0
853,854,215,201.48,99,3,29,345,1,224.33,1,0,1
854,855,132,76.75,668,5,27,568,0,44.13,0,0,1
855,856,185,163.63,428,4,7,680,1,159.44,0,0,0
856,857,289,208.52,701,5,28,417,1,221.47,1,0,1
857,858,158,96.58,789,3,9,415,1,247.81,0,0,1
858,859,114,101.67,232,4,28,559,1,185.37,1,0,1
859,860,135,94.55,177,1,6,374,1,52.85,1,0,1
860,861,293,214.38,501,1,29,779,1,233.36,1,0,0
861,862,194,128.36,684,3,26,604,0,157.02,1,0,1
862,863,120,92.02,228,5,17,306,0,46.52,1,0,1
863,864,266,152.57,455,2,16,665,0,430.14,1,1,1
864,865,94,63.54,695,3,23,822,1,135.71,0,0,0
865,866,181,169.46,521,4,3,647,0,83.57,0,0,1
866,867,85,52.37,171,4,21,737,1,67.73,0,1,1
867,868,119,94.67,342,1,26,514,1,35.82,1,0,1
868,869,208,134.44,194,4,4,728,0,269.07,1,0,0
869,870,68,57.67,343,3,10,797,1,22.48,1,0,0
870,871,238,133.02,50,4,5,839,1,469.64,0,0,1
871,872,157,147.02,111,3,21,666,0,248.58,1,0,1
872,873,231,162.67,610,2,22,612,1,194.38,1,0,1
873,874,216,130.94,160,1,30,837,1,259.04,0,0,0
874,875,140,74.63,628,4,10,353,1,256.42,1,0,1
875,876,251,144.67,759,3,12,840,1,289.35,0,0,0
876,877,139,102.01,334,5,10,766,1,59.99,1,0,0
877,878,68,44.31,400,1,29,463,1,55.73,0,0,1
878,879,88,76.82,886,2,13,633,0,149.77,1,0,1
879,880,175,121.43,882,3,11,846,1,231.7,1,0,0
880,881,244,149.31,413,2,22,647,1,326.08,1,0,1
881,882,222,172.65,474,2,16,572,0,387.83,1,0,1
882,883,190,155.43,454,4,8,713,1,341.72,1,0,0
883,884,291,167.37,190,4,8,799,1,537.65,1,0,0
884,885,269,154.79,207,3,27,392,1,75.38,1,0,1
885,886,175,90.39,658,5,25,378,1,198.42,0,0,1
886,887,107,88.96,737,3,8,516,1,161.25,1,0,1
887,888,197,157.35,519,5,13,657,1,303.02,0,0,0
888,889,269,191.95,356,2,27,806,1,336.99,0,0,0
889,890,249,219.09,627,1,2,480,1,103.81,1,0,1
890,891,110,94.88,318,3,30,545,1,177.66,1,0,1
891,892,176,134.36,622,3,30,543,1,258.41,0,1,1
892,893,154,137.17,693,5,12,805,1,40.6,1,0,0
893,894,216,128.01,602,2,10,721,1,211.95,1,1,1
894,895,50,27.52,602,2,12,619,1,21.53,1,1,1
895,896,180,111.85,383,5,11,386,1,133.42,0,0,1
896,897,254,133.53,57,2,15,516,0,34.13,1,0,1
897,898,141,104.2,72,4,16,789,1,121.35,0,0,0
898,899,239,220.23,710,1,17,818,1,273.6,1,1,1
899,900,298,154.28,452,3,26,577,0,380.61,0,0,1
900,901,240,133.19,627,1,2,468,1,326.55,0,1,1
901,902,162,113.97,206,3,18,629,1,273.61,1,0,1
902,903,202,185.89,558,4,12,740,1,102.89,1,0,1
903,904,105,67.44,639,2,19,690,0,34.54,0,0,1
904,905,210,152.93,523,5,26,795,1,360.76,0,0,0
905,906,215,111.52,227,4,23,680,1,85.48,1,0,0
906,907,166,94.08,639,1,18,605,0,324.04,0,0,1
907,908,183,172.75,606,5,30,812,1,311.25,1,1,1
908,909,107,99.97,871,2,17,487,1,112.53,0,0,1
909,910,93,46.71,882,4,30,815,0,182.72,0,0,1
910,911,222,206.09,546,5,6,726,1,63.27,0,0,1
911,912,209,164.61,543,4,25,801,1,141.25,1,0,0
912,913,222,197.71,51,4,15,559,1,291.4,0,0,1
913,914,110,77.51,141,2,3,812,0,84.15,0,0,1
914,915,96,70.27,86,3,6,370,0,178.94,1,0,1
915,916,198,142.56,95,5,3,777,0,44.49,1,0,0
916,917,129,103.21,871,2,30,477,1,147.56,0,0,1
917,918,167,93.99,127,4,29,756,1,204.18,1,0,0
918,919,262,134.53,173,2,1,488,0,351.13,1,0,1
919,920,252,160.92,464,3,30,590,0,147.61,0,0,1
920,921,278,227.16,666,5,13,819,1,220.36,0,0,0
921,922,213,125.85,708,3,28,591,1,362.74,1,0,1
922,923,276,221.64,115,1,21,582,1,129.83,1,0,1
923,924,196,183.55,617,5,26,843,1,327.53,1,0,1
924,925,69,37.42,373,3,14,676,1,80.66,0,1,1
925,926,234,187.83,323,4,13,455,0,362.27,0,1,1
926,927,195,136.44,600,5,27,807,1,283.89,1,0,0
927,928,96,85.5,679,5,4,712,1,47.45,0,0,0
928,929,282,163.48,640,2,7,827,1,332.97,1,1,1
929,930,98,79.54,733,4,22,654,1,171.37,1,0,0
930,931,63,55.26,272,1,10,486,0,58.02,0,0,1
931,932,192,177.61,860,3,7,330,0,371.81,1,0,1
932,933,208,167.95,590,2,21,559,1,199.52,1,0,1
933,934,50,36.19,61,3,15,720,0,18.56,1,1,1
934,935,166,129.15,420,1,15,828,0,139.43,0,0,1
935,936,103,91.77,306,1,4,850,0,196.55,0,0,1
936,937,167,126.38,561,5,23,603,0,118.15,1,0,1
937,938,52,26.71,183,1,23,338,1,90.97,0,0,1
938,939,193,177.35,412,3,6,788,0,342.45,1,1,1
939,940,264,213.92,97,4,24,841,1,202.05,0,0,1
940,941,234,188.24,243,4,20,577,1,60.42,1,0,1
941,942,252,150.46,684,5,26,502,1,372.12,0,0,1
942,943,61,48.59,405,3,5,365,0,42.2,1,1,1
943,944,123,83.3,773,3,20,407,1,195.27,0,0,1
944,945,273,216.5,242,1,12,567,0,256.91,1,0,1
945,946,65,35.62,108,3,1,521,1,66.43,0,0,1
946,947,249,198.21,755,2,28,829,1,392.93,1,0,0
947,948,151,143.41,657,1,8,389,1,124.8,0,0,1
948,949,253,131.99,633,2,1,554,1,238.31,1,0,1
949,950,201,188.89,811,5,5,754,1,163.77,1,0,1
950,951,205,140.04,410,4,22,552,1,163.58,0,0,1
951,952,166,148.05,709,5,6,556,1,182.48,1,0,1
952,953,57,48.57,87,4,29,682,1,93.29,0,0,0
953,954,171,129.13,825,5,21,741,1,134.64,1,0,0
954,955,141,117.35,55,3,3,389,1,154.55,1,0,1
955,956,213,190.71,476,2,15,689,1,292.74,0,0,0
956,957,139,94.78,95,4,5,343,1,85.06,0,0,1
957,958,185,119.73,789,1,28,318,1,116.05,0,0,1
958,959,235,188.1,283,2,24,400,1,440.27,1,0,1
959,960,109,94.12,73,1,14,656,0,160.74,0,1,1
960,961,227,191.37,126,2,18,841,1,271.64,1,0,0
961,962,77,66.14,583,2,16,332,0,102.46,1,1,1
962,963,269,187.23,256,5,6,528,1,41.87,1,0,1
963,964,150,130.2,803,4,25,823,0,191.16,0,0,1
964,965,90,49.87,708,4,24,454,0,96.13,1,0,1
965,966,277,206.37,465,2,14,722,1,314.93,1,0,0
966,967,241,121.12,820,3,27,545,1,188.68,1,0,1
967,968,204,131.8,630,3,24,704,0,51.98,0,0,1
968,969,295,196.15,408,1,8,840,1,137.87,0,1,1
969,970,240,162.79,207,1,29,460,0,457.54,0,0,1
970,971,194,157.71,456,5,7,416,0,170.05,1,1,1
971,972,250,168.71,738,2,8,570,1,246.67,0,1,1
972,973,210,147.4,336,1,13,786,1,42.03,1,0,0
973,974,294,178.43,808,1,6,471,0,50.38,0,0,1
974,975,261,174.34,533,2,18,573,1,381.75,1,0,1
975,976,254,152.98,297,5,2,558,0,285.08,1,1,1
976,977,269,143.36,615,1,8,434,1,286.9,1,0,1
977,978,289,222.98,37,5,11,721,1,162.4,0,0,1
978,979,206,164.94,537,4,1,720,1,312.1,0,0,1
979,980,190,147.97,505,5,22,485,1,79.73,0,1,1
980,981,95,67.31,326,3,29,663,1,43.78,0,0,0
981,982,84,56.36,193,3,6,677,1,81.93,1,0,0
982,983,183,162.6,514,5,16,822,0,117.84,1,0,0
983,984,131,96.1,626,3,27,495,1,74.69,1,1,1
984,985,164,117.36,101,4,20,397,1,217.46,0,0,1
985,986,246,125.84,596,2,12,321,0,328.86,1,0,1
986,987,96,62.74,588,3,11,749,0,159.99,1,0,0
987,988,202,135.56,267,3,29,471,1,180.52,1,1,1
988,989,243,165.11,133,5,27,682,1,58.04,0,0,0
989,990,59,44.9,239,4,29,433,0,36.58,1,1,1
990,991,105,77.71,583,2,10,725,0,206.01,1,0,0
991,992,79,61.11,857,5,3,324,1,97.4,1,0,1
992,993,291,245.66,497,5,13,802,1,421.51,1,0,0
993,994,300,259.75,483,4,27,484,1,34.19,0,1,1
994,995,158,130.06,297,2,3,384,1,171.37,0,0,1
995,996,54,50.22,415,4,15,443,0,9.25,1,1,1
996,997,168,85.38,804,2,16,711,1,198.5,1,0,0
997,998,297,174.67,877,4,29,523,1,549.29,0,0,1
998,999,82,41.28,416,5,13,519,1,159.08,1,0,1
999,1000,167,132.16,288,5,17,478,0,188.22,1,0,1
