,Molecule_ID,Molecular_Weight (g/mol),Lipophilicity (LogP),Polar_Surface_Area (Å²),Hydrogen_Bond_Donors,Hydrogen_Bond_Acceptors,label
0,1,374.7608618006285,0.9256646441930982,67.10702307246308,2,0,1
1,2,674.3714393331563,2.7095047368917906,64.45618383295997,0,5,1
2,3,560.6368497419306,4.364729179382041,183.1258244937866,4,0,0
3,4,491.30241178245905,3.661124432047806,64.9183159729111,2,5,1
4,5,261.12969303006696,4.032805739307249,68.95095070315358,1,2,1
5,6,261.11715057482536,3.293916833553587,156.69168723523347,2,7,1
6,7,210.20347832746373,3.4613828225892624,100.9531716410972,2,5,1
7,8,630.4115958029663,4.2459782578265965,159.8079002519326,1,0,0
8,9,492.5798061064686,1.2483400442959298,31.765908361589343,3,4,0
9,10,548.1977404539437,2.4471248182157024,107.76281486120918,3,7,0
10,11,190.70393703381728,1.1060472090980111,26.05044803299087,0,2,1
11,12,684.3531231242371,4.938340039983235,31.277576621963814,0,5,1
12,13,612.8701732162193,4.720296698433066,183.15874160199397,3,4,0
13,14,290.41633755270357,0.1971340568425295,45.06416680116713,4,5,1
14,15,274.5489829476923,3.5278758625784423,115.83572280953908,2,9,1
15,16,275.37034512378557,4.626241587078329,93.99720846812718,4,0,1
16,17,338.2059663389596,0.9028767256366677,82.52179872659168,2,6,1
17,18,452.8733444487637,2.839726152763147,181.97000222370903,3,8,1
18,19,404.6114096939002,4.577441487940209,23.92821141958811,0,1,1
19,20,331.4391529029818,0.1697298929289942,139.48214351160604,0,9,1
20,21,498.16350525563735,3.4871013362341996,193.41099815843907,4,4,1
21,22,252.53680753906175,1.4867450368627537,120.83027302313155,0,9,1
22,23,331.9152172383134,4.621980976882652,188.62804316595654,3,3,1
23,24,370.50815851271966,4.855291225826839,29.406418271484277,4,5,1
24,25,417.1563917928587,4.721332445567169,95.38279743334905,2,5,1
25,26,588.2914999243671,2.371071083287319,66.82840237316921,0,1,1
26,27,283.8303667223471,4.310213254946567,151.54777369653135,1,1,1
27,28,447.401907975078,4.222746992675352,196.63347628950442,0,3,1
28,29,488.05557580826206,1.5955023662162782,66.1754112399646,2,0,1
29,30,204.15421461439882,4.144577370753387,137.7514282653334,4,8,1
30,31,495.92332298874794,0.1850381735774631,55.65757389675322,2,6,1
31,32,268.6725443173916,2.981349392410265,121.75944582288979,1,6,1
32,33,213.82682835234533,1.1500441864385151,103.50784760390052,3,2,1
33,34,673.4204793717333,0.602834428886394,194.96095933367667,0,2,0
34,35,682.1286571987708,0.3847660081460458,129.53490908536398,4,0,0
35,36,600.3666210205597,3.4814438793906985,82.91114697562739,3,2,0
36,37,338.39915997015277,1.6993748188403308,40.53724127982801,2,2,1
37,38,230.78949928331963,3.6238338576438074,47.224429172288225,4,3,1
38,39,535.8011737863217,0.32678170399471185,60.55704739122232,3,3,0
39,40,408.8792967445927,1.5764516891530516,65.17399904125364,4,2,0
40,41,243.459882119285,2.697456461876686,173.1108904114048,1,9,1
41,42,437.4919932578605,3.953615824194818,121.02010189085449,1,7,1
42,43,197.88203097991357,1.5937625146603496,114.21036404738597,0,7,1
43,44,652.8466090809667,3.1294568821850453,40.65839693645914,0,0,1
44,45,314.5655904320088,4.429888741180935,174.8251448028983,1,6,1
45,46,524.5115878640706,3.0793159409115227,150.10657457752706,4,1,0
46,47,342.0897595664937,1.164797373768169,32.180305142000286,1,0,1
47,48,450.43537101246164,0.1220039077826901,147.41031750135835,0,2,0
48,49,464.2893452585054,4.350494369504649,117.83687912167629,1,3,1
49,50,276.12431687327404,0.10634705425193569,34.71056223442009,1,5,1
50,51,684.1840064375705,4.3735083634209975,102.49411547515817,4,9,0
51,52,583.0690681477795,2.64468567013606,107.24533168340845,3,4,0
52,53,668.5394496133783,4.695338492564481,49.83941722938964,0,3,1
53,54,645.3102222223774,3.993916178868327,190.22566646005083,4,7,0
54,55,490.9079889817643,4.989670552666688,172.99556686651914,1,3,1
55,56,659.3746022120208,1.7535590772585508,140.42402071923948,1,9,0
56,57,226.01610106699815,3.8359414446556346,103.21320098010929,3,1,1
57,58,281.9110884579555,2.009654568046211,94.11779748521153,0,2,1
58,59,203.5181902334798,2.3993781015195443,137.17522408717176,0,5,1
59,60,349.17177199689746,3.1375273160918504,118.17773649324299,2,7,1
60,61,382.11219063853065,4.368385570931694,31.20915905873941,0,7,1
61,62,321.10149652242586,4.9204173459964755,112.2504767786597,3,8,1
62,63,610.9435047590032,3.841367069322591,165.15265110191112,2,6,0
63,64,365.5117298806664,2.088833910836669,102.66317796745246,2,1,1
64,65,326.085945037438,2.106785011385351,29.352183959768315,1,7,1
65,66,462.2019632422892,3.6879115079444573,161.53007588912595,1,6,1
66,67,253.28059698687656,1.1938857288415117,56.24548078447539,0,7,1
67,68,597.1424299921007,0.5523705656569733,66.55175027984697,2,2,1
68,69,218.76633471348083,1.7731107882038826,49.647143617813256,1,6,1
69,70,693.181207032269,1.4361949582704088,79.43871167686956,3,9,0
70,71,581.5672800342618,1.4815406022799504,156.2152710239543,1,8,0
71,72,283.33215439776967,1.1680387552495497,113.48945471070873,1,2,1
72,73,182.87150090427326,0.21046594818180941,56.87862934712826,2,9,1
73,74,604.0399427965137,0.08936967366706905,178.00941406736735,2,5,0
74,75,547.5658188007609,4.938611948680157,178.32473389127526,4,1,0
75,76,559.0837273813133,2.138865668679312,176.70411650828123,3,1,0
76,77,581.0605802766918,1.9216332357984083,62.98331804867707,2,4,1
77,78,218.503218901727,3.3982364134653493,101.22308195257786,0,4,1
78,79,366.4021788430217,1.0912694393253208,197.2981381053575,3,6,1
79,80,240.25191095306747,4.749805919751127,158.96224573579826,3,1,1
80,81,628.8137814553086,3.9317250720777603,24.89013582060077,2,6,1
81,82,504.1150259503301,0.44705501156129757,31.73682642688857,3,4,0
82,83,352.0669729233776,2.087903878924642,103.5076478262199,2,5,1
83,84,213.05034214873228,4.395591537810823,183.65963705508082,1,7,1
84,85,341.71080729214435,4.723660111457051,116.96632363148856,4,9,1
85,86,349.09532745390845,2.3370075562493486,109.60625144617224,1,3,1
86,87,559.3952127357934,3.0670569460535386,38.985265992193504,2,6,1
87,88,511.52988510471084,0.8351697304603761,138.22041885037294,2,5,0
88,89,641.3506261396898,4.955843130684883,167.9785689080406,1,9,0
89,90,425.55176108421364,1.1583585069172169,88.47560135136122,0,1,1
90,91,242.1890078879169,4.713658870675628,159.61013316655894,0,7,1
91,92,550.8872893559574,3.2482332449618423,193.60579770214608,0,9,0
92,93,575.6082252807867,3.0386839743942957,56.677962642984035,2,8,1
93,94,471.86414273613804,2.563442555082543,114.19933361505343,3,4,1
94,95,580.9029335763717,1.1533490585887933,71.6848324552236,2,9,1
95,96,436.7737101094832,0.8826401600275413,162.71379542609108,3,3,0
96,97,451.8210712786369,1.1024310453508768,123.96680585860835,1,5,0
97,98,402.3213295464458,0.9321913107212726,134.2248351590547,4,7,0
98,99,193.2179459069295,3.8979223678337664,163.62454873086094,3,2,1
99,100,236.10354203651832,1.7506262958336505,91.27468507924188,0,9,1
100,101,196.3431765571018,0.28921338281698183,184.7162123132678,2,0,1
101,102,510.9334138571658,4.845513150704057,115.9451961043052,1,3,0
102,103,343.46511015968986,4.4189294248171285,48.43186811036264,0,3,1
103,104,444.4567594056454,4.638761415976065,145.26184127038442,1,0,1
104,105,651.9345664415684,4.974539113232177,162.7870430788858,4,8,0
105,106,309.63195915741494,0.8694762460974365,77.0171018721548,2,2,1
106,107,393.39911997852744,1.9812100945132938,174.29226625977554,2,4,1
107,108,572.8865920423852,3.7911923785204564,183.10578585783796,4,5,0
108,109,298.9750460556437,3.480103090268961,69.84280772800561,2,7,1
109,110,220.02955311097236,0.7694795316992753,197.03386508873996,3,5,1
110,111,330.6707555151594,4.079165624953089,45.32807504877651,1,2,1
111,112,263.83506937208233,1.1222028591833033,56.36282031244819,0,5,1
112,113,663.442779218138,1.1190880741131153,53.16047106284471,4,0,0
113,114,600.2225973734968,2.6848721144670677,180.91814780141667,3,3,0
114,115,509.3699533854202,2.9646996742085157,137.77265941849313,0,5,0
115,116,633.1595068976133,2.9004310391890558,47.37877098000912,0,6,1
116,117,597.9094799875395,0.45743418698877436,99.25821530630282,4,9,0
117,118,277.0164306207386,4.387304313151902,130.75364451256436,3,2,1
118,119,644.1306792147884,1.3280002129435302,35.023535298088994,0,8,1
119,120,460.45796579613835,0.6475746064140209,178.83494631332098,0,6,0
120,121,599.8688806853124,4.443740399344886,164.64863637947633,3,0,0
121,122,645.9674759602165,4.778257491148767,110.93721924379489,2,1,0
122,123,345.3618069853692,4.310638086327253,194.0827907466507,0,0,1
123,124,237.22700075439192,4.04758037362439,95.19697626951795,1,8,1
124,125,298.52628452180966,3.2762099031951086,197.13985742656962,3,8,1
125,126,402.09605008565325,2.7542868530456968,140.22559978465287,0,6,1
126,127,605.3676782796964,0.4349337995570507,134.24082918570946,4,9,0
127,128,627.5799032932986,2.0422660653534934,49.871881153241304,1,2,1
128,129,183.61510787621916,1.86344258506157,178.7469964948359,0,4,1
129,130,445.58859734033416,1.2987689188016311,96.94814382571073,1,3,1
130,131,397.0537216373651,3.6171005684429245,49.20201304084628,1,6,1
131,132,295.49606144477974,2.4793786753938543,22.269353595636627,2,8,1
132,133,242.32999101351504,0.40523107953823967,120.75602305490887,1,1,1
133,134,355.5598891298865,1.1009160097490567,114.93193198208174,2,7,1
134,135,670.31304603451,3.4162938182979796,149.48365202644854,3,8,0
135,136,348.0655246507927,0.3806542974515009,180.2464495432044,2,9,1
136,137,449.77112330655035,4.256034570243844,34.29318523574531,4,9,1
137,138,545.5698586254925,2.4757326350698716,151.66936826126522,0,8,0
138,139,369.08739323723285,2.40293288663324,53.7341499375648,3,9,1
139,140,685.3266830148996,2.962038923297588,174.47186956828952,3,6,0
140,141,680.4725933698978,4.123404829625746,167.4314324950981,4,8,0
141,142,310.92679382918936,1.7390460395109653,117.34287589739799,2,8,1
142,143,438.56922306404044,3.390080762795318,147.84370375219606,0,2,1
143,144,336.45672110472026,2.8286598199789554,76.5830203730747,2,3,1
144,145,328.1170570762831,1.3351413508471066,104.81022180790663,1,1,1
145,146,199.18121262435704,4.39314993177579,167.8946415878849,2,9,1
146,147,496.97345366954636,3.9871301080346404,102.6677354911785,3,2,1
147,148,441.393092079008,3.2922591732921274,84.40368775857952,0,4,1
148,149,206.76895064999445,4.2529086454712095,108.95824050505398,2,4,1
149,150,324.8961614030379,4.336471004799012,169.0848654386993,0,5,1
150,151,652.29826070266,3.541814883575174,80.3374485267571,0,6,1
151,152,304.57218314682564,4.18506664181836,51.27708676443388,1,6,1
152,153,255.345333487436,3.487357308346418,148.16252365954054,1,0,1
153,154,434.5154353443328,3.400703858801502,168.67607828745471,3,1,1
154,155,692.5382361375124,3.0930568910759213,38.114746134236,4,8,0
155,156,305.8687411859802,3.763583197788206,63.17734029607005,0,9,1
156,157,529.5104846510569,0.7930255264653685,45.5549581569789,4,1,0
157,158,576.0421999709331,4.404353795994642,82.62945408478998,3,5,0
158,159,303.5715228760478,4.35921763872616,101.06317620297428,0,0,1
159,160,558.6725012781669,0.14623641517279573,154.78874065339517,0,2,0
160,161,371.2472290140117,4.129083752823814,137.20656527870136,4,1,1
161,162,508.79903190866133,0.644349337367226,131.7671421461176,2,2,0
162,163,509.43544959566526,1.6755942712957095,83.42749038973778,1,4,1
163,164,458.6028357188744,3.717541281458039,171.4605595552568,2,9,1
164,165,226.95068042829232,0.803799480241541,104.83169013166962,4,5,1
165,166,614.3572977064038,4.0898351205953105,196.23888884272782,1,8,0
166,167,346.80563378530263,4.16067088978871,134.14558489323264,2,9,1
167,168,276.9896254079242,2.537338668804181,42.72765348161049,1,3,1
168,169,201.20307360847724,0.0319293585841679,141.71196117357812,0,6,1
169,170,487.26433045788576,1.435190665874564,78.51872277770582,2,5,1
170,171,532.3334681579868,3.084634591878711,143.53889540349752,1,1,0
171,172,188.6256710424852,4.9059308901371175,32.53540666923303,1,9,1
172,173,446.2883903156261,3.1590676350833418,51.47865869167269,1,7,1
173,174,297.77780310292775,1.2990179053207989,174.03270660304153,2,6,1
174,175,515.489851012914,3.170028515498057,60.89232026423268,3,6,0
175,176,270.67054308259554,2.6999268985792773,170.6674025437292,2,7,1
176,177,539.2876238132823,3.899226975755718,70.26969592179387,4,0,0
177,178,381.1023800762795,0.534903194134792,135.7187438105674,2,0,1
178,179,667.099594143102,3.80513951251014,144.94710323176957,1,7,0
179,180,251.5108909559165,2.7063328933805515,112.27785556610952,0,3,1
180,181,357.3545025461344,4.814960019294973,74.95592180541163,2,4,1
181,182,239.00623104510632,1.7093608301934304,58.2759877467973,2,7,1
182,183,660.8406815048527,3.1631094656697405,25.974083821236718,1,4,1
183,184,636.2164637581102,4.660140527550087,74.71035222333029,0,9,1
184,185,314.1296464118809,0.5125486399533963,137.56930229563096,0,3,1
185,186,523.1917039377731,4.686142436182256,188.8948673207269,4,5,0
186,187,604.9555441046323,3.439428611504067,176.81680680734937,2,4,0
187,188,468.7044220317204,0.3391852955258595,157.89165977635446,0,6,0
188,189,455.41830074512336,1.5048178347340813,161.92052178559376,0,9,0
189,190,305.7631912682349,3.540860443226408,139.69728262567915,3,6,1
190,191,228.4134392590676,0.3367530073438585,66.85163436188054,3,3,1
191,192,646.5521941357299,2.9108523008813663,183.29510552704937,0,4,0
192,193,648.2173897249318,1.7294152847647837,140.73181614305014,4,2,0
193,194,509.21275778209935,3.1045775888373854,120.87931357647919,0,3,0
194,195,356.29549134532436,0.22871016906256425,39.97810445842659,1,3,1
195,196,361.58897879858364,4.357684030761881,100.46999788515657,2,2,1
196,197,557.4969530125245,4.867444845886984,102.86448881634674,4,9,0
197,198,646.4973351753401,4.8443892764284575,175.6214497140806,1,4,0
198,199,641.284940617861,3.7482591587146237,118.39667963380192,4,4,0
199,200,585.5352838459644,0.6504312006531598,88.47209881467374,1,6,1
200,201,513.8564560002296,3.791315979645113,195.8240591319187,2,3,0
201,202,223.7527817974254,0.12293458229400755,39.92970679873682,2,3,1
202,203,264.04693132919914,0.11061775764498627,96.05871709615003,3,8,1
203,204,647.2481780340812,1.6180510957477061,27.564441530852953,1,5,1
204,205,495.34311102298676,2.443215952023329,153.18274173804747,3,3,1
205,206,184.78246684064743,3.852037089038966,185.25377939584712,1,1,1
206,207,232.7652022903367,3.416476883032526,70.4067193190881,3,5,1
207,208,525.0209199361891,2.229513531883742,174.50150182384175,2,1,0
208,209,182.6320236000337,1.3681333314083295,72.5992814831416,4,4,1
209,210,263.6201867370993,4.985622500788556,183.93862909590473,3,5,1
210,211,465.3415704706248,2.1309065111798646,155.7131426474211,1,3,1
211,212,539.7855028002004,2.2569351216483775,164.88321983145894,1,2,0
212,213,519.0198549413523,0.8181191059583459,23.24118000808181,2,6,1
213,214,296.6200409194911,3.974047743749647,193.30586427332466,1,1,1
214,215,550.3331951007186,3.468411128907443,150.80077857265817,0,5,0
215,216,303.36952549833603,1.103848063943802,74.855197169504,4,3,1
216,217,349.2078430428192,0.4119052280792135,169.29103967459244,3,5,1
217,218,568.1755306613725,3.4024965103735654,70.6738157146874,4,3,0
218,219,517.8091075045515,3.2725560714056763,177.09569112190303,2,3,0
219,220,621.5961734569726,1.3662976349910467,40.264470274148664,3,3,0
220,221,521.9587039961785,4.754317811252052,146.66347594294325,3,8,0
221,222,475.52047373444526,0.7552894589045012,117.32572579608386,0,6,0
222,223,228.71087927060807,2.1616740052130097,37.37620463517935,2,2,1
223,224,371.2122175909054,4.718079600837994,63.540889086591015,1,2,1
224,225,317.9052311944972,2.0986365846306114,22.23272652991666,0,5,1
225,226,306.87461455712344,3.1926297383204276,104.37823378361105,0,5,1
226,227,685.9654884712718,1.9879719898139714,74.22774693680006,4,3,0
227,228,384.4108168267154,1.3710760117433503,127.70434717359659,4,8,1
228,229,643.8642086920988,4.919888239799141,73.50280538755109,4,3,0
229,230,508.19208551857673,2.046670031575215,73.98544007125724,0,8,1
230,231,593.3018778416572,4.470496018395672,153.7747757716886,1,3,0
231,232,441.3712884146999,1.149773029455431,28.66571047610362,3,1,0
232,233,479.99002000570675,1.0655235201254165,182.52109913455772,4,1,0
233,234,436.1092007858092,0.1556704144225568,173.40749739041266,1,4,0
234,235,281.52635365498315,3.2583341268794253,140.20484298075317,2,3,1
235,236,555.6750999359828,1.8426317186188057,126.77988261932917,4,6,0
236,237,326.001628469245,4.321791249198185,180.6144496651374,3,4,1
237,238,192.644302544356,2.366049533457786,53.3594323151686,2,5,1
238,239,515.6455938717272,4.840967139573609,34.21444919434915,2,9,1
239,240,272.09755329166546,0.9276275785156057,63.11183058371686,3,3,1
240,241,669.0384638635155,4.343115839778054,163.02409016603426,4,1,0
241,242,676.0428600413454,3.8829842639587087,26.240648010766996,0,9,1
242,243,655.7294829146333,3.85460922322026,124.90523031502813,3,8,0
243,244,372.4825241328311,4.223916140584438,199.1787529144358,3,9,1
244,245,188.03744059501105,3.8051199547149945,174.0252968907571,3,6,1
245,246,662.7256525456172,3.131101608157077,113.8602240278461,2,3,0
246,247,402.65575712500345,0.6562243884119379,31.45536367159562,1,2,1
247,248,682.6605059027081,0.16263089745625958,169.64723258942777,0,9,0
248,249,681.0823880864115,4.604239239078434,127.8161314718979,4,2,0
249,250,623.5649168430273,3.0832515726036904,40.68793947072203,4,8,0
250,251,333.1134238761846,3.9826864548808816,36.89431126820412,1,4,1
251,252,380.2508188730011,2.4076117575627505,183.73282749858663,3,2,1
252,253,622.5910691887656,0.5865409448119724,140.4560473288541,0,4,0
253,254,344.7994426812644,0.6259289610127522,169.271623877016,4,1,1
254,255,268.13622827676807,3.4278264361448567,178.2162020508081,4,3,1
255,256,469.5366564783421,2.1515294744973135,122.91902336869799,3,9,1
256,257,666.8004825636061,1.0026236335016836,113.14034331590743,1,1,0
257,258,541.9354942709859,2.4579727337071846,97.47693385777823,0,1,1
258,259,476.4318084464698,0.32104468537567044,77.05038580240148,1,7,1
259,260,230.53177676079963,2.909857009571994,98.22727295456812,1,0,1
260,261,499.80375788356827,1.3449670221754884,159.29833803142816,0,6,0
261,262,694.8280020542169,3.9877955031859407,128.34621758272368,0,4,0
262,263,252.8436879229925,1.5518097946178688,180.65419219187228,4,7,1
263,264,449.5314192291431,2.276100745409006,99.80840258825378,4,0,1
264,265,636.2339974025368,0.05810269954050318,129.27612416937572,0,6,0
265,266,565.1996812321863,0.3622344389727944,133.63535955655797,2,4,0
266,267,542.4481853175394,1.962467782033424,126.5054892151386,4,3,0
267,268,545.2917236732968,2.3996941735856177,146.47407915539293,2,6,0
268,269,366.9353986342727,3.0001027405965184,62.73802430746513,0,9,1
269,270,332.6677590175366,1.4583128935465162,112.22547995824232,4,1,1
270,271,600.8678008488271,3.474909430632713,38.76046450550258,1,0,1
271,272,601.258965233174,4.300611985946023,89.21203897606625,0,0,1
272,273,630.8776056616539,3.8992549444667493,107.7800723518276,3,0,0
273,274,654.8850873293651,0.19809412674178573,137.40036671818504,2,4,0
274,275,445.89804740768767,2.4025347362891445,191.09558946551664,0,9,1
275,276,440.7884732373438,0.5246508920908743,128.11719197870406,0,6,0
276,277,595.1134930627231,1.2102250793126372,153.84690491178077,4,1,0
277,278,517.9812440044379,4.933312966335732,111.1278907091365,4,9,0
278,279,545.0227761740057,0.7124777145075661,134.13872564773965,4,7,0
279,280,593.8121881067725,2.4944407672567803,32.767798904079214,3,3,0
280,281,642.8027777451344,3.0907786715905954,65.79048455153246,4,2,0
281,282,355.7574815627986,3.5123248527205195,85.13355677692496,0,9,1
282,283,375.3031353727709,2.7982434174345707,105.04880390117245,4,7,1
283,284,228.87060871725188,0.048854237095918296,28.21677419042907,1,1,1
284,285,480.70567331801044,1.6323065412199593,45.20433755959718,4,2,0
285,286,198.68998237430588,2.5885582169235573,69.82657540243504,3,2,1
286,287,422.1109694288793,0.43933249572416677,194.8758843621891,1,9,0
287,288,462.17521004793986,1.7531346560459038,79.64246127854913,0,0,1
288,289,329.0014511067079,0.16601554395683282,106.76739046017485,0,5,1
289,290,487.2332954958856,0.3928924857751037,55.29758829291073,2,1,1
290,291,195.8601299683057,1.9846163810079802,129.9404127936383,1,0,1
291,292,199.4210581495915,0.6635787702153018,70.52297879287538,2,1,1
292,293,607.7522915430222,2.8377042413077906,57.25866411891682,1,5,1
293,294,367.29913353385666,3.4473248456863286,112.98307312027623,1,3,1
294,295,246.0714665789801,4.002933495545414,20.991043848875748,3,5,1
295,296,451.5664952284983,1.0007512212240504,21.37952587686056,2,8,1
296,297,580.3966476112776,0.8374129112953488,59.4323856383344,3,9,0
297,298,292.22693429835846,0.5228392016720013,26.609845250147806,1,9,1
298,299,503.9030474258801,3.1821512477181835,39.444635743524444,0,7,1
299,300,224.38068179675935,3.5323786324345057,80.9949168809753,1,0,1
300,301,206.874495007676,0.1579307241282102,164.4654223243663,3,7,1
301,302,456.30440841543697,4.681061231218449,122.96875580647415,2,8,1
302,303,461.1302632372554,0.25985641825736205,112.28019067215496,2,5,0
303,304,511.4635487790674,2.7064816765053523,72.82798817746189,3,9,0
304,305,557.567493535784,3.545302597254582,187.71566949790696,2,4,0
305,306,687.443081320518,4.354845618730428,91.4627074226945,4,5,0
306,307,448.47618111662155,3.570434660662139,35.67669802323887,0,5,1
307,308,347.9373659294479,4.008640415348959,131.07197290120422,0,8,1
308,309,593.496821279726,1.6972509627140302,40.490910825788255,0,3,1
309,310,320.8327706562786,4.074125568732561,82.14016570430458,2,1,1
310,311,408.26513876693076,0.4005742319233757,111.3341489692056,2,8,0
311,312,220.7973182979783,4.474083280302638,177.36005444333165,1,1,1
312,313,193.1823865760379,2.7379618807686814,108.83838446122137,1,9,1
313,314,680.577175632521,4.0864888498124685,146.40657788569956,0,8,0
314,315,614.709662666347,2.2615914225915006,198.70703101983267,4,1,0
315,316,541.9065871687229,3.2178884759826247,43.66804158163669,1,7,1
316,317,392.6555310954203,2.632013304680566,69.45167459351352,1,8,1
317,318,270.1130464368398,3.6579476087766594,91.02369360757635,2,9,1
318,319,261.34726218896475,0.4081499101529479,95.92907213698965,4,8,1
319,320,310.12630704558956,0.301760419952819,93.98379354779824,0,9,1
320,321,465.59786564718263,1.2355161700507322,183.36998046017987,1,8,0
321,322,551.5898798040324,0.7977234005659417,148.52587600403416,4,1,0
322,323,523.3026358932202,4.3589178329610085,129.42293853632668,4,3,0
323,324,325.56562641189026,1.0960699367902216,75.68708921530077,0,6,1
324,325,676.5299459448609,4.879326279095657,168.28226915983305,4,1,0
325,326,563.7063966817996,1.6844789588555342,191.91089206729802,4,0,0
326,327,468.26410730592835,0.9105895784434964,167.81569085904079,4,2,0
327,328,498.0947880418632,3.9484925357123957,20.281718934465122,1,3,1
328,329,398.19203246245075,3.2935388775043806,134.55224663301328,0,7,1
329,330,308.8201145406019,2.490978582265695,29.20436865957813,4,5,1
330,331,365.10579289865603,2.7768177546881563,66.36929966006994,4,1,1
331,332,574.079977441472,3.5960088913613193,30.714446062598903,1,8,1
332,333,187.48461408747306,1.1422737066564936,128.68318153088978,0,1,1
333,334,240.35777306359643,4.981669580283709,143.58618442866924,2,4,1
334,335,203.92137385131144,4.873965810733916,40.60777485186292,1,3,1
335,336,201.17897720586447,3.2516284317346846,89.09099894809631,0,6,1
336,337,624.8395036857237,0.9977122546457257,102.12257161199756,4,7,0
337,338,545.9020868776123,3.401141212156457,86.42954391696499,0,4,1
338,339,426.57039112540906,0.3609920448958792,41.78450008733475,0,9,1
339,340,230.87376353852076,0.15326251102903032,95.41060223374558,0,4,1
340,341,435.6402550607528,1.2884144425560684,155.21204860551526,2,1,0
341,342,426.2053208058942,2.3131147836965815,32.78137961598598,0,7,1
342,343,270.0649723532079,4.341362527041903,34.43240253474262,2,1,1
343,344,405.602857603746,3.6358453488315403,83.85883253047716,4,9,1
344,345,387.22246188663416,3.713532605999905,189.51062809140652,2,5,1
345,346,500.24205098715254,2.1274666722403768,140.34307641012452,4,7,0
346,347,510.2486984511748,1.7296749627348147,142.16059220106166,4,5,0
347,348,203.55808508146316,1.8551938149230134,85.14559835081569,2,3,1
348,349,374.79855960576504,4.938247818680289,126.85894241753692,1,3,1
349,350,505.4471561714029,0.2005459570624124,21.82361312499381,3,5,0
350,351,441.6308544616456,4.335157480612243,134.49728835371758,0,3,1
351,352,625.3747174179275,2.893377042861967,184.3916505637226,3,7,0
352,353,522.5206884418515,2.1930770959479524,130.26322430206744,0,8,0
353,354,264.72590208234345,3.6262883020756824,177.2657468239421,0,0,1
354,355,216.6957486482235,2.4333447071235144,150.31514998389687,4,3,1
355,356,514.0580246672841,4.367116190408303,41.70051495266425,0,3,1
356,357,193.78588148164334,4.503509320056293,182.44159531145152,0,1,1
357,358,484.60330226220094,2.108604634367277,31.95989198403948,2,5,1
358,359,668.9197255409779,1.384138986175258,116.11414505859749,3,2,0
359,360,479.24657249545703,2.961751642966811,45.58468228282238,2,6,1
360,361,381.8483616273914,4.561816728083455,22.107189931562733,0,4,1
361,362,514.5098735900236,1.053310945028333,95.96616682297503,4,3,0
362,363,418.29150305558863,3.114832917817414,73.10732737774812,2,4,1
363,364,463.7207304442862,3.1578011004626028,107.48008888356854,2,7,1
364,365,669.561700563793,3.665565112076405,123.89597961221915,1,2,0
365,366,380.7733716564026,0.657838425636299,27.873033015610524,0,6,1
366,367,679.8190931884353,3.5791248234104427,42.14059312227421,4,5,0
367,368,650.7823338171531,4.545162603328205,120.55563136107656,2,0,0
368,369,281.81139009043414,0.8984155443512098,81.77012357107847,2,6,1
369,370,216.06787645508604,1.1877166246193882,151.25122775890063,4,6,1
370,371,232.40456071626187,4.856975470208198,137.41249674654915,0,0,1
371,372,189.47534933880587,0.9048847635474488,172.20878533818322,1,8,1
372,373,229.11033959308276,4.271925466847896,144.64870880046055,2,5,1
373,374,535.1635221765056,2.461389282240174,97.38759393022666,1,1,1
374,375,217.01809719931907,1.2361553720158853,141.13399203099783,3,4,1
375,376,345.86732775275584,4.353749506362557,69.56861136597533,0,3,1
376,377,619.3351617041164,2.2265262750133274,75.13642978007829,3,6,0
377,378,192.10140658262947,2.574086769648451,162.0173287857428,3,7,1
378,379,603.5236109462467,1.7961668469988283,100.3555129522848,3,0,0
379,380,326.56448288216797,2.9647542571746373,163.70846129330346,0,4,1
380,381,241.44571036326124,0.8176193629251138,168.03602726029013,0,2,1
381,382,542.3033259893583,1.9554076832588034,174.36122077903107,4,0,0
382,383,507.0502803255397,4.847061611676438,184.9943424514173,1,2,0
383,384,636.2854470340676,1.2906671635056377,97.57733969239332,1,5,1
384,385,562.2369427780206,3.283683322706461,77.39602729780499,4,6,0
385,386,597.8100838001212,1.6259503211234745,124.7957743869405,4,7,0
386,387,326.65797773707936,3.8673656284330034,86.81103621877297,3,3,1
387,388,272.26856276545584,0.6543683035917491,128.19335002404193,4,2,1
388,389,570.3196708532464,4.849105225392724,147.00545527588844,2,4,0
389,390,599.5540644189773,2.2689477069181962,143.91290332858463,1,8,0
390,391,695.0626738403502,1.1802523167323198,87.41951966362184,4,5,0
391,392,394.56119199394175,0.3674837366500633,50.03483630577551,2,8,1
392,393,373.44940461224724,0.8487895254377037,97.49528092319736,2,5,1
393,394,583.7347395858384,2.598869742780088,45.66694593474357,2,1,1
394,395,357.2178409315693,1.6850158821564314,180.2174663330855,2,4,1
395,396,663.9938093138537,4.144416829413047,82.25794293281433,3,8,0
396,397,626.3746309583662,2.1544376183090295,47.80275450019828,2,7,1
397,398,403.07689423500955,1.2435713629381495,24.58059678303516,3,6,0
398,399,570.4529552515787,3.0857249330201504,136.24802953156717,3,0,0
399,400,572.3622945240348,3.533886084427229,134.6424171418538,2,3,0
400,401,233.62441179468496,0.8352095395047493,81.3087499846325,1,6,1
401,402,649.3275114733747,0.8380960814415883,32.90813999257718,2,6,1
402,403,442.7312336728857,0.18335713466771486,93.73320108114176,2,5,1
403,404,609.7578823760257,3.6820100753282023,76.01914911141085,2,7,1
404,405,346.4257925359181,3.3190226381090255,141.8817151523017,1,5,1
405,406,645.6720788180243,2.3731543787490694,129.04026490148425,0,9,0
406,407,382.3848729417648,4.220852244845986,85.6268710755572,0,2,1
407,408,185.63557876975514,4.028350764750266,59.22065976589822,3,3,1
408,409,650.7986277380171,2.9267718219837606,197.84647390800654,3,2,0
409,410,227.46907192878945,4.341356402566293,101.72029181530067,1,0,1
410,411,346.0430915470157,1.0292060501838414,143.88936244044265,4,9,1
411,412,674.0322228664186,0.5595980969886394,45.29953416410494,0,4,1
412,413,674.3157164075292,1.348748057584948,107.40614593869161,3,0,0
413,414,478.1877018241088,0.28543428044657426,24.956609576503787,0,0,1
414,415,508.5553503282956,2.65584764000516,110.98192122388099,1,1,0
415,416,413.1916714287263,4.683028461474807,193.52313328118643,1,3,1
416,417,332.46960128299355,0.19671770334254823,89.15720833744405,4,5,1
417,418,350.9055635923563,0.610549570050134,27.019282263484087,4,7,1
418,419,529.70959716006,2.2609951414171765,25.572042365481835,1,2,1
419,420,571.2347553075936,4.669375087639525,89.83761679043651,3,0,0
420,421,591.6211027374412,1.5807805248837525,48.80448856337493,0,2,1
421,422,590.601434253168,2.536174043441962,24.203377339073462,2,2,1
422,423,227.427173585319,0.20786429525196048,156.11845051103182,4,4,1
423,424,437.09855844534235,0.7417160048104443,102.53414159874032,2,3,0
424,425,209.93055520865502,4.933150614794235,72.06405895507781,3,3,1
425,426,465.75501880834247,4.825593482180228,182.01497294296652,4,8,1
426,427,409.59586071415606,0.02469990467204808,40.90501283609461,2,6,1
427,428,641.6061750343158,4.759058927116195,192.06538921195747,3,3,0
428,429,362.4758065270809,3.195599689077502,76.51400912792352,0,2,1
429,430,240.87484854235504,4.339591472600111,179.91266101556263,3,5,1
430,431,254.35567466747466,2.2736992781692953,128.52971776630307,4,2,1
431,432,575.9855284930856,2.5779801428962514,168.80732475346775,1,5,0
432,433,501.47339292445577,2.444232901284601,197.12236937788356,0,8,0
433,434,232.58379158385094,3.3343212877305217,71.91297880737423,2,5,1
434,435,223.73553917979865,0.6982562737815645,193.00438737336674,4,3,1
435,436,544.5039483587424,0.14986794936338976,90.10674108243566,1,4,1
436,437,217.83676330938064,1.5396497079559546,89.39214285264602,3,5,1
437,438,607.3672308309852,3.5234038136832337,81.26967876581102,1,2,1
438,439,547.245958121378,1.0092672606147417,117.45336932256534,4,7,0
439,440,222.30136593378788,3.3671621666245866,47.74610777212767,4,3,1
440,441,224.1156113242998,4.849560230536352,119.66806736444201,1,7,1
441,442,693.0525808206112,0.46950357894709194,117.50686623380072,3,9,0
442,443,374.6208137931826,3.363010591125631,157.1423262688766,1,9,1
443,444,372.7339164747833,2.2187510965228556,170.0569931487654,4,2,1
444,445,602.6557749739013,4.3407112718875265,99.27944305623633,4,9,0
445,446,672.5692602396066,0.8857489472369295,74.41998488326888,2,6,1
446,447,692.7205531878928,3.4631297611308227,66.680281517077,2,8,1
447,448,571.7566563346496,4.190576448240551,55.03229060687695,0,3,1
448,449,375.6549844760762,4.723071097370116,30.37656479582448,4,7,1
449,450,223.42037268330776,3.4162401414482293,81.6406361902484,2,2,1
450,451,584.1163962822671,2.4858738200421366,68.64458458354099,1,6,1
451,452,470.37020986261865,3.089236201006069,193.9551294559533,3,2,1
452,453,400.59544480842766,4.344524922393591,120.3875887250079,1,6,1
453,454,651.3042802492628,2.8530487331941483,82.50986702549136,3,9,0
454,455,237.8226907991987,0.1519352984841843,124.48416817886527,2,9,1
455,456,436.16505423124676,4.654743477534889,45.05540624222519,0,5,1
456,457,185.9038952790579,3.447633755157806,99.92787485639653,1,1,1
457,458,423.70353383694567,3.3825669288862326,132.72217785579147,1,2,1
458,459,209.27770335455543,1.0783757619885859,108.00160972264125,1,5,1
459,460,241.7853164593974,3.2944273511632858,92.32018411777837,3,3,1
460,461,241.11364832409453,1.9693220282707924,198.89271000194566,2,5,1
461,462,517.589357100353,3.2561648852074603,178.45665718680686,1,0,0
462,463,567.9433372180201,0.5329651515399536,132.21307246869924,1,9,0
463,464,483.35175785052303,3.2892265230151803,122.4879250128109,0,0,1
464,465,680.3297252067619,4.997068628853333,131.71888636842513,0,2,0
465,466,374.93270135232615,0.24106019430278014,56.236179408037984,2,7,1
466,467,328.5702848665676,4.885870921106586,91.12479378757735,2,7,1
467,468,631.6715466585193,2.034539803614353,27.102715920361877,4,3,0
468,469,296.26983603011536,4.353767251686296,105.5982867476288,0,5,1
469,470,680.8757205091179,3.9119274202913674,117.74442511237937,4,7,0
470,471,186.3203268387045,2.8350813049333388,60.994952498577724,3,6,1
471,472,684.3369898879723,3.6922460462566327,193.52519248979246,4,6,0
472,473,202.44315421429957,4.39257780650674,183.70182996870355,1,3,1
473,474,643.394419122997,2.0207016082551648,149.98578238206306,4,8,0
474,475,454.40457672487594,1.6351658078161935,116.00959317776527,2,9,0
475,476,696.3416939820362,3.3379669278179236,176.5944487365833,3,5,0
476,477,218.3742136624074,4.039229709706293,43.517421888223325,1,2,1
477,478,468.0042278886868,3.811425673883079,162.2917629694793,4,4,1
478,479,684.0373185219314,3.9890682442931724,42.4677465140327,3,4,0
479,480,452.0108789684774,2.177916574064665,162.95791925889299,3,4,1
480,481,507.2872918303365,4.089171080875108,69.63816228524425,1,7,1
481,482,541.7893182720009,0.6010452768530422,177.87630458327402,4,8,0
482,483,416.3613536792421,2.722445489804248,189.92757688857162,3,8,1
483,484,506.330201643713,0.028793302490607853,46.78327449292081,3,5,0
484,485,483.84344220001213,1.6229291495013514,103.28160891177083,0,5,0
485,486,648.6021654553142,1.8323076743569895,196.57772806928332,3,8,0
486,487,203.6321177775581,1.980863458046277,107.01333847516639,0,3,1
487,488,326.1008585879598,3.477336033449311,175.43855405261812,4,5,1
488,489,674.2139717198106,1.9427905063517286,125.97167398363757,4,3,0
489,490,642.9371676232765,2.2434681131126535,87.55938342552834,4,0,0
490,491,416.94151144857074,1.1877206543716374,71.44103999465663,2,6,1
491,492,502.4689508567991,1.8662589581467004,56.580156395495706,4,9,0
492,493,324.23821515018903,1.1363481363157573,157.1236744479855,3,5,1
493,494,277.8230030563559,0.3659796188422182,89.57729122814501,1,8,1
494,495,421.1231705687907,3.0172429669068896,112.0295831961352,0,6,1
495,496,363.7431585735475,3.3410639927750814,108.61858640021275,2,6,1
496,497,483.50117816245347,3.0974517300480726,123.91022526196362,4,1,1
497,498,220.4220112217921,2.3174702190028618,175.8038862124194,4,8,1
498,499,686.6852999864066,1.898928900896149,196.53308184501728,1,9,0
499,500,692.8295871293935,4.316668247859126,93.36515754328705,1,8,1
500,501,543.0440912902675,2.5954089256810904,168.95340597913454,2,5,0
501,502,458.7701104989426,2.395909388148655,157.61500303784916,0,2,1
502,503,340.9543604688904,0.12821032903217844,123.23521126200319,4,0,1
503,504,603.1734102476133,1.7062391381307818,192.08848585014795,2,3,0
504,505,536.0602097280173,1.9009780939292853,56.085412795112504,3,2,0
505,506,264.5608084593435,1.9941139044845024,39.66755785573186,3,0,1
506,507,653.6821359367981,2.9008618461366615,173.71315405197598,2,2,0
507,508,607.7193663200478,2.6680127336343924,99.0469669940747,4,3,0
508,509,673.8959549118006,3.039525463967223,172.45439375727088,2,7,0
509,510,557.3741443619472,3.8244163077106412,180.75623693517468,4,8,0
510,511,498.9759018866107,4.064928693580468,31.24236685143286,1,2,1
511,512,397.4863788711218,3.590615381132472,179.02365733749093,2,5,1
512,513,665.0188113440869,4.777618479774674,100.69742996649599,4,9,0
513,514,630.3532225402123,0.09116291338180815,111.8778480207618,2,4,0
514,515,203.51370845521848,0.9788899284177305,132.78665199677783,2,5,1
515,516,193.71082673857103,0.0378143748907106,186.7488692114156,4,3,1
516,517,375.7609507765858,3.237373570773015,23.440896997357527,4,9,1
517,518,601.4877320065532,4.490152744749935,105.83182429720708,0,5,0
518,519,693.3835872437711,1.2174114828814964,143.78996763750092,2,6,0
519,520,258.2167833738347,4.635172723981533,150.08725238568113,3,8,1
520,521,488.9479719831103,0.30133695144780426,144.65583767667943,2,9,0
521,522,378.06324544813117,4.672180134027571,44.19832329346193,2,6,1
522,523,684.3554868635937,1.758113436198172,73.89120590690263,4,5,0
523,524,617.9018400305686,0.5071041422460826,84.56879457506243,2,0,1
524,525,615.9309264497917,2.4293587959316283,164.7986973823109,2,1,0
525,526,423.7204430933846,1.2838828386025396,70.17677703461955,3,0,0
526,527,395.7061412155859,1.4243645098096143,57.92689349609657,4,8,1
527,528,322.17167740396724,1.5364498246314329,192.3406434268573,2,9,1
528,529,209.3152582584821,4.015129489163317,21.5953913204244,1,9,1
529,530,629.6556356526277,2.695806383376272,199.60775402275607,0,8,0
530,531,602.7085247476404,1.5565384957800181,141.8278337943312,3,6,0
531,532,699.8531901087879,3.0516689165545916,169.12447390084108,2,1,0
532,533,698.2511552784308,3.580753371115968,73.03149134231477,1,5,1
533,534,468.8244869133663,1.3631200036676687,22.576749980070797,2,3,1
534,535,579.8734558938654,2.0677455076267575,152.81651334107542,2,0,0
535,536,671.2781795388626,0.6094304666847378,170.14602746012164,4,0,0
536,537,621.816643152254,0.9057467476734016,153.28570375163343,4,4,0
537,538,308.6210129064628,3.405589269824914,45.71305171415095,4,1,1
538,539,414.2829503612486,0.9071917384781347,155.61702600625443,1,3,0
539,540,247.1628958787774,2.6258169183353006,158.40610077937538,2,0,1
540,541,676.1065341745357,3.5452313086121636,138.53729282060988,0,3,0
541,542,495.2108099144576,0.5343846154737192,157.90086790320552,3,5,0
542,543,298.8942588618006,2.836561098144518,172.2658591419918,4,9,1
543,544,529.2843558910455,1.2828139185068188,130.4487405627425,4,3,0
544,545,501.4266850381058,4.814634376187899,35.948848514542235,2,0,1
545,546,366.24461337707703,2.4177282335996235,107.77300574009796,2,6,1
546,547,239.0499479438071,4.029962748875791,33.97688024088891,1,1,1
547,548,529.2180617082558,2.7511327107813086,93.35774558583755,1,8,1
548,549,450.5600044699725,0.21706266427409582,93.27916804261298,4,2,0
549,550,581.6055637025324,3.1657568779701117,31.881771945243486,2,7,1
550,551,450.4850205782366,4.757016711033285,82.78769611450628,0,7,1
551,552,623.1343801656408,3.008059100731656,39.979657782436675,3,2,0
552,553,466.9915561627325,4.095944297133951,165.48233780165998,2,3,1
553,554,471.6877451984009,4.421032316742039,190.58384467360474,2,1,1
554,555,635.8598733823394,1.1403988597446624,33.01696554642895,1,3,1
555,556,389.8110904304465,1.0602241995411332,191.92073731250625,3,8,1
556,557,249.6879187943332,3.0549049442549587,114.06378788061413,4,1,1
557,558,194.96699168293625,2.0551423490335234,73.9218220316973,2,2,1
558,559,572.6713729502819,4.1993065143336015,33.83517354970943,4,3,0
559,560,502.5609667038016,4.500115616990056,110.11236825267521,2,4,0
560,561,546.1214794115963,1.7671068965135905,163.01279800833476,4,0,0
561,562,290.7413639846336,1.1843527948724102,147.27556590800566,3,6,1
562,563,250.91316730512028,3.902627576219309,29.040682063515277,1,9,1
563,564,187.5632261472986,1.3740301777406805,33.122330366222634,3,6,1
564,565,362.3055305794304,4.113071592568392,92.51719087387468,0,8,1
565,566,486.7571971644092,2.118691268243814,73.15228892862979,1,3,1
566,567,383.96690345186084,3.337749496457352,61.82917815008861,3,5,1
567,568,407.4869594523391,0.4776765691733409,70.58080980356846,0,1,1
568,569,650.1625211367491,3.119296623382865,164.62689379343922,2,3,0
569,570,361.0928428521162,2.258838393686146,187.2610496537337,2,1,1
570,571,447.2745343631016,2.9330423158773704,92.91848501496196,4,9,1
571,572,587.4995666253944,0.8400710387243171,183.09998038384947,1,4,0
572,573,386.2022468070605,3.6843687247209105,77.86922622461876,2,6,1
573,574,503.4850841184942,4.3139853877161425,105.75865754188249,1,0,0
574,575,628.4291285483075,1.0836990004538782,60.68521960687995,2,9,1
575,576,673.7507243019738,0.47857277760080863,135.28568759165194,4,9,0
576,577,256.4782100830997,0.11819293023168198,196.2166007314656,3,6,1
577,578,661.8255650839772,3.2098575022163303,128.62875728780816,4,9,0
578,579,435.9004724013598,3.035470180443904,84.40653514043879,0,5,1
579,580,314.2870819154583,2.73348706357035,136.6071402782951,2,5,1
580,581,418.7505932438959,1.1597354805798772,42.12572212376976,0,7,1
581,582,689.6169391484481,1.9545299795275732,179.95863444777174,0,7,0
582,583,436.16140887629217,2.9723816759308654,110.55511114037054,1,5,1
583,584,350.95083734950424,2.483834294295847,100.88295356713557,2,2,1
584,585,509.3684442446974,4.938927601074436,125.45566192163345,0,4,0
585,586,304.8757217646604,0.6821987627836656,132.46109530209245,3,1,1
586,587,219.44893061650524,3.4757227702379687,32.919645120772344,0,4,1
587,588,247.0174553935376,2.0215938405214606,142.87109982021244,3,8,1
588,589,246.58383625804169,2.1409980746280737,63.54770245679533,1,9,1
589,590,258.98940062639304,3.5879888282908814,148.51147385118617,0,0,1
590,591,252.19012977769327,3.4621807566218483,168.0562629891554,4,9,1
591,592,513.2548672976716,4.956279968510941,164.71253135945366,1,4,0
592,593,274.5776438875553,0.6419714472706262,119.45017413342003,3,5,1
593,594,359.74698732840886,0.5205482469208317,113.63058061593522,1,6,1
594,595,646.3299731511261,3.6216940856437057,45.71767304109411,0,8,1
595,596,426.4600529366936,2.8919345850320455,159.5623070725644,2,5,1
596,597,527.1300240309341,1.3708033327990292,68.85368848040858,2,4,1
597,598,269.6063330248475,0.397096844944933,109.40517610723037,3,6,1
598,599,279.9902897805088,0.4282912479821527,71.169336726953,3,0,1
599,600,201.251680458569,4.470954373320591,44.089105339944766,2,4,1
600,601,267.84623279752554,0.9593366235937145,133.32038544051258,3,1,1
601,602,324.8669762966185,1.6168578105776037,29.77976626812269,1,3,1
602,603,272.04545182390837,1.13328201113494,154.756142142716,4,6,1
603,604,226.12531755366894,1.7749815291596867,77.165623147001,4,4,1
604,605,242.7306529723124,0.34711921373046684,20.024244740807358,1,5,1
605,606,419.6049593770174,2.595298954541352,112.00324506270137,4,1,1
606,607,287.2935335710121,0.3380628179610745,28.433343534968564,0,2,1
607,608,369.4203277449992,4.001782539111808,69.7105204077619,1,6,1
608,609,441.77698084452555,1.1685604095521651,147.25576774202892,3,1,0
609,610,539.00531088727,2.700059573022553,31.284131891935857,1,5,1
610,611,200.44231271737144,4.400395437807291,171.08092862408043,2,4,1
611,612,595.6934074327022,3.2543868452359708,20.68758607854496,3,9,0
612,613,506.50820253527206,2.6647889327566765,64.4282964563424,2,0,1
613,614,222.51469661341338,1.621668765576878,153.36273010737287,3,9,1
614,615,634.2608845355242,1.6650095652909895,76.92862695127522,4,3,0
615,616,658.8536482765428,3.3474347759909504,38.34062985188244,1,1,1
616,617,211.76053912452915,4.970696806105837,84.84210538407702,0,3,1
617,618,323.97637703654595,3.309195949246893,68.6707915492146,3,0,1
618,619,599.2246654923919,2.7889170868501245,171.68814238889988,3,1,0
619,620,569.0950389995023,3.6532525511962306,76.40262516532576,2,7,1
620,621,275.95093006531624,2.3260280614185906,162.0078449196813,4,5,1
621,622,288.86164813508935,0.3007117130039261,180.53698606593224,2,1,1
622,623,372.64549345151863,2.8114840793895493,98.08713552377532,2,5,1
623,624,431.9519522993311,4.788126422526901,183.78976589379056,4,9,1
624,625,501.4924811957539,0.8765147117882982,87.91724971337472,0,8,1
625,626,371.8350925762817,3.4500244541033287,193.53411496821948,2,6,1
626,627,420.5180523892369,1.0046684432952824,36.07211441460313,2,8,1
627,628,568.6848878295534,2.6791384223654062,143.6634679705837,3,4,0
628,629,199.0752655031109,0.4833822482335981,108.88652728224716,4,6,1
629,630,311.2672110588908,2.2518546812909257,89.77678498201647,1,6,1
630,631,550.9417846599672,3.7808166444762303,133.88813817474818,0,2,0
631,632,645.5075555973436,1.7378576211949104,146.69427649417963,0,6,0
632,633,446.0722699001464,3.32455862243609,20.785388537055635,4,0,1
633,634,456.6990123379641,3.977249803948646,50.05155597449577,3,8,1
634,635,235.72944589668356,4.635889097397263,148.34828911417736,3,9,1
635,636,412.65443074819643,1.1732104092772677,139.94937444407716,4,5,0
636,637,456.960978556612,1.9965795790465406,193.8885509231619,3,4,0
637,638,306.0846618900594,0.7620800666520872,156.98680224514095,0,6,1
638,639,320.0064800936781,4.962417510791876,191.13908739164086,0,4,1
639,640,376.18776481440375,4.635004839621477,146.45729027626527,1,9,1
640,641,190.4370228444177,2.699785651402798,73.64939755509977,4,4,1
641,642,347.4811661032527,4.210166471882106,38.96568600515417,2,9,1
642,643,289.9529636382032,2.604789886360211,160.7282954020884,2,6,1
643,644,350.2986231325156,3.1179284400137988,135.94685986566486,1,9,1
644,645,242.27630854601063,0.4456221605800831,28.673482230793322,1,6,1
645,646,643.0741859847453,3.7763521024840396,84.8090838621761,3,2,0
646,647,488.66807584810533,0.6385674181761741,192.22396678717152,1,2,0
647,648,533.1332059551346,4.130338151262642,110.07220622783622,1,9,0
648,649,590.369044075816,3.9101404383519296,97.89124448354684,2,2,1
649,650,439.18994344310977,3.5437234887148823,102.38592892867291,3,5,1
650,651,225.19854980546032,0.18080190262381057,57.59889032092947,1,5,1
651,652,459.2954017456448,1.515641779726643,86.36729075566313,1,2,1
652,653,485.15738137085714,1.3155628495542144,86.56638607769179,3,2,0
653,654,567.6285265758515,1.8006820373575954,29.423903633745034,4,7,0
654,655,404.46296403943325,0.4382137338191927,158.16217313322528,3,7,0
655,656,246.34175745369316,4.684789115155314,94.97079774269821,2,6,1
656,657,327.56347101533675,2.7690112035618815,167.9923796269562,4,9,1
657,658,368.8027941272902,1.5276215532901176,173.06264020158116,0,3,1
658,659,515.8769654924326,1.984907585371417,58.15892984575845,3,3,0
659,660,476.8047184278342,2.236012702524178,138.32362679062314,2,2,1
660,661,365.17029746688,3.0029716668030866,105.0107247493367,4,4,1
661,662,692.9879293723494,2.578397138482489,178.42821282586732,3,2,0
662,663,495.0029060655813,4.596959866072087,58.83332225176174,1,7,1
663,664,303.3579317027171,2.484817414529151,142.00637605580795,3,6,1
664,665,232.92688576260994,4.960790074116563,129.39538200549006,0,2,1
665,666,259.4867523758527,4.257124788725479,73.1542659629299,3,8,1
666,667,307.89801875994425,1.042552571786679,44.58816265721107,4,4,1
667,668,263.55431409496896,4.652976073219581,137.29515688590976,4,8,1
668,669,277.014852506679,0.5818319894273805,152.94754246381953,3,6,1
669,670,328.2494877208005,4.087248542455958,76.812921877403,4,6,1
670,671,270.1542695532725,1.9031164673829004,136.0698687240165,1,5,1
671,672,646.3180208057411,4.389871602225347,91.12356337007058,3,1,0
672,673,221.72154774405396,4.340283450537251,148.37723899087118,1,8,1
673,674,452.74592257653245,4.029627000588106,55.85874948092956,1,5,1
674,675,393.406350034624,3.950152181535307,180.23870047451138,2,7,1
675,676,690.8368807924753,1.523395695490204,71.73372736380435,3,0,0
676,677,238.26022912738722,0.4045964152562609,86.20147779610753,4,4,1
677,678,386.88491150378564,2.014900893825807,30.45655137446296,1,0,1
678,679,684.1246253031918,0.8676225749325434,40.07219821782975,2,9,1
679,680,630.0637054648697,3.4747554445123088,112.85514248821906,3,7,0
680,681,604.8774768936255,1.7304986326889278,68.16668181103486,3,7,0
681,682,314.1094700633687,4.878051004299574,170.386440633595,0,0,1
682,683,268.8615454428342,3.20486038672666,22.64480995789169,0,8,1
683,684,527.6944743607041,4.112402818171804,88.23692876094852,1,1,1
684,685,663.2755143463446,0.6626233637092421,80.72219841843668,0,8,1
685,686,469.5167043672435,4.310072411363112,23.478973565168186,1,0,1
686,687,477.23859852434794,4.613785952566972,42.38631182009184,4,9,1
687,688,325.5891287033478,2.4353095940946794,94.45568148535435,1,8,1
688,689,580.1363252598071,3.031264688754887,108.71562520054039,0,3,0
689,690,277.26274924991213,3.8240490045149773,92.77215450587644,4,8,1
690,691,348.31320293020667,0.8741931363020627,115.56878211417688,0,6,1
691,692,401.2269480805367,2.5128303823172122,127.12370148302267,1,5,1
692,693,443.9573969159166,1.9933151388615655,21.786287803010413,2,4,1
693,694,306.05306085584175,0.7318699608112456,103.53712870163069,3,8,1
694,695,239.71514886438584,1.8376721114576573,193.4298633597659,0,1,1
695,696,497.52242206964894,0.34086154692746784,113.42581042331877,1,1,0
696,697,330.087887684933,0.12905953474743492,141.95760814261158,4,8,1
697,698,482.24387513975836,0.6758314457741138,76.13549442503898,0,2,1
698,699,260.2686119425852,4.815575557945869,159.31844806749726,0,7,1
699,700,430.19285296450505,2.747647679475085,159.1258667377007,3,8,1
700,701,456.9465049268247,4.8291108057661,113.83328857774501,1,7,1
701,702,206.94823914766198,2.16248939165066,195.68248819025845,2,3,1
702,703,355.03422466083873,1.5590806654262979,42.5990386572776,4,0,1
703,704,249.8956320082666,2.5307093142012205,23.050579680124578,1,3,1
704,705,212.95498464583923,2.1975584431645507,158.62847811627728,4,8,1
705,706,694.7793208427715,0.5283234213087196,165.28799672567885,0,1,0
706,707,347.623999386856,3.204131573451031,41.637301241703724,3,2,1
707,708,601.13471184441,1.080190912547998,67.8049099325491,3,9,0
708,709,312.4131404771572,3.0979397744891477,23.159425405993204,2,7,1
709,710,534.3814155564432,3.2510054619907667,72.79554994050164,3,5,0
710,711,575.318487142637,0.7601242656432405,159.16553730536089,0,7,0
711,712,489.73214511607904,0.3067481355533408,113.2328949882642,2,6,0
712,713,425.21961804608236,3.9038079303421993,82.65720677029185,1,4,1
713,714,394.15727535657965,2.2990021188466008,86.91307308313945,3,8,1
714,715,361.4114986023576,0.29081897752737895,20.243652628784268,2,3,1
715,716,663.3551550088694,4.9743315858488355,73.96409496174246,0,5,1
716,717,611.9220920496191,0.2889028049818332,136.36257349482747,4,1,0
717,718,681.8139935465865,3.475176144292766,195.35499988694428,4,1,0
718,719,244.63455621248326,4.918394626317068,172.47094885710192,0,1,1
719,720,560.051087105895,1.195900521079628,24.247093636195242,0,9,1
720,721,667.9370375469397,0.7112468434359809,181.74090884147108,4,6,0
721,722,274.2411944061433,0.6069246971121445,160.97571439375267,2,1,1
722,723,214.5780590307243,1.5163757378379779,160.46770224277648,4,1,1
723,724,565.3827376308307,0.5052290550532335,102.43923662064287,0,8,0
724,725,478.7260188535542,3.4608067084706597,91.6409527318105,3,6,1
725,726,617.7509639143015,0.31145899065031346,74.52483118997466,1,2,1
726,727,252.68163584567054,2.5471106407489486,31.82507461178584,3,2,1
727,728,593.5390021671428,4.983484269264884,61.08236542886584,3,6,0
728,729,284.8462064248272,4.069851347530094,64.38865429604442,0,4,1
729,730,265.1010902901663,3.0760971911550543,107.13387254783629,4,9,1
730,731,265.41821492411634,1.5312681039330585,154.53999318740492,2,5,1
731,732,603.5788545203187,3.1194791814581926,105.28576911163039,3,7,0
732,733,525.902554762024,2.6352073195582584,30.41200090048891,4,8,0
733,734,451.99402087994207,2.130416919451857,192.4021641778767,2,0,1
734,735,366.5918517442213,0.6535518837009974,189.6903774369402,3,2,1
735,736,636.1442812228163,4.433021076202333,161.33411776671352,2,6,0
736,737,384.07145585977037,2.2489232441066127,198.43902228155972,4,5,1
737,738,604.6317085252201,0.9731125591038253,118.00681990404733,1,6,0
738,739,408.35015245651357,1.838796754386448,193.2983030455771,4,7,0
739,740,376.01110330095196,2.0706487626446353,33.60890731101514,0,5,1
740,741,420.59348854819535,4.137689477834371,85.82253468704684,2,2,1
741,742,336.71649456535386,3.6680719028070103,60.56862824121785,1,1,1
742,743,568.7568776916505,3.846524468206699,55.2499551441686,2,6,1
743,744,441.41460284808915,0.05515632214323607,45.344530800681696,2,0,1
744,745,300.75060147634497,2.0807699908988075,132.0344554818794,3,2,1
745,746,647.7787781027756,2.4067207581766183,160.6379340345149,0,3,0
746,747,379.62343511406993,0.09596138411528343,124.09371189566492,2,0,1
747,748,462.64748777927406,1.299066043725171,46.45328772587774,4,4,0
748,749,651.3654977015644,3.801449115610675,166.00227858802475,4,9,0
749,750,504.6037578752759,0.6855485286449953,134.47184728947113,3,2,0
750,751,240.7869811683493,2.6765506572629585,89.86982710285919,0,1,1
751,752,668.7127042790071,1.0760093600861875,141.34345319649134,0,2,0
752,753,506.40818759713727,0.060603873219466364,66.78289626370992,4,7,0
753,754,354.1509196216848,1.2060072879977075,82.1345975289579,1,5,1
754,755,252.42147778496138,4.879368774550269,185.14745176375823,3,6,1
755,756,592.8930984205539,4.007685559414948,72.29081102085567,3,5,0
756,757,502.437833082827,4.797883221605167,104.59788826842859,4,5,0
757,758,457.3997678276872,2.4392702196318123,180.22540473128262,4,2,1
758,759,644.824143186498,0.5486809933875175,147.38984304815494,1,7,0
759,760,590.0705498367561,2.739797444868465,31.196580709646497,1,6,1
760,761,258.8709374610306,2.2718866727998046,46.514547970214664,0,6,1
761,762,342.0954752536851,4.22178541369808,21.41148633894503,3,5,1
762,763,309.2143527035222,0.49041290392122294,133.5659222412494,3,4,1
763,764,566.852072137792,2.441205685108891,100.5812165738753,4,9,0
764,765,197.43686606260528,0.7502433234699213,44.169473162409595,0,7,1
765,766,476.34263613308457,1.6233796344502998,192.4281417902187,3,4,0
766,767,576.478516585159,3.686785386938998,115.33875031021158,0,8,0
767,768,635.9181311161096,2.3800906468438328,63.54079294032005,0,8,1
768,769,357.88250933227187,1.8794414257288468,110.10864280784736,4,0,1
769,770,607.0537984294467,1.9723813928501766,142.3316598923194,0,5,0
770,771,237.52850321670775,2.297233842029933,33.72305923524161,1,6,1
771,772,620.1551917019494,3.9250827191852844,69.44668670862056,1,2,1
772,773,246.29410441263087,4.460423444701172,165.25378835911886,2,6,1
773,774,386.589391091391,4.776673432519641,102.73967667247902,4,6,1
774,775,594.593590205368,3.9345169312764754,118.38388556581309,2,1,0
775,776,257.9570622213624,1.5770344787400636,97.90688039770447,1,6,1
776,777,299.2107255209736,3.4406735304327105,27.90198967574092,2,0,1
777,778,555.5713355643945,2.1880156202769596,49.83496036762807,4,4,0
778,779,554.4189990039587,1.2733531102302558,100.19749497354036,4,8,0
779,780,513.3967691003546,4.204357897129613,57.65338377342701,0,6,1
780,781,540.853191122892,0.19213174481162498,28.99622515874217,3,6,0
781,782,462.21671054075,4.508809960677118,171.85693952932826,0,1,1
782,783,310.93551063161544,2.307387323123671,196.61465524954085,4,7,1
783,784,359.76191662203814,3.1860073840414023,162.7657173194131,1,2,1
784,785,274.43081273674136,3.2967696110289135,173.68128590684006,1,7,1
785,786,652.3942918934868,4.475588703532682,63.55588345706817,0,2,1
786,787,483.36373327838265,3.183348410836037,192.91285559237596,4,9,1
787,788,388.44273671709277,3.069667923800309,55.44662680161711,1,6,1
788,789,420.243017894949,0.3332602028034498,191.2573658651298,4,1,0
789,790,672.587336598144,2.59204010972602,199.0674729138712,1,3,0
790,791,259.74272962036173,0.7508450040852083,148.11010503428878,4,5,1
791,792,484.83951264873457,3.687168843607428,196.60587172252795,2,8,1
792,793,443.0621130199223,2.5611096040633723,122.51716032207867,4,4,1
793,794,497.9562024260169,3.4011388960417666,66.71752097169626,4,8,1
794,795,189.41729558683707,0.20836450301192133,98.65925941981176,0,4,1
795,796,633.5044326509587,0.4239600802290161,126.84096836818148,2,9,0
796,797,664.7015068914784,3.5816169403134115,33.154681164862694,3,7,0
797,798,473.86925546638867,0.36042167999336683,132.0217876311043,0,0,0
798,799,542.258428415984,0.356283638826293,196.612010617213,3,6,0
799,800,659.6996782121937,0.06054237617443725,54.21937696107097,1,3,1
800,801,547.7640898429672,4.7825069914974,162.66712093190898,3,4,0
801,802,259.3203023154159,3.687541797295035,183.42178288033148,4,5,1
802,803,479.66994728674285,1.7662570425103208,189.86628670763974,3,4,0
803,804,495.49182411908504,1.4826779064382762,192.8244087929805,0,0,0
804,805,400.54794907724073,1.7485161487292478,113.86273496986495,0,8,0
805,806,562.9510025248559,3.8732676559059094,195.91542343847067,3,1,0
806,807,665.8708476798877,3.306853055352072,156.315837284199,0,8,0
807,808,661.2956267115237,0.9259778393373397,49.10085852265314,0,9,1
808,809,414.43647313014867,0.8705466766704217,105.8420191642346,3,1,0
809,810,238.88378383719274,0.4919782485669866,149.29961156696072,2,8,1
810,811,692.117423460414,3.301513598506691,64.521256847435,2,5,1
811,812,616.2270049518858,3.8218633111086797,135.31073303879973,1,8,0
812,813,244.82459422569877,1.3252321416250201,139.98808622839147,0,5,1
813,814,658.8377789610336,0.10472480515456406,49.28595388554186,3,5,0
814,815,632.3461082723068,0.41085833738213673,121.71535624149612,0,1,0
815,816,449.7957897055575,4.839300174225152,158.89284397614938,4,7,1
816,817,487.4632265873632,1.4772238873871013,109.80121961646955,0,2,0
817,818,387.48140601246774,3.846115739190668,22.178561019699337,0,6,1
818,819,208.4760521874563,3.1233178442713188,21.626924434272592,2,4,1
819,820,354.3025656558685,1.9096981982644796,84.2652819146022,3,2,1
820,821,597.483793270966,1.0284363109777757,186.71493231772075,0,0,0
821,822,182.4086519623935,0.6069320907970321,61.161820328649576,2,7,1
822,823,353.419569279395,3.075064840194333,134.1854639969037,1,2,1
823,824,387.0477206672905,3.87316890318894,59.973656724797706,2,1,1
824,825,459.4457135277199,3.2195212677056535,77.90059813871875,2,0,1
825,826,658.3249205346355,2.6515106662457915,172.6475761282671,2,3,0
826,827,360.09991707029985,0.20975611715818132,151.19505960859044,0,7,1
827,828,360.4156649860384,4.842443887971919,37.171869916377915,0,2,1
828,829,563.5006490170692,3.9935709582728727,97.16636377755805,1,0,1
829,830,415.1533292626997,1.4641101835048236,25.250557456147604,4,3,0
830,831,296.7945079287906,4.899851646794254,106.56022638854162,4,8,1
831,832,415.26854838900056,3.0094079481816105,139.23812210619224,4,0,1
832,833,253.2456505974959,2.912113291036232,41.33047224766728,1,1,1
833,834,271.7212329832361,3.7403658971476608,71.99928900364982,4,8,1
834,835,439.15124182452945,4.058848940450687,91.61059259038825,4,1,1
835,836,397.8412337423649,3.2823930366575134,185.51558443808895,2,2,1
836,837,655.719868555412,0.6404787318310001,198.78590277613353,0,6,0
837,838,368.4448275406492,1.691337529972492,28.084033819210852,0,2,1
838,839,481.9059421445826,4.640418201630249,156.98142622917058,2,8,1
839,840,508.7774297181558,1.1230780592192597,86.91033195242179,2,5,1
840,841,186.8091174259335,1.8608351191875667,90.6424735213064,2,2,1
841,842,525.0394334486896,2.16038441472098,155.7676952024641,0,8,0
842,843,272.57870277227073,2.197024948472261,185.31675778617355,4,0,1
843,844,679.7565650841167,3.0646979124726275,191.1671470104587,2,9,0
844,845,257.30461843161874,4.715379188723538,123.88206548689774,1,2,1
845,846,395.60454433805234,1.203463559162525,84.28180867409051,2,0,1
846,847,224.3818274008948,0.6075068815045903,161.75883545458026,3,1,1
847,848,698.3746109598926,0.9873524492996866,65.18024898721404,2,7,1
848,849,441.14140537224614,4.434624501046348,121.5333251900332,0,6,1
849,850,489.60020900642274,3.2290540632760303,84.54412307447717,2,1,1
850,851,214.87976824198228,1.4295339461958005,138.1935932674177,3,1,1
851,852,569.9794446075725,4.079734694843086,63.271804320831244,1,8,1
852,853,289.1509084097046,4.30684998181718,54.48673023226864,4,5,1
853,854,646.9882305091712,4.232571693451391,185.28303560157866,2,4,0
854,855,286.67261305064375,4.5946326681977725,38.324662930916645,3,9,1
855,856,279.1576147451066,1.261205100866808,111.0724233922877,3,5,1
856,857,199.00582728100935,3.7752096437313916,59.753500933341606,1,8,1
857,858,425.4748114571996,2.3026974863707,27.00739339862014,0,6,1
858,859,473.71738929656055,4.209992764450307,26.48338729245675,2,9,1
859,860,214.16849250274322,3.642453385808066,51.53991897904892,3,9,1
860,861,583.2743606814055,3.882237232498623,176.01866381108005,1,8,0
861,862,415.7101940689744,3.2808091884053576,70.8461739158648,4,3,1
862,863,452.68294005034164,0.8871438473485344,191.08265070355324,3,1,0
863,864,409.1966284078786,2.7251345944846914,124.69201273805484,1,7,1
864,865,388.3967916551695,4.923348697622541,98.5905541583779,0,3,1
865,866,471.0129722802733,4.6869403324855945,124.41599024050183,0,8,1
866,867,260.7249278839705,0.21586867898505835,113.0057093407282,3,3,1
867,868,274.602627857541,0.8240740786471856,156.57972567631853,3,7,1
868,869,628.128522927029,0.6586438672728095,70.84929187511341,2,8,1
869,870,671.980040309489,3.6298995499264777,83.54907048805443,1,8,1
870,871,374.1208444654715,4.088926649284725,180.93697445598514,3,9,1
871,872,320.78723003464796,1.0675568315533597,190.362172367073,2,3,1
872,873,514.8797624842882,2.529263464759145,180.66048094756542,2,0,0
873,874,392.54176897101013,4.203515140056,95.50063891231645,3,2,1
874,875,193.20090494337933,3.664007723831253,160.4657905412387,0,8,1
875,876,261.19935063041896,2.7111860274592416,105.74043199419778,1,3,1
876,877,552.3055590006468,2.9517384522938643,109.55717338629839,1,4,0
877,878,522.6404497932788,2.5418027345814,56.84241963031111,0,6,1
878,879,194.0899161018114,1.4877422565941028,126.40345458653296,3,4,1
879,880,295.4255242051337,2.8251099642950805,53.50446159560263,1,3,1
880,881,300.1588942257971,3.4444265102504534,79.68164583209489,3,1,1
881,882,529.3842266713388,4.366614579304039,173.90543629158833,3,1,0
882,883,190.24947963226936,3.1814567698962404,57.27364565795394,2,3,1
883,884,234.1364626319784,3.80560768521579,32.80849133121791,0,9,1
884,885,595.9563643940585,0.800358174772865,32.42136667030694,3,9,0
885,886,272.8432242682535,2.3077873720989492,189.3412136905594,4,8,1
886,887,519.4279760829749,0.04665809913546648,111.24567883313023,0,7,0
887,888,303.8550461442978,1.233394322608115,93.6941729270633,1,2,1
888,889,231.7095242348595,3.632308575565024,165.95814458142533,2,8,1
889,890,306.4495393197161,4.9590497567468175,170.44866702389288,1,4,1
890,891,555.5788045649427,0.49589049793607953,79.79438596080882,1,2,1
891,892,624.9621634152686,2.0074715793064413,144.85125034528315,0,4,0
892,893,611.7143295748356,4.000354843495797,158.80210685333958,1,9,0
893,894,386.5354354015965,1.0201781731444943,137.83712363587182,3,3,1
894,895,527.404271016736,2.7754247465114315,47.287113464017885,1,7,1
895,896,286.5918336162269,3.665356480148374,177.65895503307027,2,4,1
896,897,332.4368197357269,3.0799272513008953,117.03701949248156,2,9,1
897,898,646.0946256309823,0.9401236730770807,70.84503674660067,4,7,0
898,899,186.76100022558273,1.776922843428697,96.5410733787849,2,8,1
899,900,224.4644360443234,3.9189589224269863,26.762796271803328,1,3,1
900,901,288.1008526759342,2.7711325706600833,43.01602422003516,2,6,1
901,902,193.79674601438626,0.026148067714563683,157.79841509285495,0,1,1
902,903,274.3464262466946,3.8049538001404692,20.002094255965904,2,5,1
903,904,483.1816117042399,0.17655677470119535,94.98184912681259,3,7,0
904,905,399.14076630809893,3.728668913656161,114.05183259540593,0,6,1
905,906,644.1892897600269,1.012402800826187,29.834195600175015,4,6,0
906,907,605.0706521039892,4.790367400596901,195.15406933501993,3,7,0
907,908,357.7450228828955,1.8397037565104224,60.702559624940946,1,6,1
908,909,314.90018538427205,1.6346580816903955,74.75576953453056,1,4,1
909,910,377.4400522469788,0.7444402516622234,74.70965220590492,1,6,1
910,911,486.95337010770004,1.5280210774510743,61.47499918112298,3,9,0
911,912,319.39309322789563,4.383253809141003,20.265287975536054,3,2,1
912,913,504.5574320815497,4.981671688136236,151.28206293583935,3,4,0
913,914,392.89405913944506,1.8415476525342416,194.03218996387136,0,6,1
914,915,467.0645340430297,2.2430531547727126,60.37282699130811,0,8,1
915,916,406.78579515036466,3.6103546910136854,139.34849452461603,1,1,1
916,917,333.12219496179716,4.430978902325372,153.5413388525687,2,3,1
917,918,673.1957196203215,2.9652216709339205,172.71656823629445,1,6,0
918,919,577.0750129630756,1.9576284908891468,96.07325546244964,4,0,0
919,920,252.85885139855532,2.0631092042431187,74.52756301527727,0,1,1
920,921,631.6033474669147,3.478090732484034,78.5531241241456,3,8,0
921,922,433.46422308974707,0.016091318021393408,148.2718399577323,0,9,0
922,923,645.1671579849276,3.0979466872992036,167.0203039710145,3,6,0
923,924,595.9247330926039,1.777465052206787,52.69051419618848,4,9,0
924,925,401.1110223240014,3.9709866563854215,86.76938146839774,4,6,1
925,926,191.68404032646106,0.4649531991156608,182.34923541484702,0,5,1
926,927,319.71222688017195,2.9410113347419524,165.20483354505305,3,2,1
927,928,461.6497916236508,2.404864449430619,197.27451249724564,4,9,1
928,929,509.40867430959656,3.211627629526137,155.76468674277453,1,2,0
929,930,314.1015964252652,0.32426797241484173,90.77513618502601,1,1,1
930,931,252.46515851786853,2.899918937140656,126.3148101190348,3,5,1
931,932,614.1637231356356,2.8074229397976187,138.98256576451766,0,3,0
932,933,691.8891339658471,2.8033004720808545,34.12204693708231,4,4,0
933,934,453.3588947973966,3.017438332982274,118.00945263869572,0,2,1
934,935,269.27322864111784,3.382339686131811,147.67774912506974,1,5,1
935,936,321.59980979007184,4.024944998403849,50.11783472019087,4,2,1
936,937,189.5631518046827,1.3491036006410717,160.51370913660028,0,7,1
937,938,655.4353794114595,4.1252470509003105,125.07910049254009,2,8,0
938,939,241.2305631028734,2.491278411317268,191.39992142556704,3,3,1
939,940,479.78856726741185,0.3852913956716558,27.636013677240506,3,8,0
940,941,322.5087147573471,0.292754646219896,67.75870475998406,2,6,1
941,942,468.17256130821255,1.6711915934803039,128.27969827396834,1,2,0
942,943,518.7386019429694,3.9244848855573378,73.38078419706753,4,6,0
943,944,611.4657379277448,3.5384046737045787,148.5963495328236,3,0,0
944,945,287.3390613155137,3.943074823362032,156.6209508539476,2,2,1
945,946,185.71783090240984,2.586345282208047,38.4528735319654,2,5,1
946,947,251.18052763577978,2.2009949897774526,112.49380355721819,1,3,1
947,948,648.0096937610147,0.7372626335314197,111.60030000639006,1,6,0
948,949,634.4228403325079,1.6409637680465576,86.4705386387974,0,2,1
949,950,490.6548131285603,2.1700968308693764,187.92647526254098,3,0,1
950,951,492.26876742549973,0.44300214839808616,168.95113757717982,0,8,0
951,952,525.8190707640529,1.1030597635560562,145.4976887437346,2,5,0
952,953,271.1930648841938,2.991126470318694,148.57879443229956,4,7,1
953,954,655.494211880979,3.678315571195949,103.10890588636144,4,2,0
954,955,397.76067294387803,4.991737556964749,185.77901379738367,1,7,1
955,956,379.23203468973867,4.665566656717789,145.02717690559138,4,1,1
956,957,449.8372067470755,3.2128259976759574,151.21659109804696,4,3,1
957,958,204.42230272302862,2.10624026647036,175.10436268172214,4,2,1
958,959,266.4673517531613,3.1808868235411634,69.33288608159438,2,9,1
959,960,563.7774805417126,3.92825809040116,165.27276269600654,4,0,0
960,961,223.05530732106575,0.5916809546169366,55.14330853216857,4,6,1
961,962,493.63909692252184,2.049524448481441,82.1615514040798,4,9,1
962,963,307.5815370342869,4.199011428178086,80.4098817685717,0,1,1
963,964,382.4337193018278,1.91916475966522,196.1345843100453,2,3,1
964,965,330.1207431207639,2.8593613561359326,174.17670027462682,1,8,1
965,966,364.94981256177357,2.938846804310991,146.21057508624676,0,5,1
966,967,553.9038706958077,0.9223812656681968,150.8702170907702,3,7,0
967,968,334.503292124051,1.811177208261442,121.17310299246279,2,1,1
968,969,474.5304129543865,1.6725564437096607,190.47632007953342,2,6,0
969,970,427.5462091435318,0.13098354266032397,109.32657551882508,3,5,0
970,971,525.1090059885771,0.12095881945677622,88.49318777658101,3,8,0
971,972,667.1514644488741,4.158485218378868,49.34636064768638,3,6,0
972,973,560.9374905493302,1.3653540498640622,161.51701740699045,1,0,0
973,974,291.76899686719355,2.5903938311940773,152.19990777360647,4,7,1
974,975,196.21523023186802,1.4936278679438653,89.18390693434428,2,9,1
975,976,316.37730303590905,4.703396225576703,24.534814512661285,4,2,1
976,977,489.4405239641325,1.2964837943288687,171.01951898924193,4,1,0
977,978,206.74142301181018,2.1482840636946756,22.055237021733255,3,2,1
978,979,438.1104485446429,4.3636512524230096,146.66596033322918,1,5,1
979,980,490.35828143678236,4.209667833959044,194.64627975069027,0,2,1
980,981,353.8068232248196,0.9305070892313866,98.77903906667662,1,9,1
981,982,580.8743459478274,4.013216548978552,62.2952128992715,4,4,0
982,983,235.43109162956134,2.290934433689463,146.8767818078087,1,5,1
983,984,219.07164650262055,2.414844360426776,167.08306556280533,3,7,1
984,985,558.6581532258738,0.6673998620797189,118.35745689401251,0,6,0
985,986,437.6554844272232,0.40300756878562327,194.06634954610632,3,7,0
986,987,537.9692461424227,3.639696534868826,29.300369898432997,0,2,1
987,988,406.11021607394804,2.482305761776499,110.86320769481506,4,3,1
988,989,308.12905728433554,2.1842535130758978,149.321710518059,0,5,1
989,990,605.9332051905839,3.6475411432619835,175.27528480685223,0,6,0
990,991,595.6962570638692,3.8275644949555487,52.266010143402205,0,8,1
991,992,541.2421648443019,0.7945408383467678,164.00062671746267,1,0,0
992,993,321.5154713595806,3.0511257473882063,119.48727362933815,1,7,1
993,994,486.9199467719253,0.6767704113884276,91.37966275819338,4,7,0
994,995,367.70642640881397,3.7568754301452283,43.708705144236845,0,5,1
995,996,227.62267812984976,3.2847757813356977,175.75323660360422,2,3,1
996,997,657.0030592403663,4.78307310541729,48.309177472348765,4,2,0
997,998,251.14568807785992,0.3447900817821059,75.76181465763787,0,2,1
998,999,674.1234239868172,0.2852736057562716,72.20819575323864,0,5,1
999,1000,411.92300193813696,1.4109353734660006,176.85452615435378,1,7,0
