,CustomerID,Age,Gender,Income (USD),Loan Amount (USD),Credit Score,Employment Status,Debt-to-Income Ratio,Number of Credit Cards,Home Ownership,Previous Defaults,Credit Utilization,label
0,1,42,Male,101336,20026,631,Employed,0.06,0,Rented,1,0.79,0
1,2,35,Female,89521,15372,838,Unemployed,0.12,2,Own,1,0.02,0
2,3,55,Female,90442,38685,648,Self-Employed,0.17,2,Own,1,0.93,0
3,4,20,Female,100533,29678,317,Self-Employed,0.45,6,Rented,0,0.73,0
4,5,25,Female,115650,35287,413,Self-Employed,0.52,0,Rented,0,0.75,0
5,6,38,Female,124803,40268,802,Employed,0.41,3,Own,0,0.81,0
6,7,57,Male,95401,21533,389,Unemployed,0.25,0,Own,0,0.87,0
7,8,55,Female,40160,34763,757,Employed,0.36,9,Own,0,0.09,1
8,9,21,Male,109502,19151,430,Part-Time,0.51,7,Own,1,0.19,0
9,10,36,Male,75224,24586,406,Unemployed,0.41,2,Own,1,0.56,0
10,11,45,Male,62656,29344,479,Unemployed,0.14,2,Rented,1,0.78,0
11,12,54,Male,143445,30217,549,Employed,0.23,8,Rented,0,0.94,0
12,13,67,Male,144763,43844,442,Unemployed,0.21,0,Rented,1,0.76,0
13,14,61,Male,87379,21158,317,Employed,0.29,9,Rented,0,0.17,0
14,15,26,Male,79487,10625,373,Self-Employed,0.28,10,Rented,0,0.58,0
15,16,32,Female,82102,17647,749,Part-Time,0.28,0,Rented,0,0.75,1
16,17,45,Male,92747,18879,416,Part-Time,0.27,1,Rented,0,0.89,0
17,18,27,Female,51875,7223,563,Employed,0.58,3,Own,0,0.89,0
18,19,32,Female,67153,30072,622,Unemployed,0.1,2,Own,1,0.91,0
19,20,36,Female,149243,46906,305,Employed,0.45,6,Rented,1,0.31,0
20,21,20,Female,66649,8120,495,Employed,0.58,1,Rented,0,0.67,0
21,22,67,Female,86440,31286,724,Employed,0.13,4,Rented,1,0.03,0
22,23,69,Female,63516,29133,798,Part-Time,0.04,7,Rented,0,0.42,1
23,24,34,Male,96414,18599,480,Part-Time,0.32,2,Rented,0,0.16,0
24,25,64,Female,117830,38234,336,Employed,0.19,6,Rented,1,0.08,0
25,26,66,Female,92459,17328,722,Unemployed,0.13,0,Rented,1,0.72,0
26,27,64,Female,118406,6688,401,Self-Employed,0.11,7,Own,0,0.6,0
27,28,30,Female,90251,12070,475,Unemployed,0.45,10,Rented,1,0.15,0
28,29,70,Male,126396,12969,752,Self-Employed,0.09,0,Own,1,0.42,0
29,30,29,Female,30195,27721,725,Part-Time,0.56,0,Rented,0,0.74,0
30,31,35,Female,67897,24379,510,Employed,0.31,5,Own,1,0.71,0
31,32,36,Male,53642,29106,540,Unemployed,0.01,7,Own,1,0.49,0
32,33,27,Male,127280,30159,331,Part-Time,0.14,0,Rented,0,0.14,0
33,34,48,Female,90878,21809,500,Self-Employed,0.44,3,Own,1,0.25,0
34,35,21,Male,47494,37732,478,Part-Time,0.28,7,Own,0,0.08,0
35,36,67,Male,92294,15053,422,Part-Time,0.54,7,Rented,0,0.54,0
36,37,51,Female,88977,9673,665,Employed,0.46,2,Own,0,0.54,0
37,38,69,Female,44871,20501,472,Unemployed,0.41,8,Rented,1,0.26,0
38,39,50,Male,97865,12708,454,Part-Time,0.48,8,Rented,1,0.12,0
39,40,66,Female,133032,11475,843,Part-Time,0.27,8,Own,0,0.67,1
40,41,52,Male,139221,26806,672,Part-Time,0.13,4,Own,1,0.93,0
41,42,53,Male,144940,40041,358,Unemployed,0.33,8,Own,0,0.65,0
42,43,19,Male,131375,16235,535,Employed,0.05,0,Rented,0,0.8,0
43,44,49,Female,118299,41116,455,Self-Employed,0.07,2,Own,0,0.68,0
44,45,69,Male,72714,40915,438,Self-Employed,0.58,4,Own,0,0.35,0
45,46,25,Male,122049,38664,548,Self-Employed,0.14,8,Rented,0,0.85,0
46,47,30,Female,85438,26752,385,Employed,0.55,8,Own,0,0.23,0
47,48,32,Male,50183,10720,420,Part-Time,0.12,5,Rented,1,0.33,0
48,49,49,Female,143488,32289,684,Part-Time,0.03,10,Rented,1,0.69,0
49,50,68,Female,69719,18064,837,Employed,0.42,0,Own,0,0.96,0
50,51,18,Female,69604,24068,687,Self-Employed,0.54,3,Own,1,0.75,0
51,52,54,Male,113458,11358,419,Self-Employed,0.24,2,Own,1,0.14,0
52,53,61,Female,110517,44876,458,Employed,0.25,6,Own,1,0.59,0
53,54,25,Male,52905,14380,564,Self-Employed,0.01,2,Rented,1,0.85,0
54,55,51,Female,94218,21501,682,Employed,0.08,7,Own,1,0.16,0
55,56,52,Female,149213,19681,518,Part-Time,0.53,2,Rented,0,0.9,0
56,57,58,Male,146187,15209,456,Self-Employed,0.44,9,Rented,1,0.31,0
57,58,19,Male,92392,18729,609,Self-Employed,0.29,5,Own,0,0.82,1
58,59,61,Female,47855,13996,476,Self-Employed,0.07,6,Rented,1,0.66,0
59,60,32,Female,82953,45491,662,Self-Employed,0.5,1,Rented,0,0.15,0
60,61,30,Male,96181,11131,763,Self-Employed,0.01,10,Rented,0,0.65,1
61,62,52,Male,31544,30247,684,Unemployed,0.24,4,Rented,1,0.46,0
62,63,30,Female,88844,25683,533,Self-Employed,0.09,2,Rented,1,0.28,0
63,64,50,Male,140580,46794,392,Self-Employed,0.32,5,Rented,1,0.28,0
64,65,60,Female,85361,23513,743,Self-Employed,0.16,2,Rented,1,0.74,0
65,66,48,Male,87672,30517,832,Part-Time,0.52,4,Rented,0,0.62,0
66,67,64,Male,67808,41464,730,Self-Employed,0.35,6,Own,0,0.94,1
67,68,49,Male,138275,29207,699,Part-Time,0.24,7,Rented,1,0.67,0
68,69,42,Female,134600,28606,578,Self-Employed,0.47,4,Own,1,0.17,0
69,70,42,Female,144906,46539,693,Employed,0.38,9,Own,0,0.04,1
70,71,30,Female,108371,29738,706,Unemployed,0.35,0,Rented,0,0.67,1
71,72,59,Female,35532,38300,757,Unemployed,0.15,4,Rented,1,0.25,0
72,73,53,Female,85118,33986,594,Part-Time,0.13,5,Own,0,0.85,0
73,74,44,Male,88193,26230,376,Unemployed,0.24,3,Own,1,0.57,0
74,75,23,Male,31993,16737,425,Employed,0.52,4,Rented,1,0.18,0
75,76,65,Male,81685,36945,428,Part-Time,0.52,4,Rented,0,0.95,0
76,77,39,Male,52915,47201,378,Employed,0.01,6,Own,1,0.86,0
77,78,52,Female,50814,20239,536,Part-Time,0.55,1,Own,1,0.46,0
78,79,31,Male,81415,5400,822,Self-Employed,0.06,6,Rented,0,0.94,1
79,80,56,Male,71030,9935,497,Self-Employed,0.46,1,Own,1,0.72,0
80,81,58,Male,54092,20533,667,Part-Time,0.57,2,Rented,0,0.89,0
81,82,59,Male,66219,23682,393,Employed,0.03,6,Own,0,0.9,0
82,83,40,Male,128595,25264,696,Unemployed,0.38,6,Rented,0,0.31,1
83,84,48,Female,95479,19396,591,Employed,0.56,5,Own,1,0.46,0
84,85,18,Male,107243,28737,745,Unemployed,0.35,7,Rented,1,0.22,0
85,86,53,Male,103098,21884,797,Unemployed,0.34,2,Own,1,0.65,0
86,87,57,Female,83665,25399,560,Part-Time,0.32,8,Own,1,0.81,0
87,88,64,Male,115819,45381,613,Employed,0.59,9,Own,0,0.72,0
88,89,41,Male,88370,10319,386,Part-Time,0.41,10,Rented,0,0.66,0
89,90,24,Male,68170,48948,492,Employed,0.2,1,Own,0,0.59,0
90,91,59,Male,55083,45140,344,Unemployed,0.44,6,Rented,0,0.73,0
91,92,45,Male,99117,46679,647,Self-Employed,0.14,0,Own,1,0.58,0
92,93,29,Female,100716,42115,486,Unemployed,0.39,3,Rented,1,0.19,0
93,94,24,Male,117811,44049,380,Self-Employed,0.42,0,Own,1,0.72,0
94,95,48,Female,50030,16541,847,Employed,0.11,0,Own,0,0.95,1
95,96,34,Male,50435,49849,570,Self-Employed,0.09,9,Own,0,0.8,0
96,97,36,Male,72698,21351,340,Part-Time,0.15,6,Rented,1,0.02,0
97,98,24,Female,54625,35354,458,Unemployed,0.11,8,Rented,1,0.82,0
98,99,57,Female,42574,29396,555,Self-Employed,0.59,1,Own,1,0.1,0
99,100,22,Male,148943,29003,305,Self-Employed,0.18,3,Own,0,0.82,0
100,101,27,Female,96140,39784,414,Employed,0.02,6,Own,1,0.41,0
101,102,55,Male,35232,36913,379,Self-Employed,0.15,10,Own,0,0.08,0
102,103,59,Male,96282,7258,725,Employed,0.33,6,Rented,1,0.59,0
103,104,22,Male,104614,29313,761,Employed,0.36,10,Rented,0,0.85,1
104,105,39,Male,69482,9712,685,Self-Employed,0.15,9,Rented,1,0.52,0
105,106,41,Male,69287,39995,409,Part-Time,0.35,10,Own,1,0.81,0
106,107,36,Female,113615,27170,818,Self-Employed,0.01,0,Own,0,0.77,1
107,108,45,Male,139970,38949,453,Employed,0.56,9,Own,0,0.21,0
108,109,31,Male,130514,42517,698,Self-Employed,0.06,8,Rented,1,0.05,0
109,110,49,Male,146318,32592,585,Unemployed,0.24,4,Rented,0,0.78,0
110,111,49,Male,51100,39989,653,Self-Employed,0.29,2,Own,0,0.2,1
111,112,29,Female,85249,24028,790,Part-Time,0.44,8,Own,0,0.82,0
112,113,26,Female,54362,24161,781,Self-Employed,0.15,9,Rented,1,0.7,0
113,114,33,Male,37455,46396,757,Self-Employed,0.54,9,Rented,0,0.28,0
114,115,30,Male,129461,29726,597,Part-Time,0.14,10,Own,0,0.63,0
115,116,50,Female,82832,34063,373,Employed,0.5,1,Rented,0,0.36,0
116,117,68,Male,113295,5161,521,Employed,0.34,10,Rented,0,0.58,0
117,118,42,Male,82670,30820,547,Employed,0.44,1,Rented,0,0.16,0
118,119,21,Female,58063,27608,850,Part-Time,0.33,4,Own,0,0.24,1
119,120,50,Female,148802,38831,572,Unemployed,0.23,4,Own,0,0.47,0
120,121,69,Female,51380,25520,445,Self-Employed,0.48,0,Own,0,0.72,0
121,122,53,Male,44938,42662,773,Self-Employed,0.58,2,Own,1,0.77,0
122,123,39,Male,110747,41797,817,Unemployed,0.22,4,Own,0,0.01,1
123,124,26,Male,48422,39402,743,Unemployed,0.3,0,Rented,0,0.32,1
124,125,69,Female,32536,47402,626,Self-Employed,0.17,8,Own,0,0.39,1
125,126,70,Male,149186,49123,801,Part-Time,0.26,4,Own,0,0.59,1
126,127,22,Female,134652,18111,782,Self-Employed,0.2,1,Own,0,0.83,1
127,128,48,Male,66077,5089,496,Self-Employed,0.59,9,Own,1,0.6,0
128,129,33,Male,90472,16869,583,Employed,0.46,8,Rented,0,0.31,0
129,130,48,Male,100487,17646,815,Part-Time,0.43,7,Own,1,0.95,0
130,131,53,Male,121962,43612,427,Self-Employed,0.01,0,Own,0,0.9,0
131,132,22,Male,84944,48551,437,Self-Employed,0.44,5,Rented,0,0.99,0
132,133,21,Female,81748,19620,749,Self-Employed,0.52,5,Own,0,0.34,0
133,134,43,Male,79911,43799,450,Unemployed,0.15,0,Own,0,0.27,0
134,135,61,Male,92045,37046,442,Self-Employed,0.49,8,Rented,1,0.94,0
135,136,47,Male,78839,6295,516,Employed,0.53,7,Rented,0,0.84,0
136,137,36,Male,70019,20860,579,Self-Employed,0.15,10,Rented,1,0.13,0
137,138,47,Female,134732,18000,329,Employed,0.43,5,Rented,0,0.64,0
138,139,20,Female,107049,21033,374,Employed,0.5,6,Own,1,0.87,0
139,140,46,Male,99333,14280,698,Unemployed,0.47,5,Rented,1,0.61,0
140,141,45,Male,141492,40506,333,Employed,0.04,0,Own,1,0.03,0
141,142,45,Male,61035,34209,643,Self-Employed,0.39,8,Rented,0,0.64,1
142,143,32,Female,59274,25344,775,Employed,0.17,5,Rented,0,1.0,1
143,144,53,Male,75755,5205,667,Self-Employed,0.07,4,Rented,1,0.69,0
144,145,60,Male,45812,47343,832,Unemployed,0.31,10,Own,1,0.09,0
145,146,43,Female,97587,30727,631,Self-Employed,0.3,10,Own,0,0.04,1
146,147,68,Female,134377,28338,579,Unemployed,0.36,5,Own,0,0.64,0
147,148,66,Male,87322,28062,751,Employed,0.31,10,Own,1,0.33,0
148,149,23,Female,116693,17252,671,Part-Time,0.36,1,Own,0,0.69,1
149,150,56,Female,126278,16496,849,Unemployed,0.15,5,Own,0,0.43,1
150,151,37,Male,145641,8044,337,Self-Employed,0.55,1,Rented,0,0.39,0
151,152,40,Male,86239,49958,492,Self-Employed,0.07,4,Rented,0,0.99,0
152,153,36,Female,56168,46298,379,Self-Employed,0.02,3,Rented,0,0.31,0
153,154,58,Male,42922,28117,488,Unemployed,0.01,0,Rented,0,0.44,0
154,155,26,Female,135598,40177,566,Unemployed,0.46,0,Rented,1,0.9,0
155,156,18,Male,130840,45109,542,Unemployed,0.33,3,Rented,0,0.06,0
156,157,51,Male,126511,18509,596,Unemployed,0.43,5,Rented,0,0.37,0
157,158,63,Male,129724,27459,549,Employed,0.29,8,Own,1,0.12,0
158,159,68,Female,124537,18031,487,Part-Time,0.04,4,Own,0,0.25,0
159,160,20,Female,98174,8918,577,Unemployed,0.44,5,Rented,0,0.01,0
160,161,53,Male,141254,36474,799,Part-Time,0.28,9,Rented,1,0.3,0
161,162,29,Female,91877,41525,580,Self-Employed,0.13,4,Rented,1,0.12,0
162,163,54,Female,113677,33767,585,Part-Time,0.04,5,Own,0,0.35,0
163,164,60,Female,83881,43727,717,Self-Employed,0.59,6,Own,0,0.81,0
164,165,54,Female,61855,14490,809,Part-Time,0.3,3,Own,0,0.27,1
165,166,31,Female,70588,41243,573,Employed,0.16,1,Rented,1,0.26,0
166,167,29,Male,67913,14260,707,Unemployed,0.34,9,Own,1,0.64,0
167,168,57,Female,40183,33483,451,Employed,0.24,7,Rented,1,0.42,0
168,169,43,Female,107990,34555,792,Employed,0.38,2,Own,0,0.57,1
169,170,39,Female,65732,35473,358,Self-Employed,0.34,3,Rented,0,0.51,0
170,171,26,Male,149461,30972,828,Unemployed,0.12,8,Own,1,0.51,0
171,172,38,Male,44775,18951,567,Part-Time,0.22,7,Own,1,0.24,0
172,173,67,Male,83769,28678,333,Unemployed,0.39,5,Rented,1,0.17,0
173,174,39,Male,48064,45532,334,Unemployed,0.49,3,Rented,1,0.01,0
174,175,20,Male,44825,10712,710,Part-Time,0.46,9,Rented,1,0.69,0
175,176,55,Male,122795,38793,315,Unemployed,0.08,9,Rented,0,0.75,0
176,177,66,Male,123511,9377,612,Part-Time,0.26,1,Rented,0,0.71,1
177,178,36,Female,79848,40444,552,Employed,0.05,5,Own,0,0.25,0
178,179,64,Female,76036,10416,533,Part-Time,0.49,9,Rented,1,0.26,0
179,180,62,Female,65712,12119,758,Unemployed,0.27,4,Own,0,0.48,1
180,181,62,Male,124386,46463,506,Part-Time,0.35,4,Rented,0,0.09,0
181,182,70,Male,56242,44539,827,Unemployed,0.53,2,Own,1,0.8,0
182,183,68,Female,53215,23593,354,Employed,0.05,0,Own,1,0.08,0
183,184,69,Female,37673,17066,594,Employed,0.48,0,Rented,1,0.53,0
184,185,41,Male,117305,5359,522,Part-Time,0.54,4,Rented,0,0.25,0
185,186,44,Male,130326,21670,661,Employed,0.39,3,Own,1,0.26,0
186,187,54,Female,125124,28540,609,Self-Employed,0.17,9,Rented,1,0.35,0
187,188,60,Female,120419,10180,639,Unemployed,0.53,4,Own,1,0.51,0
188,189,22,Female,42890,41910,350,Part-Time,0.42,2,Rented,1,0.44,0
189,190,19,Female,140894,44556,430,Self-Employed,0.33,0,Rented,1,0.51,0
190,191,46,Female,64519,17532,495,Self-Employed,0.32,0,Rented,0,0.97,0
191,192,23,Female,96641,35347,374,Unemployed,0.05,7,Own,0,0.18,0
192,193,32,Male,42219,24694,767,Part-Time,0.03,1,Own,1,0.79,0
193,194,33,Female,139542,44273,345,Part-Time,0.25,7,Rented,1,0.94,0
194,195,36,Female,141643,9015,558,Part-Time,0.51,5,Own,0,0.75,0
195,196,64,Female,98621,49352,569,Self-Employed,0.48,0,Rented,1,0.87,0
196,197,67,Male,101630,14691,486,Part-Time,0.21,4,Rented,0,0.72,0
197,198,32,Female,89563,41641,652,Self-Employed,0.49,3,Rented,1,0.68,0
198,199,27,Male,109152,46617,555,Unemployed,0.39,10,Rented,1,0.41,0
199,200,33,Male,60510,12072,553,Part-Time,0.55,3,Own,1,0.03,0
200,201,23,Male,43316,20223,470,Self-Employed,0.56,6,Rented,1,0.39,0
201,202,31,Female,76540,5082,805,Part-Time,0.02,9,Rented,0,0.21,1
202,203,34,Male,124469,23480,493,Part-Time,0.11,4,Rented,0,0.48,0
203,204,35,Male,84198,43729,533,Part-Time,0.45,1,Own,0,0.76,0
204,205,51,Female,37290,37953,344,Part-Time,0.2,4,Own,1,0.14,0
205,206,55,Female,96746,20157,663,Self-Employed,0.34,4,Rented,1,0.23,0
206,207,63,Male,143584,16008,573,Unemployed,0.44,10,Rented,0,0.11,0
207,208,70,Male,132026,26988,640,Unemployed,0.28,8,Rented,1,0.02,0
208,209,28,Female,48204,7695,573,Unemployed,0.26,3,Rented,0,0.21,0
209,210,55,Female,40380,41194,644,Unemployed,0.37,3,Own,0,0.26,1
210,211,47,Male,122305,13624,686,Employed,0.39,5,Own,1,0.23,0
211,212,58,Female,112444,14149,745,Employed,0.17,7,Own,1,0.95,0
212,213,41,Male,103493,37330,446,Employed,0.16,2,Rented,0,0.82,0
213,214,23,Male,113964,19637,776,Self-Employed,0.06,10,Rented,1,0.63,0
214,215,63,Male,79454,14808,791,Employed,0.52,3,Rented,1,0.36,0
215,216,58,Male,122798,32257,698,Employed,0.27,3,Own,0,0.7,1
216,217,44,Female,50170,7671,403,Part-Time,0.55,9,Own,1,0.46,0
217,218,51,Male,43906,24530,843,Part-Time,0.32,2,Rented,0,0.7,1
218,219,58,Male,93730,15910,347,Self-Employed,0.15,5,Own,1,0.46,0
219,220,57,Male,129059,46479,507,Part-Time,0.06,3,Rented,1,0.34,0
220,221,33,Female,93109,5049,307,Self-Employed,0.02,2,Own,0,0.32,0
221,222,38,Male,77347,36868,602,Self-Employed,0.15,5,Rented,0,0.79,1
222,223,30,Male,125760,39471,628,Unemployed,0.41,8,Rented,1,0.15,0
223,224,54,Male,130850,32256,403,Part-Time,0.51,6,Rented,0,0.49,0
224,225,26,Female,147174,46501,324,Self-Employed,0.46,7,Rented,0,0.85,0
225,226,41,Female,127858,37147,390,Employed,0.49,8,Rented,1,0.94,0
226,227,20,Male,53874,26469,396,Self-Employed,0.29,0,Own,1,0.54,0
227,228,19,Female,75059,7812,738,Part-Time,0.49,9,Own,1,0.99,0
228,229,33,Male,90246,18934,795,Employed,0.28,7,Own,1,0.57,0
229,230,53,Female,138015,42597,816,Employed,0.12,0,Rented,0,0.21,1
230,231,55,Female,86066,39509,801,Self-Employed,0.18,10,Rented,0,0.03,1
231,232,56,Male,121803,48980,310,Self-Employed,0.25,2,Rented,1,0.22,0
232,233,57,Male,81302,25116,431,Employed,0.39,8,Own,0,0.23,0
233,234,36,Male,100573,32797,711,Employed,0.55,6,Own,1,0.08,0
234,235,32,Female,68279,41910,463,Self-Employed,0.45,9,Own,0,0.03,0
235,236,67,Male,98919,5948,606,Self-Employed,0.32,0,Rented,1,0.21,0
236,237,41,Male,72118,41526,430,Self-Employed,0.48,9,Own,0,0.4,0
237,238,62,Female,136642,44802,830,Self-Employed,0.58,0,Own,0,0.77,0
238,239,63,Female,103036,46937,464,Unemployed,0.42,3,Rented,0,0.08,0
239,240,23,Female,52430,37265,712,Self-Employed,0.51,5,Own,0,0.33,0
240,241,33,Male,65526,22630,709,Unemployed,0.42,4,Own,0,0.74,0
241,242,41,Female,58171,30642,518,Unemployed,0.03,6,Rented,0,0.54,0
242,243,43,Female,147014,39601,725,Self-Employed,0.18,1,Rented,1,0.36,0
243,244,22,Female,104615,23324,500,Self-Employed,0.33,9,Rented,0,0.25,0
244,245,42,Male,40258,15390,645,Self-Employed,0.12,6,Own,1,0.35,0
245,246,57,Male,118775,10842,335,Unemployed,0.53,7,Own,1,0.37,0
246,247,26,Male,142238,39316,844,Self-Employed,0.03,5,Own,1,0.14,0
247,248,58,Female,47737,24697,809,Part-Time,0.04,5,Rented,1,0.89,0
248,249,37,Female,104862,22996,539,Employed,0.18,6,Own,1,0.2,0
249,250,20,Female,72242,29433,743,Part-Time,0.24,0,Own,1,0.87,0
250,251,60,Female,115345,46708,784,Part-Time,0.29,4,Rented,0,0.42,1
251,252,70,Male,132470,17274,798,Self-Employed,0.13,5,Own,1,0.14,0
252,253,30,Female,142014,33301,428,Self-Employed,0.46,4,Rented,1,0.64,0
253,254,41,Male,148692,29461,456,Self-Employed,0.51,9,Own,0,0.11,0
254,255,56,Male,89590,26688,604,Employed,0.44,4,Own,1,0.51,0
255,256,40,Female,52113,48007,801,Employed,0.3,9,Own,1,0.51,0
256,257,65,Male,115392,39577,663,Unemployed,0.34,4,Own,0,0.68,1
257,258,47,Female,118745,13214,704,Employed,0.17,4,Own,1,0.02,0
258,259,53,Female,62792,14155,312,Part-Time,0.35,2,Own,1,0.4,0
259,260,49,Male,66177,30990,570,Self-Employed,0.2,4,Rented,1,0.32,0
260,261,24,Female,100505,23446,839,Self-Employed,0.53,0,Own,0,0.95,0
261,262,67,Female,103433,28257,427,Unemployed,0.47,5,Own,0,0.4,0
262,263,66,Female,78011,42091,561,Employed,0.19,2,Own,0,0.69,0
263,264,21,Male,84910,10830,640,Employed,0.41,2,Own,0,0.07,0
264,265,30,Female,89885,7275,702,Employed,0.37,8,Rented,0,0.04,1
265,266,44,Female,113231,38572,312,Unemployed,0.35,8,Own,1,0.62,0
266,267,36,Male,70534,48655,347,Part-Time,0.43,9,Own,1,0.06,0
267,268,29,Female,138438,36259,502,Employed,0.38,6,Rented,1,0.63,0
268,269,18,Female,33451,18014,395,Employed,0.05,7,Own,1,0.24,0
269,270,33,Male,109924,5084,560,Unemployed,0.04,10,Rented,0,0.34,0
270,271,46,Male,138194,33185,343,Unemployed,0.27,10,Own,0,0.4,0
271,272,37,Male,101043,19204,840,Employed,0.39,7,Rented,1,0.01,0
272,273,40,Male,37053,37799,448,Unemployed,0.15,6,Own,0,0.97,0
273,274,18,Female,65519,44210,534,Self-Employed,0.47,10,Rented,0,0.49,0
274,275,63,Male,146091,12535,759,Employed,0.14,1,Rented,1,0.2,0
275,276,35,Male,133289,13748,608,Unemployed,0.01,3,Own,0,0.63,1
276,277,50,Female,122158,12064,435,Unemployed,0.16,4,Own,0,0.87,0
277,278,34,Male,149604,45216,431,Self-Employed,0.48,5,Rented,0,0.62,0
278,279,59,Male,39099,48638,477,Self-Employed,0.32,3,Rented,1,0.82,0
279,280,43,Female,88695,37829,746,Unemployed,0.41,10,Own,1,0.84,0
280,281,28,Male,121133,38401,612,Part-Time,0.04,10,Rented,0,0.55,1
281,282,40,Male,53817,36068,753,Self-Employed,0.32,0,Own,1,0.27,0
282,283,37,Female,36929,11196,480,Part-Time,0.15,2,Rented,0,0.64,0
283,284,47,Male,128739,23094,441,Part-Time,0.19,4,Own,0,0.27,0
284,285,61,Female,123204,49263,545,Employed,0.42,5,Own,0,0.88,0
285,286,43,Male,119456,13354,361,Part-Time,0.1,5,Rented,0,0.88,0
286,287,57,Female,98338,6197,564,Unemployed,0.17,4,Own,1,0.68,0
287,288,19,Male,75288,21681,434,Employed,0.31,4,Rented,0,0.43,0
288,289,36,Male,59869,9650,308,Unemployed,0.41,8,Rented,0,0.52,0
289,290,33,Female,79160,42807,820,Employed,0.13,5,Rented,0,0.4,1
290,291,46,Male,62338,15845,556,Employed,0.22,7,Rented,0,0.87,0
291,292,68,Male,133887,18695,547,Self-Employed,0.45,0,Rented,0,0.88,0
292,293,54,Male,69027,38781,358,Unemployed,0.38,0,Own,0,0.11,0
293,294,57,Male,82736,32136,611,Unemployed,0.26,3,Own,1,0.97,0
294,295,30,Female,69307,7656,603,Unemployed,0.1,7,Rented,0,0.81,1
295,296,54,Male,61642,14614,598,Unemployed,0.32,4,Own,1,0.86,0
296,297,26,Female,67348,23438,848,Self-Employed,0.26,10,Rented,0,0.37,1
297,298,19,Male,138532,18344,392,Self-Employed,0.2,2,Rented,1,0.85,0
298,299,62,Female,100108,16876,355,Part-Time,0.39,2,Own,1,0.74,0
299,300,24,Female,114201,15409,842,Employed,0.36,7,Own,1,0.81,0
300,301,48,Male,119570,15029,438,Part-Time,0.29,3,Own,0,0.36,0
301,302,46,Male,126451,41339,543,Self-Employed,0.56,9,Own,1,0.82,0
302,303,46,Male,140528,38275,532,Self-Employed,0.23,3,Own,0,0.16,0
303,304,67,Male,52153,45018,817,Employed,0.02,6,Own,1,0.91,0
304,305,51,Female,92248,24904,320,Part-Time,0.57,10,Own,0,0.97,0
305,306,54,Female,136573,49641,591,Employed,0.36,0,Own,1,0.25,0
306,307,23,Female,33422,25229,472,Employed,0.35,9,Rented,0,0.54,0
307,308,49,Male,123112,10413,348,Self-Employed,0.57,6,Rented,0,0.17,0
308,309,67,Female,139000,34057,668,Part-Time,0.46,3,Own,0,0.52,0
309,310,48,Female,56684,16881,582,Employed,0.24,2,Rented,1,0.76,0
310,311,37,Female,111996,38235,468,Employed,0.14,9,Rented,0,0.2,0
311,312,48,Female,53756,20276,453,Part-Time,0.17,8,Own,1,0.27,0
312,313,45,Female,129193,30848,752,Employed,0.37,4,Own,1,0.04,0
313,314,24,Male,128703,20144,700,Part-Time,0.17,8,Rented,1,0.04,0
314,315,54,Male,123491,28779,708,Part-Time,0.24,7,Rented,1,0.86,0
315,316,37,Female,144768,38617,309,Unemployed,0.08,9,Own,0,0.16,0
316,317,41,Male,33846,36521,341,Employed,0.29,6,Own,1,0.09,0
317,318,65,Male,120721,13887,347,Unemployed,0.47,7,Own,1,0.8,0
318,319,67,Female,42052,23271,805,Unemployed,0.16,4,Rented,0,1.0,1
319,320,26,Female,114518,5093,624,Part-Time,0.36,5,Rented,0,0.68,1
320,321,26,Male,30521,47467,658,Part-Time,0.08,10,Own,1,0.46,0
321,322,50,Male,43807,46215,403,Unemployed,0.36,4,Own,0,0.59,0
322,323,19,Female,104157,27671,505,Unemployed,0.11,7,Own,1,0.69,0
323,324,64,Male,62518,32239,591,Self-Employed,0.54,8,Rented,1,0.92,0
324,325,45,Female,108862,29764,369,Unemployed,0.52,6,Rented,0,0.18,0
325,326,63,Female,113180,17114,619,Part-Time,0.12,5,Own,1,0.39,0
326,327,47,Male,148247,8018,316,Part-Time,0.49,6,Rented,1,0.18,0
327,328,37,Male,80392,39913,339,Employed,0.43,4,Rented,0,0.2,0
328,329,56,Male,95769,28221,827,Part-Time,0.37,3,Own,0,0.41,1
329,330,47,Male,71223,36949,537,Self-Employed,0.22,6,Own,0,0.3,0
330,331,46,Female,68231,8892,470,Unemployed,0.55,9,Rented,1,0.65,0
331,332,50,Female,44194,26702,732,Part-Time,0.59,9,Own,0,0.41,0
332,333,37,Female,113906,37814,793,Employed,0.12,9,Rented,0,0.09,1
333,334,69,Female,37044,46590,788,Part-Time,0.1,5,Rented,0,0.15,1
334,335,25,Male,55313,37185,687,Unemployed,0.48,4,Rented,1,0.57,0
335,336,27,Female,106538,34026,612,Unemployed,0.57,8,Own,1,0.97,0
336,337,68,Female,109050,6976,391,Unemployed,0.12,1,Own,1,0.08,0
337,338,58,Female,149661,38376,448,Unemployed,0.02,4,Rented,1,0.36,0
338,339,27,Male,131758,48369,628,Employed,0.38,7,Rented,0,0.22,1
339,340,50,Male,49729,16776,660,Part-Time,0.15,1,Rented,1,0.17,0
340,341,49,Female,53471,14463,462,Part-Time,0.33,8,Own,1,0.69,0
341,342,63,Male,69497,41593,378,Employed,0.16,5,Rented,0,0.36,0
342,343,39,Male,112364,17523,572,Part-Time,0.14,6,Own,0,0.21,0
343,344,33,Female,30943,15254,797,Employed,0.18,0,Rented,0,0.4,1
344,345,50,Female,131661,25298,790,Employed,0.52,8,Own,1,0.49,0
345,346,58,Male,58469,6793,614,Part-Time,0.59,3,Rented,1,0.16,0
346,347,70,Male,37060,38959,311,Self-Employed,0.26,2,Own,0,0.65,0
347,348,39,Female,105887,7025,444,Employed,0.12,3,Own,1,0.04,0
348,349,53,Female,36629,48173,847,Unemployed,0.22,8,Own,1,0.84,0
349,350,21,Male,95583,17793,671,Unemployed,0.54,8,Rented,1,0.75,0
350,351,33,Female,38454,40889,426,Self-Employed,0.6,10,Own,1,0.55,0
351,352,39,Male,68156,20689,362,Self-Employed,0.35,5,Rented,1,0.64,0
352,353,44,Male,48961,36836,815,Part-Time,0.08,4,Rented,0,0.26,1
353,354,19,Male,73786,36161,717,Self-Employed,0.08,6,Own,0,0.52,1
354,355,39,Female,110073,15384,336,Part-Time,0.25,8,Rented,1,0.11,0
355,356,42,Male,103576,33328,816,Part-Time,0.32,5,Own,1,0.16,0
356,357,52,Male,134489,14936,809,Employed,0.4,0,Rented,0,0.75,1
357,358,63,Female,143361,41273,452,Unemployed,0.18,8,Own,0,0.41,0
358,359,57,Female,31972,11345,729,Unemployed,0.59,0,Own,0,0.78,0
359,360,50,Male,54308,31948,786,Unemployed,0.58,7,Own,0,0.44,0
360,361,65,Male,85451,31624,502,Part-Time,0.05,8,Own,0,0.31,0
361,362,27,Male,96260,47903,391,Self-Employed,0.25,4,Own,1,0.75,0
362,363,49,Male,76079,10270,640,Employed,0.3,3,Own,1,0.6,0
363,364,62,Male,85775,28573,654,Employed,0.53,5,Rented,0,0.33,0
364,365,24,Male,102181,47879,838,Employed,0.1,7,Rented,1,0.98,0
365,366,24,Male,49871,31832,336,Self-Employed,0.29,9,Own,1,0.37,0
366,367,18,Female,43086,42415,511,Unemployed,0.45,8,Rented,0,0.63,0
367,368,27,Male,127064,21610,435,Employed,0.45,0,Rented,0,0.33,0
368,369,56,Female,128932,43638,381,Part-Time,0.26,0,Own,1,0.88,0
369,370,44,Male,65553,21140,448,Part-Time,0.05,0,Own,0,0.39,0
370,371,54,Female,56864,28088,408,Self-Employed,0.32,6,Own,1,0.01,0
371,372,62,Female,119203,44055,521,Employed,0.23,0,Rented,1,0.84,0
372,373,49,Female,88985,46138,360,Part-Time,0.48,1,Own,1,0.23,0
373,374,23,Female,39632,32538,645,Employed,0.53,5,Own,0,0.46,0
374,375,66,Male,91226,47185,474,Part-Time,0.47,2,Own,1,0.58,0
375,376,63,Female,128073,45199,317,Self-Employed,0.43,3,Own,1,0.55,0
376,377,45,Male,56597,27268,678,Employed,0.29,7,Own,0,0.63,1
377,378,31,Female,145018,5184,395,Part-Time,0.08,7,Rented,1,0.15,0
378,379,40,Female,139081,42999,699,Unemployed,0.28,10,Rented,0,0.41,1
379,380,21,Female,74178,7303,475,Employed,0.16,4,Rented,1,0.34,0
380,381,35,Male,57254,46831,470,Unemployed,0.11,5,Rented,1,0.28,0
381,382,49,Male,34120,42899,690,Employed,0.14,7,Own,1,0.47,0
382,383,49,Female,33915,21015,663,Self-Employed,0.32,9,Own,1,0.42,0
383,384,35,Male,136587,6632,618,Self-Employed,0.23,0,Rented,0,0.06,1
384,385,25,Male,80314,45368,708,Unemployed,0.23,0,Rented,0,0.65,1
385,386,64,Male,60489,5649,670,Self-Employed,0.54,10,Rented,1,0.14,0
386,387,56,Female,109556,10888,803,Unemployed,0.54,7,Own,0,0.67,0
387,388,55,Male,111748,42572,627,Part-Time,0.14,5,Own,0,0.49,1
388,389,24,Male,110994,39735,314,Employed,0.51,0,Rented,0,0.51,0
389,390,39,Male,101672,20257,801,Employed,0.0,10,Rented,1,0.41,0
390,391,70,Female,67089,34678,552,Self-Employed,0.25,9,Rented,0,0.8,0
391,392,24,Female,39686,9855,430,Employed,0.08,6,Own,0,0.67,0
392,393,56,Female,141237,10864,519,Unemployed,0.29,10,Own,1,0.82,0
393,394,57,Male,30651,22884,809,Unemployed,0.2,5,Own,1,0.89,0
394,395,59,Female,35043,27214,343,Self-Employed,0.49,1,Rented,0,0.58,0
395,396,47,Female,45838,31222,524,Part-Time,0.23,10,Rented,1,0.28,0
396,397,36,Female,89295,24074,842,Part-Time,0.12,7,Rented,0,0.69,1
397,398,69,Male,103270,35120,499,Employed,0.27,10,Own,1,0.26,0
398,399,20,Female,136774,9932,791,Self-Employed,0.54,10,Rented,0,0.58,0
399,400,25,Male,62475,14766,719,Self-Employed,0.22,1,Rented,1,0.25,0
400,401,45,Male,45118,32822,345,Self-Employed,0.33,1,Rented,0,0.08,0
401,402,36,Male,41085,29488,586,Self-Employed,0.26,8,Own,1,0.58,0
402,403,70,Female,129997,40483,646,Self-Employed,0.57,0,Own,0,0.57,0
403,404,58,Male,124704,31083,505,Self-Employed,0.29,6,Rented,1,0.22,0
404,405,53,Male,103541,29352,508,Self-Employed,0.35,0,Own,1,0.81,0
405,406,40,Female,104506,48720,845,Part-Time,0.01,4,Own,1,0.06,0
406,407,38,Male,110499,28205,837,Part-Time,0.45,2,Own,0,0.41,0
407,408,37,Male,134999,20159,464,Self-Employed,0.4,6,Rented,0,0.4,0
408,409,48,Male,93685,20293,437,Employed,0.04,2,Rented,0,0.16,0
409,410,19,Male,31456,26466,345,Self-Employed,0.31,2,Rented,0,0.72,0
410,411,41,Male,72360,44084,797,Unemployed,0.41,1,Own,1,0.96,0
411,412,70,Male,71738,32169,449,Unemployed,0.57,6,Rented,1,0.02,0
412,413,53,Female,54450,10985,559,Part-Time,0.39,5,Rented,0,0.45,0
413,414,57,Female,123179,18306,331,Part-Time,0.23,10,Rented,1,0.3,0
414,415,38,Male,51688,29497,648,Employed,0.36,2,Own,1,0.22,0
415,416,45,Female,142679,10391,672,Unemployed,0.06,7,Rented,1,0.84,0
416,417,30,Female,69512,41943,315,Self-Employed,0.4,7,Own,0,0.56,0
417,418,68,Male,111885,16413,550,Employed,0.3,6,Rented,0,0.58,0
418,419,36,Male,95928,25906,664,Part-Time,0.44,2,Own,1,0.41,0
419,420,46,Female,50968,27359,742,Part-Time,0.14,6,Rented,1,0.7,0
420,421,49,Female,61311,30205,593,Part-Time,0.46,8,Rented,0,0.71,0
421,422,26,Female,75706,40215,838,Employed,0.45,1,Own,0,0.11,0
422,423,58,Female,108358,25107,330,Employed,0.1,6,Rented,0,0.3,0
423,424,69,Female,77720,43614,357,Employed,0.42,8,Own,1,0.06,0
424,425,47,Male,53487,48897,557,Unemployed,0.29,8,Own,1,0.82,0
425,426,44,Male,148820,34447,554,Unemployed,0.52,8,Own,1,0.08,0
426,427,30,Female,102526,46928,476,Employed,0.28,10,Rented,1,0.03,0
427,428,23,Female,50446,30161,744,Unemployed,0.07,4,Own,0,0.78,1
428,429,26,Male,52116,37516,472,Self-Employed,0.23,2,Rented,0,0.89,0
429,430,21,Male,93112,22294,721,Part-Time,0.03,2,Rented,0,0.81,1
430,431,47,Female,34332,33347,414,Unemployed,0.35,9,Rented,0,0.44,0
431,432,69,Female,71217,25673,775,Part-Time,0.19,2,Rented,0,0.48,1
432,433,67,Female,78320,31795,770,Part-Time,0.12,10,Rented,0,0.79,1
433,434,55,Female,55429,38101,600,Part-Time,0.34,4,Rented,1,0.01,0
434,435,34,Male,111162,19970,742,Part-Time,0.41,1,Own,0,0.76,0
435,436,55,Male,96513,23860,458,Self-Employed,0.52,6,Rented,0,0.34,0
436,437,63,Female,135912,42632,351,Part-Time,0.27,3,Rented,1,0.16,0
437,438,48,Female,116158,28538,500,Employed,0.0,9,Own,1,0.19,0
438,439,54,Female,37897,10187,831,Employed,0.54,2,Own,1,0.92,0
439,440,21,Male,89310,48468,690,Employed,0.47,8,Own,1,0.42,0
440,441,64,Male,38532,32005,305,Self-Employed,0.3,9,Own,1,0.65,0
441,442,22,Female,69887,15951,650,Unemployed,0.17,3,Own,1,0.42,0
442,443,33,Male,84491,10785,318,Unemployed,0.52,5,Rented,1,0.77,0
443,444,68,Male,106152,33744,565,Employed,0.22,3,Own,1,0.03,0
444,445,41,Male,87109,37669,573,Unemployed,0.23,4,Own,0,0.07,0
445,446,44,Male,52085,12563,562,Employed,0.33,0,Own,0,0.14,0
446,447,58,Female,109617,32698,338,Unemployed,0.24,9,Own,0,0.35,0
447,448,45,Male,35824,49251,430,Self-Employed,0.52,8,Rented,0,0.01,0
448,449,29,Female,131277,19500,795,Unemployed,0.24,7,Rented,1,0.97,0
449,450,25,Male,84221,46196,566,Part-Time,0.44,4,Rented,1,0.56,0
450,451,40,Female,121748,38610,611,Unemployed,0.46,6,Rented,1,0.55,0
451,452,65,Female,135325,33189,612,Unemployed,0.08,4,Rented,0,0.26,1
452,453,49,Male,135603,28529,482,Part-Time,0.07,6,Rented,1,0.15,0
453,454,47,Male,142418,36515,845,Unemployed,0.44,6,Rented,1,0.37,0
454,455,27,Male,91268,30787,341,Employed,0.21,1,Own,0,0.35,0
455,456,41,Female,95603,39293,489,Self-Employed,0.27,7,Own,0,0.13,0
456,457,34,Male,37372,20888,445,Part-Time,0.04,0,Rented,0,0.74,0
457,458,56,Male,61970,34111,446,Part-Time,0.24,8,Rented,1,0.24,0
458,459,42,Male,42936,32792,733,Unemployed,0.52,3,Rented,1,0.09,0
459,460,66,Male,76076,12291,684,Employed,0.4,4,Own,0,0.49,1
460,461,53,Female,32624,9580,453,Part-Time,0.54,7,Rented,0,0.61,0
461,462,37,Male,84699,17781,828,Unemployed,0.38,5,Rented,1,0.04,0
462,463,32,Female,52517,8638,441,Unemployed,0.39,5,Rented,0,0.82,0
463,464,33,Male,44124,35949,573,Unemployed,0.06,3,Own,1,0.63,0
464,465,34,Male,109364,10357,400,Part-Time,0.47,4,Rented,0,0.53,0
465,466,26,Female,86570,42518,845,Part-Time,0.34,4,Rented,1,0.09,0
466,467,18,Female,57872,44652,689,Part-Time,0.56,6,Own,1,0.72,0
467,468,62,Male,124792,10413,310,Part-Time,0.51,8,Own,0,0.36,0
468,469,50,Male,126435,38971,659,Employed,0.03,8,Own,0,0.5,1
469,470,55,Female,71090,11650,790,Unemployed,0.19,2,Own,1,0.75,0
470,471,53,Male,133292,12635,530,Employed,0.52,7,Rented,1,0.82,0
471,472,57,Female,100222,33329,744,Part-Time,0.35,4,Rented,1,0.39,0
472,473,58,Female,31931,49101,654,Unemployed,0.19,10,Rented,0,0.71,1
473,474,37,Male,107104,20635,386,Self-Employed,0.09,1,Rented,1,0.81,0
474,475,70,Male,81913,46984,391,Employed,0.1,5,Own,1,0.85,0
475,476,56,Female,134539,34147,339,Unemployed,0.17,5,Rented,0,0.05,0
476,477,22,Female,105536,38665,737,Part-Time,0.49,0,Own,1,0.2,0
477,478,39,Male,146608,16072,797,Self-Employed,0.31,7,Rented,0,0.79,1
478,479,44,Male,125017,14470,522,Part-Time,0.32,5,Own,0,0.69,0
479,480,49,Male,90561,21191,467,Employed,0.3,4,Rented,0,0.19,0
480,481,38,Female,145250,22234,321,Part-Time,0.52,0,Rented,1,0.07,0
481,482,37,Female,62802,45314,758,Employed,0.21,0,Rented,0,0.45,1
482,483,65,Male,85753,29522,666,Self-Employed,0.4,5,Own,0,0.18,1
483,484,64,Male,147914,8925,553,Self-Employed,0.05,4,Own,0,0.96,0
484,485,49,Female,103855,7206,349,Self-Employed,0.32,5,Own,0,0.21,0
485,486,37,Male,130334,25725,536,Self-Employed,0.3,7,Rented,0,0.2,0
486,487,52,Female,66556,11902,626,Part-Time,0.06,4,Own,1,0.74,0
487,488,51,Female,143503,43336,401,Self-Employed,0.07,10,Rented,1,0.22,0
488,489,22,Male,141197,23116,364,Self-Employed,0.2,3,Rented,0,0.58,0
489,490,21,Female,67394,42882,429,Unemployed,0.37,8,Rented,0,0.59,0
490,491,64,Female,141726,48019,493,Part-Time,0.39,7,Rented,1,0.01,0
491,492,51,Male,66006,27874,557,Self-Employed,0.28,4,Own,1,0.43,0
492,493,58,Male,97672,35321,585,Unemployed,0.17,5,Own,1,0.95,0
493,494,20,Male,116649,42301,354,Part-Time,0.34,3,Own,1,0.25,0
494,495,58,Female,73443,16190,538,Part-Time,0.33,8,Own,1,0.86,0
495,496,20,Female,117282,38076,496,Employed,0.54,2,Rented,0,0.68,0
496,497,42,Male,80356,21764,479,Part-Time,0.03,3,Own,0,0.6,0
497,498,26,Female,31065,16877,479,Unemployed,0.47,5,Rented,1,0.16,0
498,499,34,Female,70618,21142,609,Part-Time,0.25,6,Own,0,0.97,1
499,500,63,Female,119855,21764,526,Unemployed,0.08,0,Own,1,0.67,0
500,501,37,Female,37006,40093,775,Employed,0.44,5,Rented,1,0.2,0
501,502,60,Female,73760,47467,512,Self-Employed,0.29,1,Own,0,0.19,0
502,503,67,Female,91564,40931,502,Unemployed,0.47,9,Own,1,0.56,0
503,504,22,Male,103454,19082,320,Unemployed,0.33,8,Own,0,0.14,0
504,505,48,Female,94247,11358,385,Self-Employed,0.39,9,Rented,1,0.59,0
505,506,21,Male,56742,17273,682,Self-Employed,0.34,2,Rented,0,0.47,1
506,507,54,Male,44041,12490,360,Self-Employed,0.33,5,Rented,1,0.01,0
507,508,60,Male,134156,20876,687,Part-Time,0.17,3,Own,0,0.19,1
508,509,62,Female,109123,23298,325,Unemployed,0.01,9,Own,0,0.33,0
509,510,68,Female,112132,42617,609,Self-Employed,0.5,9,Rented,1,0.73,0
510,511,55,Female,119760,5865,571,Unemployed,0.25,7,Rented,0,0.99,0
511,512,53,Female,92709,25744,468,Unemployed,0.15,7,Rented,1,0.64,0
512,513,48,Male,70090,42045,607,Self-Employed,0.34,3,Rented,0,0.23,1
513,514,62,Female,54417,48292,787,Part-Time,0.47,0,Rented,0,0.7,0
514,515,32,Male,35804,11819,463,Self-Employed,0.2,0,Own,1,0.73,0
515,516,33,Male,41162,18456,347,Unemployed,0.45,2,Own,1,0.45,0
516,517,50,Female,66047,30289,567,Employed,0.34,3,Own,0,0.95,0
517,518,68,Female,87985,16160,632,Part-Time,0.39,7,Rented,0,0.12,1
518,519,59,Male,110949,42870,545,Unemployed,0.03,10,Rented,0,0.5,0
519,520,39,Female,35079,27351,574,Unemployed,0.56,8,Rented,1,0.61,0
520,521,48,Male,73928,35861,651,Self-Employed,0.09,0,Rented,0,0.42,1
521,522,54,Male,47065,20586,844,Employed,0.43,7,Own,0,0.35,0
522,523,66,Male,123538,12709,503,Unemployed,0.17,3,Own,1,0.76,0
523,524,55,Male,139246,26639,492,Unemployed,0.0,4,Own,1,0.3,0
524,525,66,Male,52920,48955,645,Unemployed,0.01,9,Rented,1,0.09,0
525,526,30,Female,131167,5028,622,Self-Employed,0.12,0,Own,1,0.39,0
526,527,49,Female,126993,19906,457,Unemployed,0.52,7,Rented,1,0.61,0
527,528,26,Male,95601,35718,804,Self-Employed,0.04,0,Rented,1,0.6,0
528,529,65,Female,91031,23994,598,Part-Time,0.49,5,Own,0,0.7,0
529,530,56,Male,31863,14051,734,Self-Employed,0.35,1,Own,1,0.11,0
530,531,55,Male,37465,12925,647,Part-Time,0.55,4,Rented,0,0.61,0
531,532,27,Female,132058,11780,353,Unemployed,0.26,5,Rented,0,0.98,0
532,533,22,Male,47558,23049,490,Unemployed,0.21,3,Own,0,0.24,0
533,534,62,Female,95753,9084,809,Self-Employed,0.36,7,Own,0,0.02,1
534,535,70,Female,54178,25224,801,Part-Time,0.21,0,Own,0,0.19,1
535,536,19,Female,67044,11363,577,Part-Time,0.41,5,Own,0,0.13,0
536,537,21,Female,104369,27204,480,Self-Employed,0.08,9,Rented,0,0.22,0
537,538,26,Female,79256,16690,677,Employed,0.09,2,Own,0,0.28,1
538,539,67,Female,72848,18265,506,Part-Time,0.5,4,Own,1,0.86,0
539,540,19,Female,72632,35238,666,Employed,0.07,6,Rented,0,0.51,1
540,541,61,Female,128833,45121,803,Employed,0.17,6,Rented,1,0.53,0
541,542,52,Male,137442,13431,654,Part-Time,0.38,3,Own,0,0.82,1
542,543,63,Male,57055,17041,467,Self-Employed,0.51,9,Own,0,0.63,0
543,544,25,Male,82861,45977,815,Part-Time,0.59,5,Rented,1,0.96,0
544,545,66,Female,112599,18651,440,Unemployed,0.35,10,Own,0,0.34,0
545,546,31,Female,144836,15971,648,Part-Time,0.46,10,Own,0,0.41,0
546,547,63,Male,103209,43792,767,Part-Time,0.47,6,Own,0,0.37,0
547,548,24,Female,127415,43241,558,Unemployed,0.3,5,Own,1,0.22,0
548,549,65,Female,128620,32905,727,Unemployed,0.32,9,Rented,0,0.14,1
549,550,69,Female,66028,6717,468,Part-Time,0.02,3,Own,0,0.46,0
550,551,35,Female,134783,13248,514,Part-Time,0.26,0,Rented,1,0.86,0
551,552,37,Female,78868,10401,829,Unemployed,0.45,7,Own,1,0.14,0
552,553,54,Female,69860,23917,613,Employed,0.06,10,Own,0,0.15,1
553,554,55,Male,85581,46998,629,Part-Time,0.38,0,Rented,0,0.88,1
554,555,38,Female,117709,38158,562,Employed,0.04,7,Own,1,1.0,0
555,556,54,Female,50858,47756,425,Self-Employed,0.36,6,Own,0,0.18,0
556,557,39,Male,97141,19476,592,Unemployed,0.14,1,Own,0,0.66,0
557,558,57,Male,132878,46974,703,Employed,0.52,9,Rented,1,0.73,0
558,559,23,Male,57232,23554,390,Employed,0.39,5,Rented,1,0.99,0
559,560,55,Male,114006,15128,779,Employed,0.57,4,Own,1,0.05,0
560,561,53,Female,32337,17473,326,Self-Employed,0.37,3,Own,0,0.53,0
561,562,41,Male,139527,12103,568,Unemployed,0.09,6,Own,1,0.61,0
562,563,24,Male,31788,25667,452,Self-Employed,0.1,8,Rented,1,0.19,0
563,564,22,Female,45388,33113,306,Part-Time,0.39,6,Rented,0,0.62,0
564,565,50,Male,109341,49507,636,Self-Employed,0.07,5,Rented,0,0.72,1
565,566,25,Female,68349,49259,557,Self-Employed,0.4,0,Own,0,0.0,0
566,567,43,Female,49825,30645,468,Unemployed,0.59,0,Own,0,0.5,0
567,568,56,Male,63824,26186,471,Employed,0.22,8,Own,1,0.45,0
568,569,49,Female,105477,43199,339,Part-Time,0.57,8,Rented,0,0.83,0
569,570,57,Female,58028,32866,519,Unemployed,0.28,9,Rented,1,0.93,0
570,571,69,Male,41125,34784,461,Employed,0.24,0,Own,0,0.33,0
571,572,42,Female,51950,40637,777,Self-Employed,0.54,7,Own,0,0.71,0
572,573,59,Male,65664,14985,402,Employed,0.5,9,Own,1,0.48,0
573,574,30,Female,76167,10125,827,Unemployed,0.45,4,Own,0,0.07,0
574,575,30,Male,130931,29292,539,Employed,0.44,4,Rented,0,0.96,0
575,576,49,Male,121833,47503,705,Part-Time,0.23,3,Rented,0,0.64,1
576,577,21,Male,33001,46063,753,Employed,0.5,9,Own,1,0.93,0
577,578,64,Male,81006,15626,396,Self-Employed,0.5,0,Rented,1,0.11,0
578,579,38,Male,82874,29838,306,Employed,0.37,2,Rented,1,0.67,0
579,580,70,Female,128047,12875,760,Employed,0.19,7,Rented,0,0.15,1
580,581,39,Male,86409,13302,622,Employed,0.2,3,Own,1,0.57,0
581,582,59,Male,32697,31271,487,Employed,0.4,5,Rented,1,0.98,0
582,583,28,Female,115232,29131,342,Self-Employed,0.07,4,Rented,0,0.07,0
583,584,65,Female,144040,15457,731,Part-Time,0.33,9,Rented,0,0.44,1
584,585,27,Male,147348,34136,333,Part-Time,0.23,0,Rented,1,0.26,0
585,586,42,Female,37112,47391,643,Self-Employed,0.17,3,Rented,0,0.72,1
586,587,23,Female,93115,18676,528,Part-Time,0.47,4,Rented,1,0.21,0
587,588,49,Female,68043,28237,683,Unemployed,0.48,10,Own,1,0.86,0
588,589,59,Female,86330,19025,365,Self-Employed,0.23,5,Own,1,0.72,0
589,590,24,Female,75821,24622,407,Unemployed,0.05,8,Rented,0,0.82,0
590,591,36,Male,69388,19820,486,Unemployed,0.1,6,Rented,1,0.95,0
591,592,44,Female,108958,27741,704,Part-Time,0.31,9,Own,0,0.2,1
592,593,53,Male,128308,32021,441,Employed,0.35,0,Rented,1,0.9,0
593,594,29,Female,108300,5057,599,Part-Time,0.11,6,Own,1,0.49,0
594,595,29,Female,63751,15827,514,Employed,0.27,5,Rented,1,0.89,0
595,596,30,Female,94456,9839,381,Self-Employed,0.12,1,Own,0,0.84,0
596,597,39,Female,39086,36642,757,Unemployed,0.43,7,Own,1,0.03,0
597,598,59,Female,82920,29607,620,Employed,0.41,9,Own,1,0.42,0
598,599,31,Female,76059,34538,756,Employed,0.39,6,Own,0,0.03,1
599,600,34,Female,52140,23670,401,Part-Time,0.3,0,Own,1,0.6,0
600,601,25,Female,119748,21625,490,Unemployed,0.28,6,Rented,1,0.84,0
601,602,66,Male,142545,36550,796,Unemployed,0.47,4,Rented,0,0.84,0
602,603,46,Female,87616,6290,743,Part-Time,0.53,10,Rented,1,0.23,0
603,604,31,Female,77163,21174,789,Part-Time,0.42,10,Own,0,0.2,0
604,605,33,Male,136202,34934,462,Unemployed,0.4,6,Rented,1,0.08,0
605,606,30,Male,76185,6148,351,Part-Time,0.09,3,Own,0,0.45,0
606,607,67,Female,38545,15668,559,Unemployed,0.16,1,Own,0,0.98,0
607,608,49,Male,63316,25255,469,Part-Time,0.36,7,Rented,0,0.67,0
608,609,47,Female,102837,48915,610,Part-Time,0.5,8,Rented,0,0.7,0
609,610,43,Male,48753,44167,849,Self-Employed,0.08,6,Rented,0,0.7,1
610,611,43,Male,67043,30996,493,Part-Time,0.18,6,Own,1,0.4,0
611,612,34,Male,57013,31301,316,Self-Employed,0.21,4,Own,1,0.18,0
612,613,27,Female,62274,39694,496,Employed,0.59,0,Own,1,0.15,0
613,614,40,Female,140231,16752,302,Unemployed,0.59,4,Rented,1,0.35,0
614,615,39,Female,31388,49525,758,Employed,0.15,4,Own,0,0.37,1
615,616,70,Female,74380,13259,714,Self-Employed,0.24,10,Rented,1,0.82,0
616,617,30,Male,128825,13302,391,Unemployed,0.03,4,Rented,1,0.79,0
617,618,68,Male,127471,36733,316,Self-Employed,0.53,0,Own,1,0.08,0
618,619,54,Female,144201,36599,396,Unemployed,0.3,10,Own,1,0.77,0
619,620,65,Male,76511,11348,571,Unemployed,0.34,4,Own,1,0.47,0
620,621,61,Male,115694,42057,788,Self-Employed,0.08,0,Own,0,0.74,1
621,622,37,Female,103436,36207,692,Employed,0.4,4,Own,1,0.86,0
622,623,54,Male,76026,43640,420,Employed,0.6,1,Own,1,0.83,0
623,624,42,Female,80591,25439,706,Unemployed,0.4,6,Own,1,0.43,0
624,625,55,Female,41525,11958,666,Unemployed,0.23,8,Rented,1,0.14,0
625,626,70,Male,53173,10817,360,Self-Employed,0.19,10,Rented,1,0.62,0
626,627,18,Male,82545,17191,447,Employed,0.34,2,Own,0,0.93,0
627,628,38,Female,103408,48970,518,Self-Employed,0.52,8,Rented,1,0.03,0
628,629,62,Female,53701,18250,300,Self-Employed,0.58,0,Rented,1,0.41,0
629,630,24,Male,144261,22265,551,Part-Time,0.46,0,Own,1,0.25,0
630,631,48,Female,79363,11476,346,Self-Employed,0.26,4,Rented,0,0.97,0
631,632,29,Female,36373,48888,484,Self-Employed,0.01,7,Rented,0,0.26,0
632,633,60,Female,69525,13855,517,Part-Time,0.07,4,Own,0,0.09,0
633,634,52,Male,85488,11952,607,Unemployed,0.19,1,Rented,0,0.35,1
634,635,48,Male,32950,47208,500,Self-Employed,0.03,2,Own,1,0.31,0
635,636,25,Female,133820,48638,334,Employed,0.59,8,Own,0,0.76,0
636,637,66,Male,110226,19312,377,Unemployed,0.39,4,Own,1,0.84,0
637,638,44,Male,114554,18117,734,Employed,0.51,7,Rented,1,0.11,0
638,639,70,Female,95732,29064,456,Self-Employed,0.31,0,Rented,0,0.42,0
639,640,48,Female,146827,19815,803,Part-Time,0.52,5,Rented,0,0.35,0
640,641,56,Female,133675,40070,748,Employed,0.36,2,Rented,1,0.33,0
641,642,26,Female,127480,17743,459,Part-Time,0.32,1,Rented,1,0.51,0
642,643,37,Female,139922,22758,590,Part-Time,0.09,4,Rented,0,0.98,0
643,644,27,Male,109305,10400,588,Self-Employed,0.14,9,Rented,0,0.23,0
644,645,70,Female,111186,48690,558,Part-Time,0.39,5,Own,0,0.61,0
645,646,53,Male,91178,16580,436,Unemployed,0.57,3,Own,0,0.13,0
646,647,49,Male,53523,12480,382,Self-Employed,0.41,5,Rented,0,0.49,0
647,648,60,Female,135099,31102,396,Employed,0.42,6,Own,1,0.57,0
648,649,49,Male,115688,47082,476,Unemployed,0.15,9,Own,1,0.96,0
649,650,50,Male,131523,37290,653,Unemployed,0.39,1,Rented,1,0.67,0
650,651,62,Female,33959,18727,721,Part-Time,0.12,4,Rented,1,0.36,0
651,652,33,Male,116342,49523,502,Unemployed,0.54,10,Own,0,0.36,0
652,653,36,Female,68085,22836,791,Unemployed,0.44,7,Rented,0,0.96,0
653,654,47,Male,81417,32966,540,Part-Time,0.01,7,Own,1,0.99,0
654,655,32,Female,93811,35220,770,Self-Employed,0.52,6,Own,0,0.03,0
655,656,63,Male,47229,49402,308,Self-Employed,0.14,10,Own,0,0.98,0
656,657,60,Male,93386,15725,503,Employed,0.03,6,Rented,0,0.03,0
657,658,35,Male,51660,34793,631,Part-Time,0.5,5,Own,0,0.58,0
658,659,35,Male,118896,20106,400,Unemployed,0.53,8,Rented,0,0.57,0
659,660,70,Female,120210,37384,729,Unemployed,0.55,2,Rented,0,0.41,0
660,661,65,Female,87414,45682,549,Self-Employed,0.32,0,Rented,1,0.38,0
661,662,38,Male,136775,7032,469,Part-Time,0.3,9,Rented,1,0.85,0
662,663,33,Female,130882,48045,777,Part-Time,0.54,4,Rented,0,0.77,0
663,664,54,Female,38158,33900,362,Employed,0.28,6,Rented,0,0.68,0
664,665,47,Female,119823,33274,594,Unemployed,0.37,9,Rented,1,0.66,0
665,666,61,Female,137427,22902,560,Unemployed,0.58,1,Own,1,0.06,0
666,667,56,Female,80675,26813,338,Self-Employed,0.17,1,Own,0,0.91,0
667,668,30,Male,111600,18998,466,Part-Time,0.54,2,Own,0,0.6,0
668,669,63,Male,135873,37958,393,Self-Employed,0.19,7,Own,1,0.82,0
669,670,57,Female,76328,35506,327,Employed,0.28,10,Own,1,0.3,0
670,671,42,Female,37698,13933,345,Employed,0.52,7,Own,1,0.57,0
671,672,45,Female,53006,13843,746,Employed,0.01,3,Own,0,0.81,1
672,673,53,Male,83407,15095,631,Unemployed,0.39,6,Rented,0,0.08,1
673,674,33,Female,47397,38573,508,Employed,0.21,4,Own,0,0.11,0
674,675,67,Female,120509,24739,811,Employed,0.29,7,Rented,0,0.41,1
675,676,41,Male,62325,23727,435,Employed,0.33,8,Own,1,0.77,0
676,677,39,Female,57776,21711,808,Part-Time,0.08,9,Rented,1,0.34,0
677,678,32,Female,61091,28383,566,Unemployed,0.53,2,Own,0,0.4,0
678,679,32,Male,43189,34662,448,Employed,0.17,2,Own,1,0.69,0
679,680,25,Male,57708,16418,483,Unemployed,0.45,9,Own,0,0.7,0
680,681,66,Female,127389,43047,485,Part-Time,0.42,7,Rented,0,0.04,0
681,682,42,Female,75724,37860,346,Self-Employed,0.39,4,Rented,0,0.53,0
682,683,31,Male,49923,27390,569,Unemployed,0.5,5,Own,1,0.3,0
683,684,49,Male,72244,7587,736,Part-Time,0.24,2,Rented,1,0.44,0
684,685,66,Male,124882,39621,433,Unemployed,0.48,7,Own,0,0.21,0
685,686,30,Female,69754,7212,735,Self-Employed,0.25,9,Rented,0,0.29,1
686,687,65,Male,63391,26779,546,Part-Time,0.52,7,Rented,0,0.23,0
687,688,68,Female,86857,49108,781,Part-Time,0.45,7,Own,0,0.95,0
688,689,21,Female,81176,37318,442,Employed,0.28,7,Own,0,0.03,0
689,690,64,Male,70717,29460,412,Unemployed,0.33,6,Rented,1,0.51,0
690,691,18,Female,98967,43127,510,Self-Employed,0.31,0,Own,0,0.2,0
691,692,41,Male,95436,29736,796,Part-Time,0.11,0,Own,1,0.93,0
692,693,24,Male,128837,30894,300,Employed,0.42,3,Own,0,0.35,0
693,694,65,Male,78559,35274,393,Employed,0.12,1,Rented,0,0.26,0
694,695,54,Male,134852,18311,317,Part-Time,0.31,10,Rented,1,0.69,0
695,696,45,Male,54897,40879,759,Part-Time,0.31,8,Rented,1,0.54,0
696,697,31,Male,113773,5358,379,Employed,0.06,8,Rented,0,0.1,0
697,698,29,Female,34090,22512,670,Part-Time,0.54,5,Own,1,0.06,0
698,699,19,Female,67561,30768,311,Part-Time,0.49,9,Rented,0,0.41,0
699,700,23,Female,145034,42045,699,Part-Time,0.59,0,Own,1,0.31,0
700,701,40,Male,145972,27942,329,Self-Employed,0.45,4,Rented,1,0.33,0
701,702,50,Male,123849,19882,505,Employed,0.58,0,Own,0,0.92,0
702,703,21,Male,120083,41061,830,Self-Employed,0.48,5,Rented,0,0.64,0
703,704,46,Female,49271,34029,841,Unemployed,0.18,0,Own,1,1.0,0
704,705,21,Male,79943,23300,524,Part-Time,0.06,1,Own,0,0.34,0
705,706,30,Female,85061,20427,832,Unemployed,0.03,2,Rented,0,0.49,1
706,707,21,Female,122158,23988,371,Employed,0.59,5,Own,1,0.86,0
707,708,27,Female,80891,46107,713,Part-Time,0.59,5,Rented,0,0.15,0
708,709,48,Male,35485,34287,538,Self-Employed,0.22,10,Own,0,0.82,0
709,710,56,Female,55580,7735,334,Unemployed,0.23,4,Rented,0,0.87,0
710,711,63,Male,56004,39415,434,Unemployed,0.0,1,Rented,1,0.87,0
711,712,39,Female,38049,14250,733,Employed,0.04,3,Own,1,0.9,0
712,713,55,Female,119074,48691,645,Self-Employed,0.15,9,Own,0,0.04,1
713,714,70,Female,135209,31055,765,Unemployed,0.4,9,Rented,0,0.71,1
714,715,59,Female,92252,33876,680,Part-Time,0.04,7,Own,0,0.44,1
715,716,63,Female,113326,22987,395,Unemployed,0.51,10,Rented,0,0.75,0
716,717,55,Female,124998,48699,839,Employed,0.08,6,Own,0,0.69,1
717,718,44,Male,90095,26882,470,Part-Time,0.22,8,Own,0,0.07,0
718,719,54,Female,76333,45090,328,Part-Time,0.5,2,Rented,1,0.97,0
719,720,47,Male,118553,44838,658,Self-Employed,0.58,1,Own,0,0.82,0
720,721,41,Female,145665,46845,798,Employed,0.03,10,Rented,1,0.31,0
721,722,61,Male,149587,30169,502,Unemployed,0.6,5,Rented,0,0.79,0
722,723,20,Male,61426,19445,331,Part-Time,0.44,2,Own,1,0.36,0
723,724,53,Female,145050,24393,559,Employed,0.2,6,Rented,1,0.11,0
724,725,51,Male,36786,15910,603,Part-Time,0.25,9,Own,1,0.22,0
725,726,63,Male,34562,26705,392,Employed,0.21,8,Rented,1,0.56,0
726,727,19,Female,59140,32729,503,Employed,0.43,3,Own,1,0.21,0
727,728,70,Male,70251,48003,794,Employed,0.3,3,Rented,0,0.05,1
728,729,47,Female,50065,40765,657,Unemployed,0.3,8,Rented,0,0.78,1
729,730,55,Male,61962,31674,355,Part-Time,0.06,1,Rented,0,0.48,0
730,731,48,Female,110234,45970,527,Unemployed,0.16,5,Own,1,0.61,0
731,732,54,Female,95329,7918,458,Employed,0.27,5,Own,1,0.04,0
732,733,56,Male,36067,13832,663,Unemployed,0.05,6,Rented,0,0.9,1
733,734,66,Male,41540,18978,377,Self-Employed,0.26,0,Rented,1,0.36,0
734,735,49,Male,30126,11957,773,Part-Time,0.16,5,Rented,1,0.43,0
735,736,19,Female,90273,5155,666,Employed,0.28,5,Own,0,0.87,1
736,737,68,Male,36395,6102,381,Employed,0.46,4,Own,0,0.02,0
737,738,52,Female,56948,21050,583,Self-Employed,0.19,0,Rented,0,0.99,0
738,739,40,Male,54683,47060,456,Self-Employed,0.26,7,Rented,1,0.44,0
739,740,68,Male,32779,27445,485,Self-Employed,0.27,3,Own,1,0.21,0
740,741,60,Female,82118,12591,731,Employed,0.21,1,Own,0,0.4,1
741,742,53,Female,98272,13719,342,Employed,0.6,1,Own,1,0.35,0
742,743,53,Male,126817,11343,431,Self-Employed,0.14,8,Own,1,0.57,0
743,744,24,Female,99161,9131,772,Unemployed,0.57,1,Own,1,0.56,0
744,745,64,Female,64867,9288,586,Part-Time,0.08,2,Rented,1,0.31,0
745,746,32,Male,69474,12778,761,Unemployed,0.32,5,Rented,1,0.04,0
746,747,26,Female,135593,41018,682,Employed,0.46,10,Rented,0,0.53,0
747,748,40,Male,49113,26063,465,Employed,0.12,0,Own,1,0.39,0
748,749,29,Male,97574,45152,610,Part-Time,0.06,5,Rented,1,0.01,0
749,750,35,Female,122938,13982,505,Employed,0.29,4,Rented,1,0.5,0
750,751,32,Female,51583,22051,746,Self-Employed,0.24,3,Own,1,0.24,0
751,752,28,Male,78837,28832,768,Part-Time,0.32,7,Rented,0,0.74,1
752,753,50,Female,57727,20611,427,Part-Time,0.06,1,Own,1,0.73,0
753,754,22,Male,83871,43202,616,Employed,0.42,10,Own,0,0.81,0
754,755,38,Male,43319,41361,356,Employed,0.05,10,Rented,1,0.92,0
755,756,23,Female,64715,12137,725,Employed,0.44,2,Own,0,0.32,0
756,757,31,Male,34291,37993,637,Employed,0.17,4,Rented,0,0.19,1
757,758,68,Female,147942,29290,633,Unemployed,0.46,6,Own,1,0.88,0
758,759,35,Male,81615,26340,312,Part-Time,0.19,8,Own,1,0.32,0
759,760,65,Male,57440,21943,595,Unemployed,0.43,9,Own,0,0.05,0
760,761,51,Female,47519,6257,809,Unemployed,0.36,10,Own,1,0.25,0
761,762,55,Female,145804,47927,505,Unemployed,0.38,8,Rented,0,0.95,0
762,763,26,Male,37684,8040,628,Unemployed,0.52,8,Rented,1,0.67,0
763,764,32,Male,93612,5021,417,Self-Employed,0.06,4,Rented,0,0.14,0
764,765,29,Male,99043,22434,677,Unemployed,0.07,8,Own,1,0.05,0
765,766,58,Male,79794,7401,769,Unemployed,0.6,6,Own,0,0.97,0
766,767,46,Male,86335,46767,711,Self-Employed,0.56,8,Rented,0,0.21,0
767,768,37,Female,112328,24993,333,Self-Employed,0.51,2,Own,0,0.82,0
768,769,46,Female,119010,42915,687,Part-Time,0.03,0,Own,1,0.86,0
769,770,53,Female,120510,7007,613,Self-Employed,0.2,5,Own,1,0.69,0
770,771,67,Male,144115,13427,499,Self-Employed,0.16,3,Rented,0,0.59,0
771,772,26,Female,88373,40347,511,Part-Time,0.1,3,Own,1,0.11,0
772,773,59,Female,65183,49282,570,Part-Time,0.2,2,Own,1,0.09,0
773,774,21,Male,103655,49340,479,Part-Time,0.07,4,Own,1,0.58,0
774,775,47,Female,34443,16349,575,Unemployed,0.48,1,Rented,0,0.34,0
775,776,37,Male,53756,32770,526,Part-Time,0.22,6,Own,1,0.26,0
776,777,30,Female,100141,10950,656,Self-Employed,0.49,2,Rented,0,0.69,0
777,778,37,Male,65858,18803,499,Unemployed,0.03,1,Rented,1,0.95,0
778,779,64,Male,107686,43185,693,Employed,0.51,3,Own,1,0.89,0
779,780,19,Male,48717,29141,521,Unemployed,0.25,8,Rented,0,0.05,0
780,781,20,Female,81001,35047,318,Part-Time,0.25,10,Rented,1,0.54,0
781,782,54,Female,55691,30215,850,Self-Employed,0.51,7,Own,1,0.11,0
782,783,53,Male,117265,47633,471,Employed,0.09,1,Own,1,0.28,0
783,784,22,Male,57806,49180,626,Unemployed,0.21,7,Rented,1,0.0,0
784,785,69,Female,33907,5714,710,Employed,0.25,2,Own,0,0.76,1
785,786,49,Female,50838,33746,543,Part-Time,0.28,10,Rented,0,0.34,0
786,787,18,Female,40809,8651,431,Unemployed,0.59,4,Rented,1,0.41,0
787,788,27,Male,62306,34093,824,Self-Employed,0.41,10,Rented,0,0.96,0
788,789,51,Female,37322,14627,482,Employed,0.45,0,Own,0,0.55,0
789,790,39,Male,40017,18472,772,Part-Time,0.48,7,Rented,0,0.94,0
790,791,56,Male,92297,39662,301,Employed,0.58,9,Rented,0,0.86,0
791,792,70,Male,126232,15821,342,Self-Employed,0.46,9,Own,0,0.47,0
792,793,63,Male,115587,7050,548,Self-Employed,0.3,10,Own,0,0.89,0
793,794,46,Female,103890,39164,405,Unemployed,0.21,0,Own,0,0.81,0
794,795,48,Male,80491,12997,509,Unemployed,0.07,1,Own,0,0.12,0
795,796,23,Male,148953,46999,568,Part-Time,0.44,2,Own,0,0.31,0
796,797,64,Male,118217,10764,438,Employed,0.33,9,Rented,0,0.5,0
797,798,19,Male,86283,18569,584,Self-Employed,0.12,10,Own,1,0.06,0
798,799,20,Female,97998,23159,636,Unemployed,0.09,2,Own,1,0.37,0
799,800,64,Female,48243,29141,457,Unemployed,0.43,4,Own,0,0.99,0
800,801,18,Female,32788,20848,587,Employed,0.49,3,Rented,0,0.86,0
801,802,34,Male,143242,6580,312,Employed,0.59,3,Rented,1,0.47,0
802,803,23,Female,77412,46931,739,Self-Employed,0.23,9,Own,1,0.82,0
803,804,22,Male,149359,38063,477,Self-Employed,0.27,4,Rented,1,0.79,0
804,805,45,Female,75357,44680,672,Employed,0.15,8,Own,1,0.08,0
805,806,64,Female,132706,15538,322,Unemployed,0.3,9,Own,1,0.41,0
806,807,38,Female,63800,17245,711,Unemployed,0.33,7,Rented,0,0.96,1
807,808,62,Male,65812,43144,782,Employed,0.05,8,Rented,0,0.41,1
808,809,51,Male,129333,41597,785,Part-Time,0.48,8,Rented,1,0.72,0
809,810,49,Male,129786,49625,816,Part-Time,0.13,8,Own,1,0.18,0
810,811,66,Female,72044,38051,539,Self-Employed,0.38,4,Rented,0,0.02,0
811,812,28,Male,98485,43494,409,Unemployed,0.25,0,Rented,0,0.31,0
812,813,45,Male,48374,26705,670,Unemployed,0.06,3,Own,0,0.58,1
813,814,65,Female,84889,43790,544,Unemployed,0.6,3,Rented,0,0.65,0
814,815,64,Female,117731,34376,832,Employed,0.02,1,Rented,0,0.54,1
815,816,22,Male,146426,40784,808,Unemployed,0.0,2,Own,0,0.05,1
816,817,60,Female,82068,32308,485,Employed,0.14,3,Rented,1,0.9,0
817,818,58,Female,42822,46154,530,Employed,0.27,9,Rented,0,0.99,0
818,819,19,Female,99795,26765,476,Part-Time,0.55,0,Own,0,0.75,0
819,820,69,Male,37608,22093,574,Part-Time,0.16,4,Own,1,0.51,0
820,821,35,Male,71107,44342,338,Part-Time,0.26,0,Rented,1,0.13,0
821,822,58,Male,95980,13202,583,Employed,0.2,6,Rented,0,0.16,0
822,823,22,Male,48185,19139,653,Part-Time,0.56,5,Rented,0,0.89,0
823,824,38,Male,64488,37143,529,Self-Employed,0.39,5,Own,0,0.81,0
824,825,32,Female,71285,48064,667,Part-Time,0.39,9,Rented,1,0.09,0
825,826,32,Male,74009,24583,304,Unemployed,0.28,7,Rented,0,0.64,0
826,827,24,Male,74956,32083,757,Part-Time,0.44,5,Rented,0,0.43,0
827,828,64,Female,103479,29808,590,Part-Time,0.33,8,Rented,0,0.31,0
828,829,43,Female,146715,22328,543,Part-Time,0.16,5,Rented,1,0.07,0
829,830,35,Female,134278,13116,521,Self-Employed,0.44,6,Rented,1,0.58,0
830,831,43,Female,131182,37393,593,Part-Time,0.33,5,Rented,0,0.7,0
831,832,18,Male,111087,20398,468,Part-Time,0.14,0,Own,0,0.56,0
832,833,26,Male,109320,46194,509,Part-Time,0.07,2,Rented,0,0.74,0
833,834,61,Female,34266,39221,531,Self-Employed,0.16,5,Rented,1,0.6,0
834,835,45,Male,135235,25347,673,Self-Employed,0.24,7,Own,1,0.33,0
835,836,59,Female,92034,7500,477,Part-Time,0.39,7,Rented,1,0.26,0
836,837,60,Female,120382,27721,432,Employed,0.42,3,Rented,1,0.57,0
837,838,65,Male,145080,13588,815,Part-Time,0.1,8,Rented,1,0.18,0
838,839,30,Male,39867,34313,635,Self-Employed,0.21,5,Rented,0,0.74,1
839,840,27,Male,111482,20794,616,Employed,0.08,5,Rented,1,0.88,0
840,841,69,Female,47124,5127,831,Self-Employed,0.18,4,Rented,1,0.82,0
841,842,45,Female,46471,35436,700,Part-Time,0.49,7,Rented,0,0.35,0
842,843,44,Male,131107,31289,556,Part-Time,0.38,1,Rented,1,0.09,0
843,844,58,Male,71272,13207,496,Unemployed,0.54,9,Rented,1,0.35,0
844,845,19,Male,144234,8237,423,Unemployed,0.59,6,Own,1,0.06,0
845,846,26,Female,79628,18270,775,Self-Employed,0.26,5,Own,1,0.88,0
846,847,23,Male,64006,43556,330,Employed,0.58,7,Rented,0,0.22,0
847,848,53,Male,131605,25325,604,Part-Time,0.4,9,Rented,1,0.24,0
848,849,49,Female,109806,28505,660,Unemployed,0.55,7,Rented,0,0.49,0
849,850,35,Male,69230,45693,635,Unemployed,0.3,5,Rented,1,0.06,0
850,851,70,Male,135097,26252,780,Self-Employed,0.51,4,Own,1,0.44,0
851,852,68,Female,40215,42280,550,Part-Time,0.09,0,Rented,1,0.34,0
852,853,35,Female,53727,9031,332,Part-Time,0.5,9,Own,0,0.04,0
853,854,68,Male,136490,9087,630,Employed,0.27,2,Own,0,0.45,1
854,855,31,Female,80615,22986,584,Self-Employed,0.28,7,Rented,0,0.98,0
855,856,25,Female,40276,9110,759,Unemployed,0.34,4,Own,0,0.35,1
856,857,42,Male,134843,27129,693,Part-Time,0.13,2,Own,0,0.1,1
857,858,44,Female,138165,5998,649,Employed,0.1,1,Rented,1,0.95,0
858,859,20,Female,102144,11543,612,Employed,0.13,2,Rented,1,0.59,0
859,860,31,Male,147074,35535,402,Unemployed,0.39,4,Own,0,0.07,0
860,861,55,Male,113979,15080,536,Employed,0.35,6,Rented,1,0.68,0
861,862,56,Male,82601,25136,410,Employed,0.05,7,Rented,0,0.16,0
862,863,42,Female,53093,17616,505,Unemployed,0.1,5,Rented,1,0.07,0
863,864,30,Male,91239,37369,791,Employed,0.4,3,Own,0,0.47,1
864,865,35,Female,114607,45455,436,Part-Time,0.22,4,Own,1,0.38,0
865,866,62,Female,60705,18501,489,Self-Employed,0.51,10,Rented,1,0.32,0
866,867,31,Female,75053,30531,416,Self-Employed,0.54,0,Rented,1,0.17,0
867,868,31,Female,124026,29891,818,Self-Employed,0.32,10,Rented,0,0.61,1
868,869,47,Female,48094,7303,832,Part-Time,0.05,1,Own,0,0.71,1
869,870,40,Male,141213,43145,717,Unemployed,0.35,8,Rented,0,0.83,1
870,871,29,Female,141227,14778,732,Part-Time,0.59,9,Own,1,0.05,0
871,872,54,Female,57348,23103,838,Employed,0.35,1,Own,1,0.67,0
872,873,22,Female,33777,24294,548,Part-Time,0.55,5,Own,1,0.94,0
873,874,20,Female,46578,42313,563,Self-Employed,0.41,4,Own,1,0.48,0
874,875,21,Female,34614,37063,652,Self-Employed,0.27,8,Rented,0,0.83,1
875,876,68,Male,89636,25823,732,Self-Employed,0.45,0,Rented,1,0.04,0
876,877,21,Female,133187,39196,513,Employed,0.26,4,Rented,1,0.28,0
877,878,59,Male,110364,21237,670,Employed,0.11,4,Rented,1,0.7,0
878,879,62,Male,117750,22027,572,Employed,0.49,9,Own,1,0.65,0
879,880,65,Male,128341,14739,500,Part-Time,0.01,4,Rented,0,0.35,0
880,881,62,Female,46986,16295,301,Unemployed,0.38,5,Own,1,1.0,0
881,882,49,Male,96343,29904,315,Self-Employed,0.3,1,Own,0,0.07,0
882,883,34,Female,129299,19430,319,Self-Employed,0.33,1,Rented,0,0.19,0
883,884,51,Female,141865,48398,341,Unemployed,0.45,8,Own,0,0.75,0
884,885,51,Male,131860,20909,674,Employed,0.11,3,Rented,1,0.16,0
885,886,43,Male,81887,20061,435,Self-Employed,0.19,8,Own,0,1.0,0
886,887,59,Male,58395,19264,766,Part-Time,0.5,5,Own,0,0.14,0
887,888,64,Male,124314,47189,590,Unemployed,0.15,7,Rented,1,0.09,0
888,889,46,Female,30280,27178,689,Self-Employed,0.27,10,Rented,0,0.82,1
889,890,18,Female,105526,37457,466,Unemployed,0.36,0,Rented,0,0.79,0
890,891,26,Male,84001,22193,536,Self-Employed,0.59,10,Own,0,0.43,0
891,892,21,Male,68645,36405,838,Self-Employed,0.35,3,Own,1,0.56,0
892,893,41,Male,36466,18791,836,Employed,0.34,5,Own,1,0.99,0
893,894,58,Male,127949,44982,499,Unemployed,0.18,0,Own,0,0.9,0
894,895,35,Male,95494,37061,628,Part-Time,0.05,1,Rented,1,0.31,0
895,896,47,Male,88827,45422,314,Part-Time,0.43,0,Rented,1,0.35,0
896,897,66,Female,71322,15034,674,Unemployed,0.55,7,Own,1,0.27,0
897,898,66,Female,46930,47923,777,Employed,0.51,4,Own,1,0.57,0
898,899,62,Male,37195,28662,714,Part-Time,0.07,4,Own,1,0.04,0
899,900,57,Female,128782,40819,729,Employed,0.19,0,Own,1,0.44,0
900,901,43,Female,147976,33863,611,Employed,0.59,5,Rented,0,0.26,0
901,902,64,Female,32518,36425,792,Self-Employed,0.43,4,Own,1,0.56,0
902,903,23,Male,132361,21193,339,Unemployed,0.15,6,Rented,0,0.47,0
903,904,21,Female,66315,12535,766,Part-Time,0.18,4,Rented,0,0.01,1
904,905,22,Male,50635,20086,344,Employed,0.46,7,Own,1,0.19,0
905,906,37,Female,94855,11939,468,Employed,0.33,7,Own,0,0.49,0
906,907,29,Male,143670,32751,505,Part-Time,0.02,1,Rented,1,0.41,0
907,908,55,Male,42566,20761,662,Self-Employed,0.53,6,Rented,0,0.57,0
908,909,64,Male,106701,39614,806,Employed,0.29,7,Rented,1,0.44,0
909,910,46,Female,76159,7171,811,Self-Employed,0.42,2,Own,0,0.38,0
910,911,22,Male,82065,19266,718,Part-Time,0.59,2,Rented,1,0.44,0
911,912,44,Female,65668,28218,746,Employed,0.33,1,Own,1,0.6,0
912,913,18,Male,129893,48857,824,Employed,0.56,4,Own,0,0.97,0
913,914,70,Female,141863,31221,350,Part-Time,0.05,9,Own,0,0.26,0
914,915,31,Male,90409,24830,421,Unemployed,0.59,2,Own,1,0.55,0
915,916,49,Male,131080,26500,315,Unemployed,0.1,8,Rented,1,0.95,0
916,917,50,Female,144471,48828,347,Self-Employed,0.53,3,Own,0,0.17,0
917,918,69,Female,49605,49641,615,Employed,0.34,7,Rented,0,0.78,1
918,919,48,Female,93414,34417,835,Employed,0.26,7,Rented,1,0.79,0
919,920,65,Male,57301,43879,479,Self-Employed,0.41,8,Own,0,0.44,0
920,921,34,Male,66941,33899,616,Self-Employed,0.37,3,Rented,1,0.09,0
921,922,28,Female,52782,13356,439,Unemployed,0.07,6,Own,1,0.85,0
922,923,33,Female,41514,31894,588,Employed,0.49,0,Own,0,0.19,0
923,924,26,Male,131851,26154,716,Employed,0.21,1,Rented,1,0.95,0
924,925,51,Male,61228,13645,464,Part-Time,0.42,2,Own,0,0.21,0
925,926,66,Female,118930,18807,309,Part-Time,0.58,0,Rented,1,0.59,0
926,927,46,Female,52239,9841,335,Part-Time,0.08,5,Rented,0,0.87,0
927,928,52,Female,134337,12624,416,Employed,0.18,2,Own,1,0.36,0
928,929,51,Female,66360,13997,358,Unemployed,0.26,1,Rented,1,0.76,0
929,930,46,Male,83078,10048,816,Self-Employed,0.54,7,Rented,1,0.02,0
930,931,40,Male,129516,41571,531,Unemployed,0.24,10,Rented,1,0.9,0
931,932,43,Female,93965,22292,811,Unemployed,0.47,9,Own,0,0.42,0
932,933,31,Male,130674,32839,643,Employed,0.08,0,Own,0,0.87,1
933,934,29,Female,90953,26835,558,Part-Time,0.42,5,Own,1,0.17,0
934,935,63,Female,63372,45755,641,Part-Time,0.29,1,Rented,1,0.22,0
935,936,53,Male,138650,27920,483,Unemployed,0.17,4,Own,1,0.46,0
936,937,69,Male,129804,17043,642,Part-Time,0.19,10,Own,0,0.23,1
937,938,37,Male,103369,12280,408,Employed,0.51,6,Rented,1,0.99,0
938,939,37,Male,33575,43443,742,Unemployed,0.3,3,Rented,0,0.17,1
939,940,38,Female,93534,5920,661,Unemployed,0.19,1,Own,0,0.23,1
940,941,27,Male,92567,30529,588,Part-Time,0.25,6,Rented,1,0.71,0
941,942,52,Female,149614,12219,497,Employed,0.49,4,Rented,1,0.58,0
942,943,25,Female,63276,5785,394,Self-Employed,0.25,5,Rented,1,0.46,0
943,944,32,Male,54413,33244,438,Employed,0.16,5,Own,0,0.53,0
944,945,43,Male,132055,20186,409,Unemployed,0.55,6,Own,0,0.92,0
945,946,48,Female,71152,21542,695,Part-Time,0.16,10,Own,0,0.53,1
946,947,49,Male,104166,40764,850,Employed,0.38,1,Rented,1,0.75,0
947,948,53,Female,139662,25895,475,Self-Employed,0.34,5,Own,0,0.95,0
948,949,69,Female,132085,45071,556,Employed,0.02,5,Rented,1,0.08,0
949,950,33,Female,97165,30869,612,Unemployed,0.06,2,Own,0,0.26,1
950,951,63,Female,131982,39950,634,Unemployed,0.44,9,Own,0,0.24,0
951,952,55,Female,99126,10971,628,Part-Time,0.28,1,Own,1,0.33,0
952,953,40,Male,77314,9469,680,Unemployed,0.28,3,Own,0,0.47,1
953,954,60,Female,80394,18993,684,Part-Time,0.38,8,Rented,1,0.05,0
954,955,21,Male,108852,39187,815,Part-Time,0.3,3,Rented,0,0.88,1
955,956,68,Female,90776,45676,407,Unemployed,0.24,10,Own,0,0.45,0
956,957,68,Female,149827,30292,391,Self-Employed,0.12,4,Rented,1,0.99,0
957,958,58,Male,140554,29655,672,Self-Employed,0.42,6,Own,0,0.09,0
958,959,26,Female,114422,14178,387,Self-Employed,0.36,1,Rented,1,0.48,0
959,960,20,Female,53379,35273,371,Part-Time,0.3,1,Rented,1,0.97,0
960,961,67,Male,127949,19256,349,Employed,0.11,6,Own,1,0.47,0
961,962,30,Male,128484,20365,417,Unemployed,0.34,2,Rented,1,0.16,0
962,963,65,Male,60119,40135,404,Unemployed,0.54,9,Rented,1,0.97,0
963,964,55,Female,104203,26152,437,Unemployed,0.14,1,Rented,0,0.98,0
964,965,58,Male,57141,20579,448,Unemployed,0.12,1,Own,1,0.37,0
965,966,53,Female,85927,16575,520,Employed,0.16,6,Rented,0,0.41,0
966,967,61,Female,51786,27116,826,Employed,0.04,7,Rented,0,0.03,1
967,968,41,Male,48941,38124,559,Part-Time,0.05,2,Rented,0,0.26,0
968,969,51,Female,80813,37373,520,Self-Employed,0.4,10,Rented,1,0.49,0
969,970,26,Female,111986,16816,677,Self-Employed,0.24,3,Rented,1,0.98,0
970,971,49,Male,111969,18390,516,Self-Employed,0.4,3,Rented,1,0.87,0
971,972,62,Female,74835,40214,518,Self-Employed,0.36,4,Rented,0,0.03,0
972,973,44,Female,58368,28975,386,Employed,0.48,6,Rented,0,0.44,0
973,974,49,Male,66583,41797,346,Unemployed,0.35,10,Rented,0,0.78,0
974,975,57,Female,136716,15443,330,Unemployed,0.47,4,Rented,0,0.87,0
975,976,33,Female,96892,26432,516,Unemployed,0.08,0,Own,0,0.02,0
976,977,28,Male,73285,43276,685,Unemployed,0.56,10,Rented,1,0.28,0
977,978,65,Male,81092,40912,588,Part-Time,0.46,10,Rented,0,0.04,0
978,979,23,Male,88470,35164,777,Part-Time,0.34,5,Own,0,0.27,1
979,980,45,Male,42743,16267,720,Self-Employed,0.11,4,Own,1,0.5,0
980,981,23,Male,39471,47670,718,Part-Time,0.09,10,Own,0,0.38,1
981,982,46,Female,148487,35502,416,Unemployed,0.39,0,Rented,0,0.97,0
982,983,55,Male,38875,35274,759,Employed,0.02,9,Own,0,0.57,1
983,984,18,Male,128772,39963,433,Unemployed,0.2,2,Own,0,0.46,0
984,985,53,Female,99179,43095,723,Unemployed,0.09,9,Own,1,0.03,0
985,986,51,Female,135840,5420,589,Unemployed,0.59,0,Rented,1,0.27,0
986,987,26,Female,134540,8325,376,Employed,0.5,10,Rented,0,0.11,0
987,988,55,Female,126067,17474,741,Self-Employed,0.1,1,Own,1,0.93,0
988,989,51,Female,30126,17679,784,Employed,0.43,9,Own,0,0.76,0
989,990,50,Female,102392,49293,456,Part-Time,0.27,3,Own,1,0.85,0
990,991,22,Female,82683,48121,301,Part-Time,0.12,7,Own,0,0.07,0
991,992,61,Male,131879,37554,413,Self-Employed,0.42,10,Rented,1,0.47,0
992,993,37,Male,83871,48327,513,Unemployed,0.28,9,Own,0,0.99,0
993,994,44,Female,65119,5738,534,Self-Employed,0.39,8,Rented,0,0.01,0
994,995,31,Male,54153,20609,817,Self-Employed,0.03,3,Rented,1,0.58,0
995,996,58,Male,124716,6167,611,Self-Employed,0.1,1,Own,0,0.23,1
996,997,25,Male,106086,20515,497,Self-Employed,0.33,0,Rented,0,0.66,0
997,998,61,Male,106627,12357,346,Unemployed,0.18,10,Own,0,0.85,0
998,999,21,Male,111714,26108,473,Self-Employed,0.38,10,Rented,1,0.24,0
999,1000,61,Female,126303,17939,596,Unemployed,0.03,3,Own,1,0.29,0
