,Exam Score,Number of Subjects Passed,Average Grade,School Type,Household Income,Student Gender,Learning Difficulty,Extracurricular Activities,label
0,363,7,F,Private,66777,Female,Yes,2,0
1,500,4,B+,Private,74265,Male,No,1,1
2,352,3,D,Public,50559,Female,No,6,1
3,320,5,C-,Private,66440,Male,Yes,6,1
4,543,4,D,Public,54889,Female,No,2,1
5,541,1,C+,Public,81465,Female,No,9,1
6,369,3,B-,Public,50704,Female,No,8,1
7,229,8,C+,Public,57231,Male,Yes,0,0
8,416,5,B,Private,35513,Female,No,2,1
9,410,6,F,Public,85864,Female,No,6,1
10,303,9,C+,Public,48225,Female,No,9,1
11,215,4,A-,Private,34020,Female,No,8,1
12,560,4,A,Private,51107,Female,No,0,1
13,434,7,C-,Public,99067,Male,Yes,6,0
14,246,6,B,Public,40800,Male,Yes,3,0
15,274,4,B-,Private,67670,Female,No,9,1
16,515,8,C,Public,44586,Male,Yes,5,0
17,277,6,B,Public,83618,Male,Yes,6,0
18,569,3,C,Public,44915,Male,No,2,0
19,441,7,A,Private,51765,Male,Yes,6,1
20,387,1,A,Private,96726,Male,No,4,0
21,506,9,A,Private,37586,Female,Yes,1,1
22,542,7,D,Public,66058,Male,Yes,3,0
23,285,6,B,Public,71539,Male,No,3,0
24,485,4,B,Public,90953,Male,Yes,1,0
25,413,1,B+,Public,37853,Female,Yes,6,0
26,503,3,A,Private,59949,Female,Yes,0,0
27,209,9,A-,Public,41722,Female,No,7,1
28,487,9,C,Public,95998,Female,No,1,1
29,528,7,A-,Public,85631,Female,No,5,1
30,549,1,A,Public,98175,Female,Yes,5,0
31,448,1,F,Public,78179,Male,Yes,8,0
32,583,4,C-,Private,22080,Male,No,1,0
33,385,1,C,Public,81581,Male,Yes,1,0
34,351,6,B-,Private,64977,Female,Yes,2,0
35,369,8,B-,Private,36347,Female,No,2,1
36,318,1,C+,Public,21627,Female,No,6,1
37,214,4,C,Private,50747,Male,No,4,0
38,580,8,C,Private,90741,Male,Yes,3,0
39,360,6,C-,Private,52709,Male,Yes,8,1
40,401,1,B+,Public,88226,Male,Yes,6,0
41,359,7,A-,Private,91934,Female,Yes,6,1
42,558,8,A,Private,69734,Female,Yes,0,1
43,430,8,A-,Public,23720,Female,Yes,6,1
44,359,2,C+,Private,31959,Male,Yes,4,0
45,563,9,F,Public,78186,Female,Yes,7,0
46,551,9,C+,Private,29467,Male,Yes,0,0
47,224,3,C-,Public,32543,Male,Yes,6,0
48,496,6,B-,Public,39299,Female,No,7,1
49,548,5,C+,Private,76309,Female,No,6,1
50,372,8,B+,Private,52204,Male,Yes,6,1
51,250,4,F,Public,50773,Female,No,8,1
52,301,9,B,Private,35168,Male,No,1,0
53,520,9,B+,Public,22750,Female,No,7,1
54,452,4,A-,Private,20379,Male,Yes,1,1
55,582,3,A-,Public,38178,Female,Yes,3,0
56,331,4,F,Private,44248,Male,Yes,7,1
57,212,9,A,Private,27347,Male,Yes,5,0
58,380,6,A,Private,27663,Female,No,3,1
59,209,9,D,Private,76532,Male,Yes,5,1
60,433,2,C-,Private,37823,Male,No,5,0
61,532,1,C,Private,77373,Female,Yes,6,1
62,387,1,C-,Private,60082,Male,No,4,0
63,308,3,A,Public,76258,Female,Yes,8,0
64,585,6,C+,Public,71559,Male,No,3,0
65,263,3,A-,Public,75621,Female,Yes,7,0
66,433,6,B+,Private,76369,Female,No,6,1
67,233,4,B,Public,90103,Male,No,1,0
68,439,5,C+,Private,36708,Female,No,2,1
69,550,3,C+,Private,48653,Female,No,3,1
70,585,2,F,Public,84816,Female,Yes,0,0
71,396,6,B+,Public,52524,Male,Yes,5,0
72,568,5,C+,Public,73242,Female,No,2,1
73,575,3,F,Private,30007,Male,Yes,9,0
74,560,8,C,Public,76535,Male,No,1,0
75,207,7,C,Public,88895,Male,Yes,4,0
76,422,1,D,Private,53896,Female,Yes,1,0
77,422,3,B,Public,47858,Female,Yes,5,0
78,378,7,F,Public,79775,Female,Yes,5,0
79,594,5,B,Private,69628,Male,No,5,1
80,395,1,C-,Public,68391,Male,No,9,0
81,452,1,D,Public,73209,Female,Yes,2,0
82,581,7,B+,Public,83622,Female,No,4,1
83,593,8,C+,Public,53245,Female,Yes,5,0
84,506,8,A,Public,52909,Female,Yes,7,1
85,278,6,C+,Private,66334,Male,Yes,5,1
86,531,1,C-,Private,79014,Female,Yes,8,1
87,347,3,B-,Private,60157,Male,No,5,1
88,530,3,A-,Private,70252,Male,No,9,1
89,284,8,A,Private,90121,Female,No,1,1
90,250,7,F,Private,57673,Male,No,6,1
91,230,3,B+,Public,45765,Female,No,6,1
92,395,6,C-,Private,47695,Female,No,5,1
93,523,5,B-,Private,93632,Female,Yes,8,1
94,201,6,B,Public,98253,Female,Yes,5,0
95,418,2,A-,Private,57156,Male,No,4,0
96,585,2,C+,Private,43246,Male,No,2,0
97,408,1,F,Public,74005,Female,No,8,1
98,321,7,C-,Private,56797,Male,Yes,8,1
99,208,8,C+,Public,83950,Male,No,7,0
100,393,8,D,Private,50605,Male,Yes,1,0
101,529,4,D,Public,28394,Male,Yes,0,0
102,535,9,A-,Private,78612,Female,Yes,6,1
103,344,4,C,Private,61418,Male,Yes,4,0
104,433,6,C-,Public,84725,Female,No,5,1
105,386,8,B,Private,71160,Male,No,3,0
106,532,4,B+,Public,97607,Female,No,9,1
107,343,1,A-,Private,79337,Female,No,9,1
108,458,9,B,Public,41827,Male,Yes,9,0
109,450,9,D,Public,72711,Female,Yes,1,0
110,552,7,B-,Private,52946,Male,Yes,4,0
111,538,2,C,Private,25353,Male,No,0,0
112,310,2,C,Private,64669,Male,No,6,1
113,416,5,B+,Private,53038,Female,No,2,1
114,293,6,A-,Private,47356,Female,Yes,4,0
115,421,5,D,Public,51064,Female,No,6,1
116,479,3,D,Public,37464,Female,No,1,1
117,492,8,F,Public,48519,Female,No,2,1
118,482,1,B+,Public,30355,Female,No,4,1
119,549,5,A-,Private,69440,Female,No,1,1
120,515,2,F,Public,99184,Male,No,1,0
121,579,6,B+,Public,50785,Male,No,1,1
122,315,2,C-,Private,44354,Female,Yes,8,1
123,579,5,A,Public,39673,Female,No,1,1
124,314,3,C+,Public,37746,Male,No,1,0
125,433,3,B,Private,47061,Female,No,5,1
126,488,7,A,Private,54470,Female,Yes,3,1
127,328,2,F,Public,70500,Male,No,0,0
128,550,2,A,Public,53781,Female,No,8,1
129,293,6,A,Private,96549,Male,Yes,6,1
130,589,4,B,Private,82172,Male,No,8,1
131,375,8,C,Public,39518,Female,No,8,1
132,423,8,A-,Public,61429,Female,Yes,3,1
133,488,1,F,Private,47538,Female,No,2,1
134,294,3,A-,Private,23402,Female,No,7,1
135,299,1,B+,Private,90205,Male,Yes,9,1
136,352,5,B-,Public,92264,Female,No,4,1
137,257,6,C,Public,63944,Male,No,1,0
138,264,4,B-,Private,68472,Male,Yes,0,0
139,387,3,A-,Private,70734,Male,No,8,1
140,342,7,C,Public,49797,Female,Yes,3,0
141,370,3,F,Private,88322,Male,Yes,8,1
142,504,8,B+,Private,95560,Male,Yes,1,1
143,368,5,C,Private,38841,Female,No,6,1
144,522,3,A,Public,35974,Male,Yes,1,0
145,512,9,C-,Private,35226,Female,No,6,1
146,276,9,C+,Private,61132,Male,Yes,9,1
147,385,9,A,Private,42032,Female,Yes,0,0
148,589,3,A,Private,78234,Female,Yes,6,1
149,418,6,B,Public,89337,Male,No,5,0
150,518,2,F,Public,57593,Male,No,2,0
151,502,3,C+,Public,52665,Female,Yes,5,0
152,296,7,C,Private,77546,Female,Yes,0,0
153,244,3,C,Private,44999,Female,Yes,6,1
154,410,4,B-,Private,27860,Male,Yes,7,0
155,324,7,B+,Public,49512,Male,Yes,5,0
156,487,4,C-,Public,54662,Male,Yes,8,0
157,478,4,C+,Private,85111,Female,Yes,9,1
158,208,6,A,Private,60961,Male,Yes,6,1
159,454,1,F,Public,23647,Male,Yes,5,0
160,486,9,C+,Private,55359,Male,No,8,1
161,424,8,C+,Private,76706,Female,Yes,1,0
162,581,7,B,Public,58181,Female,No,3,1
163,561,8,B+,Private,73565,Male,Yes,0,1
164,510,4,F,Private,84007,Female,Yes,3,0
165,492,3,F,Public,44812,Male,No,8,0
166,552,6,D,Public,74325,Female,No,2,1
167,376,2,A-,Private,46144,Female,No,3,1
168,521,1,B-,Public,91060,Male,Yes,2,0
169,317,1,B,Public,58075,Female,Yes,7,0
170,289,3,A,Private,76700,Female,Yes,2,0
171,521,5,B,Public,54252,Female,No,6,1
172,229,3,B-,Public,52083,Female,No,6,1
173,312,5,F,Public,25651,Female,Yes,8,0
174,221,9,D,Public,69728,Female,Yes,1,0
175,241,8,B-,Private,52292,Male,Yes,3,0
176,338,7,C,Private,45756,Male,No,7,1
177,318,8,B-,Private,66226,Male,Yes,9,1
178,505,9,D,Private,22776,Female,Yes,5,0
179,427,9,A-,Private,83225,Male,Yes,6,1
180,463,9,B,Private,28049,Female,No,6,1
181,558,8,D,Public,52631,Female,No,6,1
182,560,3,B+,Private,86299,Male,Yes,2,0
183,451,5,F,Private,49774,Male,No,5,1
184,506,8,D,Private,92021,Male,Yes,4,0
185,538,5,A,Private,46026,Male,No,4,1
186,501,3,A-,Private,67932,Female,No,9,1
187,414,8,B+,Private,33979,Male,Yes,5,1
188,350,9,A-,Private,61826,Female,No,7,1
189,230,9,A-,Private,72921,Female,No,4,1
190,560,7,A-,Public,71888,Male,Yes,7,1
191,332,5,B-,Private,89416,Male,Yes,1,0
192,326,3,C-,Private,30811,Male,No,4,0
193,532,5,F,Private,34501,Male,Yes,4,0
194,478,7,F,Public,22751,Male,Yes,1,0
195,207,7,D,Private,41654,Male,Yes,6,1
196,512,2,A,Public,69088,Male,Yes,3,0
197,271,3,A-,Public,77388,Male,Yes,6,0
198,534,8,B-,Public,70531,Female,No,4,1
199,479,9,B-,Private,83341,Female,Yes,7,1
200,317,6,D,Private,41186,Female,No,7,1
201,418,6,B+,Private,46281,Male,No,9,1
202,228,5,A,Private,69490,Male,No,1,0
203,280,6,B-,Private,28972,Female,No,7,1
204,571,9,C+,Private,62629,Male,Yes,5,1
205,417,8,D,Private,91615,Male,No,0,0
206,474,8,B,Private,63345,Male,No,3,0
207,323,4,C+,Private,92948,Male,Yes,9,1
208,296,2,C-,Private,97726,Male,No,9,1
209,480,8,C-,Public,54699,Male,No,9,0
210,541,9,F,Private,24092,Male,No,4,0
211,265,8,C,Private,88546,Female,No,7,1
212,252,1,A-,Private,57946,Female,No,4,1
213,538,3,C,Private,67404,Female,No,3,1
214,251,5,B-,Public,48328,Female,Yes,7,0
215,418,2,F,Private,94084,Female,Yes,0,0
216,450,9,C+,Public,98267,Male,Yes,9,0
217,250,8,D,Private,82778,Male,Yes,3,0
218,515,6,B+,Private,43337,Female,Yes,6,1
219,538,5,C+,Private,97111,Male,No,2,0
220,487,3,C-,Private,91310,Male,Yes,0,0
221,271,6,B-,Private,80719,Male,No,0,0
222,496,6,B-,Public,47074,Male,Yes,3,0
223,202,2,A,Public,81404,Male,No,3,0
224,591,1,C-,Private,55877,Male,No,3,0
225,356,7,D,Private,22443,Female,Yes,3,0
226,566,9,A-,Public,70140,Female,Yes,5,1
227,381,1,A-,Private,50720,Female,No,2,1
228,303,3,C+,Public,48742,Female,No,6,1
229,500,9,F,Public,46689,Male,No,0,0
230,429,2,B-,Public,54795,Male,Yes,6,0
231,477,6,C,Public,40394,Male,Yes,5,0
232,232,5,B-,Public,89391,Male,Yes,3,0
233,407,8,B,Public,65979,Female,Yes,3,0
234,206,1,B,Public,43215,Female,No,8,1
235,398,3,D,Private,76556,Female,No,9,1
236,477,6,B+,Public,50267,Female,Yes,9,1
237,454,7,D,Private,46738,Male,No,9,1
238,245,2,A,Public,73256,Female,Yes,6,0
239,256,7,B-,Private,28071,Female,No,9,1
240,239,1,C-,Public,89221,Female,No,4,1
241,381,9,A-,Private,58596,Male,No,8,1
242,520,1,A-,Public,51997,Female,Yes,1,0
243,455,3,B,Private,81377,Female,No,4,1
244,318,9,C+,Public,83627,Male,No,4,0
245,369,6,C,Private,76724,Female,Yes,3,0
246,465,3,C-,Public,67824,Male,No,8,0
247,287,7,C,Private,53197,Male,Yes,1,0
248,468,3,B+,Private,54706,Female,Yes,8,1
249,578,7,C+,Private,70653,Female,No,8,1
250,216,5,C,Private,88770,Female,Yes,9,1
251,483,7,B-,Public,91171,Male,No,1,0
252,447,8,C+,Public,61921,Female,No,5,1
253,494,7,A,Private,25073,Female,No,8,1
254,515,1,D,Public,78071,Male,Yes,5,0
255,334,2,B,Public,86039,Male,Yes,9,0
256,321,4,B,Private,39064,Male,No,6,0
257,549,9,B+,Public,59066,Female,Yes,5,1
258,500,1,C-,Private,67585,Female,No,7,1
259,559,6,C-,Private,47869,Female,No,1,1
260,514,1,C-,Public,72372,Male,Yes,6,0
261,250,7,C+,Private,99687,Female,No,6,1
262,469,6,F,Private,94919,Male,No,0,0
263,328,4,C+,Private,28416,Male,Yes,8,0
264,565,7,B-,Public,56088,Male,Yes,7,0
265,324,6,C+,Private,34554,Female,Yes,0,0
266,286,3,B,Private,46279,Male,Yes,3,0
267,496,4,D,Public,88248,Female,Yes,8,0
268,385,5,B-,Public,42557,Female,Yes,0,0
269,465,1,A,Public,69079,Male,No,7,0
270,201,8,C+,Public,84633,Male,Yes,9,0
271,413,5,A-,Private,27845,Male,No,4,1
272,285,8,C+,Public,71095,Male,No,3,0
273,503,1,D,Private,94827,Male,No,6,1
274,231,8,B-,Private,40474,Female,Yes,1,0
275,507,4,D,Private,47911,Male,Yes,4,0
276,500,9,B-,Public,75800,Male,No,9,0
277,482,9,B,Public,66165,Male,Yes,1,0
278,503,3,D,Private,22207,Male,Yes,7,0
279,493,7,B,Private,44850,Male,No,8,1
280,307,9,D,Private,37068,Female,No,5,1
281,428,4,B+,Public,33969,Male,Yes,1,1
282,475,3,C,Private,85796,Female,Yes,1,0
283,555,1,F,Private,23845,Female,No,8,1
284,308,3,A,Private,98546,Male,No,1,0
285,221,8,C,Private,67608,Male,No,5,1
286,288,3,F,Public,73140,Male,No,0,0
287,490,7,A,Private,72114,Male,Yes,5,1
288,224,3,B-,Private,39124,Male,Yes,2,0
289,534,6,B+,Public,79654,Male,Yes,8,1
290,515,3,B-,Private,97382,Female,Yes,2,0
291,520,9,B+,Public,49901,Male,Yes,8,1
292,402,4,C,Public,31428,Female,Yes,4,0
293,226,9,C,Private,36024,Female,No,8,1
294,513,5,B-,Public,78225,Female,No,8,1
295,450,3,C,Public,90361,Male,No,2,0
296,285,1,B,Public,31401,Male,Yes,2,0
297,472,1,F,Public,59589,Female,No,3,1
298,294,9,A,Private,81194,Female,Yes,5,1
299,569,6,B,Public,27785,Male,No,4,0
300,535,3,C+,Public,48186,Female,Yes,7,0
301,442,6,B-,Private,72121,Female,Yes,3,0
302,399,7,A-,Public,40937,Male,No,8,0
303,291,9,C,Private,78284,Female,No,0,1
304,369,8,D,Private,51999,Male,Yes,2,0
305,510,2,C-,Public,94389,Female,Yes,4,0
306,268,8,A,Private,42011,Male,Yes,3,0
307,425,6,C+,Private,79560,Male,No,4,0
308,378,2,D,Public,96422,Male,Yes,4,0
309,338,3,C,Private,28158,Female,Yes,3,0
310,529,8,B+,Public,35523,Male,No,8,1
311,432,6,C-,Private,24965,Female,Yes,8,0
312,231,2,B-,Public,59938,Female,Yes,3,0
313,569,4,A-,Public,50234,Male,Yes,2,1
314,442,5,A,Private,79411,Female,No,4,1
315,432,9,B,Public,41403,Female,Yes,1,0
316,459,1,C-,Private,28783,Female,Yes,2,0
317,518,6,B,Private,73577,Male,Yes,7,1
318,242,9,C-,Private,55078,Male,Yes,8,1
319,405,5,D,Private,20040,Male,No,1,0
320,469,1,F,Public,45187,Male,No,6,0
321,575,8,A-,Private,34361,Male,Yes,4,1
322,419,9,B+,Public,66353,Male,Yes,0,1
323,426,9,A-,Private,56016,Female,No,4,1
324,375,5,B+,Public,87352,Female,No,7,1
325,306,2,B-,Private,41128,Male,No,2,0
326,576,3,C,Public,43188,Female,Yes,7,0
327,229,1,B,Private,44529,Male,No,9,1
328,412,7,A,Public,40180,Female,Yes,8,1
329,236,4,A,Private,21329,Male,Yes,9,0
330,576,2,C-,Public,32871,Male,Yes,5,0
331,566,6,B,Private,82078,Female,Yes,5,1
332,248,8,C-,Private,57892,Female,Yes,6,1
333,558,7,B+,Private,29404,Female,Yes,3,1
334,307,5,A-,Private,93089,Male,Yes,0,0
335,585,1,F,Public,58563,Female,No,6,1
336,494,7,D,Public,24543,Male,Yes,5,0
337,297,5,B,Private,32187,Female,Yes,3,0
338,317,9,B+,Public,72857,Female,No,0,1
339,238,7,D,Private,23241,Male,Yes,3,0
340,493,4,A,Public,30525,Male,Yes,8,1
341,464,4,A,Private,26469,Male,No,3,1
342,542,3,B,Public,60154,Male,Yes,7,0
343,449,9,C-,Public,24363,Male,No,4,0
344,260,1,A,Public,68803,Male,Yes,7,0
345,379,4,B,Public,26686,Male,Yes,1,0
346,505,6,C+,Private,91841,Female,No,5,1
347,229,5,C+,Private,52149,Female,Yes,1,0
348,518,6,F,Private,21053,Female,Yes,3,0
349,557,9,C,Public,43506,Female,No,3,1
350,215,5,B,Public,36102,Female,No,3,1
351,214,1,B+,Public,93732,Male,No,1,0
352,571,8,B,Public,96099,Male,Yes,0,0
353,272,7,C,Public,24341,Male,Yes,8,0
354,322,5,C+,Public,68724,Male,Yes,4,0
355,475,8,C,Public,89628,Male,No,9,0
356,558,2,D,Private,61942,Female,No,5,1
357,270,4,B,Public,72665,Female,Yes,4,0
358,341,6,D,Public,95948,Male,Yes,9,0
359,322,6,A-,Private,50548,Male,Yes,4,0
360,296,4,C-,Private,82310,Male,Yes,8,1
361,582,2,F,Private,41114,Male,Yes,9,1
362,505,3,A-,Private,42729,Female,Yes,8,1
363,365,9,D,Private,36588,Male,No,7,0
364,526,7,F,Public,26907,Female,No,2,1
365,439,5,B,Public,78358,Male,Yes,2,0
366,498,3,B,Private,40299,Male,Yes,9,1
367,465,3,A-,Public,26633,Male,No,3,0
368,462,6,F,Private,66724,Male,No,0,0
369,404,4,F,Public,67739,Female,Yes,2,0
370,494,6,F,Private,70546,Female,Yes,3,0
371,586,2,A,Private,22660,Male,No,5,0
372,235,5,C,Private,68307,Male,No,7,1
373,445,1,C-,Public,76962,Male,Yes,1,0
374,474,3,C+,Public,81972,Male,Yes,7,0
375,501,9,B-,Private,77597,Female,Yes,5,1
376,584,2,C+,Private,44744,Female,Yes,7,1
377,246,1,A-,Public,68414,Male,Yes,0,0
378,333,9,A-,Public,98949,Female,Yes,8,0
379,417,7,C,Private,28817,Female,Yes,5,0
380,585,5,C+,Private,62198,Male,No,6,1
381,343,9,C-,Private,41693,Female,Yes,7,1
382,464,5,F,Private,25387,Female,No,4,1
383,231,1,C+,Public,21095,Male,No,8,0
384,260,1,C,Private,43257,Female,Yes,4,0
385,519,1,C-,Private,58701,Female,Yes,7,1
386,319,2,B,Private,79166,Male,Yes,2,0
387,563,8,C+,Public,99720,Male,Yes,4,0
388,207,5,F,Private,78538,Female,Yes,3,0
389,518,9,B,Private,37780,Male,Yes,5,0
390,378,6,F,Private,42474,Male,No,9,1
391,400,1,A,Private,97786,Female,No,8,1
392,427,7,B+,Private,21564,Female,Yes,2,1
393,371,6,B-,Public,59935,Female,Yes,0,0
394,414,2,F,Private,84923,Male,No,9,1
395,522,8,D,Private,23608,Male,No,8,0
396,445,3,D,Private,28464,Female,No,0,1
397,545,3,B,Private,50151,Male,Yes,4,0
398,372,9,C+,Public,35610,Female,No,5,1
399,430,2,C+,Private,79507,Male,Yes,7,1
400,311,1,A-,Public,45338,Male,No,9,0
401,451,4,C+,Private,86902,Male,No,2,0
402,305,9,C-,Public,65018,Male,Yes,8,0
403,360,5,C,Public,70818,Male,No,6,0
404,452,6,A,Private,46491,Male,No,3,1
405,291,3,F,Public,84587,Male,Yes,7,0
406,233,4,C+,Private,58874,Male,Yes,4,0
407,309,7,B-,Private,23358,Female,Yes,3,0
408,533,7,C,Private,99323,Male,No,9,1
409,368,7,F,Public,32849,Female,Yes,8,0
410,241,9,D,Public,55695,Male,Yes,3,0
411,341,6,F,Private,43617,Male,Yes,0,0
412,426,1,C+,Private,88092,Male,No,5,1
413,432,2,B-,Public,21756,Male,Yes,1,0
414,486,9,C+,Public,43325,Male,No,0,0
415,593,1,C,Private,88279,Male,Yes,2,0
416,468,4,B+,Public,35070,Male,No,1,1
417,379,9,B-,Public,69336,Female,Yes,4,0
418,465,8,F,Private,28912,Female,No,2,1
419,228,3,B,Public,88703,Male,Yes,7,0
420,343,9,C,Public,71119,Male,Yes,4,0
421,303,9,B-,Public,58358,Male,No,7,0
422,364,1,B+,Public,25151,Female,Yes,6,0
423,465,2,D,Private,69481,Male,Yes,4,0
424,539,7,A,Public,40148,Male,Yes,1,1
425,391,2,F,Public,47926,Female,Yes,8,0
426,353,6,B+,Public,20277,Female,Yes,7,0
427,227,8,C+,Public,69424,Female,No,0,1
428,390,5,B,Public,49080,Male,Yes,1,0
429,269,5,C-,Private,70331,Female,Yes,8,1
430,476,3,B+,Public,41679,Male,Yes,2,0
431,560,6,B,Private,67706,Male,Yes,7,1
432,269,3,B,Private,69136,Male,Yes,6,1
433,376,2,B+,Public,62184,Male,No,1,0
434,534,9,F,Public,25801,Female,No,0,1
435,252,7,C,Public,70095,Female,No,1,1
436,560,6,C-,Private,98233,Female,No,6,1
437,529,2,D,Private,91794,Male,Yes,7,1
438,512,7,D,Private,76933,Male,No,0,0
439,410,2,B+,Public,76921,Female,No,6,1
440,452,9,A,Public,46415,Male,No,1,1
441,350,2,B+,Private,29797,Female,No,4,1
442,504,2,C,Private,39201,Female,Yes,0,0
443,572,3,A,Public,68873,Male,Yes,9,0
444,545,6,D,Private,46184,Male,No,0,0
445,538,7,B-,Public,74686,Male,No,6,0
446,412,4,B,Private,37457,Male,No,7,0
447,393,2,C,Public,66445,Female,Yes,2,0
448,443,2,B+,Public,90715,Female,Yes,3,0
449,326,8,C-,Public,66794,Male,No,6,0
450,288,9,A-,Private,24919,Male,No,6,0
451,535,6,A,Private,59074,Female,No,4,1
452,478,2,F,Private,53335,Male,No,7,1
453,323,1,C-,Private,33174,Male,Yes,3,0
454,320,9,C-,Public,70048,Male,Yes,0,0
455,507,3,C+,Private,86244,Female,Yes,1,0
456,458,4,F,Private,88878,Male,Yes,7,1
457,523,9,A-,Private,64024,Female,No,7,1
458,316,1,B,Public,29890,Male,Yes,3,0
459,359,6,C,Public,79555,Female,No,0,1
460,440,4,C-,Public,81647,Female,Yes,5,0
461,561,1,C+,Private,58386,Female,Yes,6,1
462,425,6,C+,Private,92304,Male,No,3,0
463,485,1,B+,Public,72763,Female,Yes,4,0
464,255,8,D,Private,68819,Female,No,1,1
465,380,1,C+,Public,29860,Female,No,6,1
466,481,8,C-,Public,47876,Female,No,6,1
467,502,2,C,Private,74991,Male,Yes,3,0
468,494,3,F,Private,20747,Female,Yes,1,0
469,305,6,B-,Private,86107,Male,No,0,0
470,576,2,A,Public,58496,Female,No,8,1
471,379,4,A-,Private,93045,Female,No,8,1
472,271,1,B,Public,65135,Female,No,7,1
473,273,5,C-,Public,80956,Female,Yes,1,0
474,226,1,B-,Private,80918,Female,No,5,1
475,422,3,C,Public,57255,Female,Yes,1,0
476,265,3,B,Public,94688,Female,No,4,1
477,438,6,D,Public,21818,Male,Yes,2,0
478,287,5,C+,Public,80884,Female,Yes,5,0
479,369,6,B-,Private,88786,Male,No,5,1
480,583,1,C,Public,90951,Male,No,3,0
481,453,7,C-,Public,34203,Male,No,0,0
482,344,3,F,Public,68649,Female,No,7,1
483,324,2,C+,Private,30180,Female,No,7,1
484,534,3,A-,Private,79458,Male,No,9,1
485,585,8,C+,Private,25779,Female,No,7,1
486,416,9,F,Public,20398,Male,Yes,8,0
487,389,4,F,Public,31119,Male,Yes,9,0
488,208,6,D,Private,89423,Female,Yes,2,0
489,380,4,B-,Public,93003,Female,Yes,0,0
490,371,1,D,Public,52281,Female,No,6,1
491,452,4,C+,Private,35608,Female,No,9,1
492,573,4,B+,Public,22273,Female,No,5,1
493,497,4,B+,Public,43337,Male,Yes,7,1
494,266,5,C+,Private,65760,Male,No,1,0
495,510,1,B,Private,44209,Male,No,7,1
496,203,8,C,Public,92900,Male,No,7,0
497,234,3,B+,Private,69631,Female,No,6,1
498,305,3,F,Public,89504,Female,No,9,1
499,273,2,B-,Private,79576,Male,No,8,1
500,596,1,B,Public,68844,Male,Yes,4,0
501,534,9,C,Public,76118,Female,No,1,1
502,377,7,A,Private,67000,Female,Yes,0,0
503,226,8,B-,Public,77349,Male,Yes,9,0
504,204,4,B-,Public,38068,Female,No,3,1
505,240,7,D,Private,38054,Female,Yes,1,0
506,414,7,C,Private,75505,Male,No,4,0
507,509,7,B-,Public,43393,Female,Yes,3,0
508,436,5,C+,Private,32923,Male,Yes,8,0
509,468,4,B+,Private,89350,Female,No,8,1
510,488,1,A,Private,77423,Female,No,5,1
511,531,6,A-,Public,98756,Male,No,7,1
512,330,9,D,Private,21940,Female,No,6,1
513,462,8,B,Private,88010,Female,Yes,5,1
514,350,2,F,Private,39018,Male,No,1,0
515,351,3,A-,Public,41994,Female,Yes,9,0
516,522,1,C,Public,77170,Male,Yes,4,0
517,321,8,B+,Private,85342,Female,No,9,1
518,205,3,B+,Public,43621,Female,No,9,1
519,334,1,B+,Private,28361,Male,Yes,6,0
520,378,7,C,Public,28827,Female,No,3,1
521,421,3,C,Private,61617,Male,No,0,0
522,257,4,A-,Private,54006,Male,No,6,1
523,429,5,A-,Public,71761,Female,No,6,1
524,454,5,A,Public,37892,Male,Yes,8,1
525,213,9,C,Public,24574,Female,No,3,1
526,474,5,F,Public,40402,Male,No,5,0
527,326,9,F,Public,83064,Female,Yes,4,0
528,316,3,B-,Private,84654,Male,Yes,7,1
529,453,3,B+,Private,36137,Male,No,4,0
530,546,2,C-,Public,51897,Male,Yes,0,0
531,590,9,F,Public,56743,Female,No,9,1
532,393,6,D,Private,55481,Male,Yes,6,1
533,311,3,C,Public,98478,Male,Yes,3,0
534,511,3,B-,Private,71670,Female,Yes,1,0
535,571,5,B,Private,71650,Male,Yes,3,0
536,299,5,F,Private,26504,Male,Yes,8,0
537,554,2,A-,Private,52088,Male,No,2,0
538,399,9,B-,Private,60599,Male,Yes,8,1
539,241,9,A,Private,69827,Male,No,8,1
540,458,7,D,Private,27688,Male,Yes,3,0
541,561,8,D,Public,89673,Male,No,1,0
542,268,4,F,Public,74744,Male,No,5,0
543,465,8,C,Private,33103,Female,Yes,6,0
544,565,2,B+,Public,99264,Female,Yes,4,0
545,548,4,B,Public,88209,Male,Yes,0,0
546,290,2,A,Public,35626,Male,No,9,0
547,266,3,C+,Private,58846,Male,Yes,9,1
548,281,6,D,Private,27867,Male,Yes,9,0
549,572,3,D,Private,39589,Female,Yes,0,0
550,420,5,D,Private,33014,Female,Yes,8,0
551,341,8,B-,Public,65916,Female,Yes,9,0
552,313,5,F,Public,24750,Male,No,0,0
553,361,3,B,Public,38249,Male,No,0,0
554,321,6,C,Private,93936,Male,No,5,1
555,528,2,A-,Public,33647,Male,Yes,7,0
556,276,7,F,Public,53885,Female,Yes,9,0
557,540,3,B+,Private,71757,Female,No,3,1
558,331,8,C-,Public,46039,Male,Yes,1,0
559,275,4,A,Public,77884,Female,Yes,2,0
560,416,1,F,Private,24295,Male,No,4,0
561,276,1,C,Private,33516,Male,No,7,0
562,358,1,C-,Private,54283,Female,Yes,2,0
563,294,3,A-,Private,93127,Female,No,0,1
564,467,6,A-,Private,36726,Female,No,4,1
565,211,3,F,Public,80424,Female,No,8,1
566,456,6,A-,Public,42706,Male,Yes,5,1
567,547,4,A,Public,99368,Female,Yes,6,1
568,309,7,A,Private,86942,Female,No,0,1
569,366,1,B-,Private,90062,Female,Yes,6,1
570,322,2,C,Public,86692,Male,No,2,0
571,451,5,B-,Private,37945,Female,No,3,1
572,530,1,C+,Private,42598,Male,No,8,1
573,445,8,B-,Private,83062,Male,No,3,0
574,291,9,C,Public,79471,Male,No,8,0
575,405,3,D,Private,40457,Male,Yes,2,0
576,351,5,B-,Public,37444,Male,Yes,5,0
577,209,4,C,Private,28726,Female,Yes,2,0
578,328,7,F,Private,63127,Female,Yes,2,0
579,286,5,C+,Private,64543,Female,Yes,5,1
580,339,4,B,Public,96673,Female,No,7,1
581,552,5,B,Private,48977,Female,No,7,1
582,444,9,C-,Private,37413,Female,No,1,1
583,377,8,A,Private,25543,Female,No,5,1
584,500,4,A-,Public,75328,Male,No,2,1
585,366,4,F,Private,54566,Male,Yes,4,0
586,377,3,C-,Public,92843,Male,No,9,0
587,483,8,B+,Public,21997,Female,No,4,1
588,492,3,F,Public,89452,Female,Yes,9,0
589,456,6,C+,Private,20438,Female,Yes,4,0
590,242,1,B,Public,79345,Male,Yes,7,0
591,221,6,C-,Public,95883,Female,Yes,0,0
592,282,1,B+,Public,64284,Male,Yes,1,0
593,494,9,A-,Public,25788,Male,No,8,1
594,413,1,D,Private,61336,Female,No,9,1
595,386,6,C+,Public,39513,Male,No,3,0
596,549,8,B+,Private,20159,Female,No,8,1
597,481,4,B-,Public,97351,Female,Yes,8,0
598,484,1,D,Public,48712,Male,Yes,4,0
599,350,4,C-,Public,85665,Male,Yes,4,0
600,353,7,A-,Private,36509,Male,No,0,0
601,236,3,C-,Private,60640,Female,No,7,1
602,408,4,A,Private,32937,Female,No,1,1
603,388,5,B,Public,29264,Female,Yes,7,0
604,267,9,B+,Private,75383,Male,No,3,0
605,349,4,B-,Public,34695,Female,Yes,7,0
606,275,7,B,Public,67398,Male,Yes,0,0
607,514,5,F,Private,93188,Female,No,1,1
608,554,6,B-,Public,70417,Male,Yes,3,0
609,538,1,F,Private,33313,Male,Yes,3,0
610,489,3,A-,Public,91964,Female,No,4,1
611,485,8,B+,Private,54582,Female,Yes,6,1
612,293,2,F,Private,82169,Male,Yes,5,1
613,297,7,C,Private,85008,Female,No,7,1
614,532,4,C+,Public,94840,Female,No,9,1
615,402,7,A-,Private,97899,Female,No,6,1
616,397,6,C-,Private,61505,Female,Yes,5,1
617,519,3,C-,Public,62240,Male,Yes,6,0
618,413,4,C-,Public,97464,Male,No,9,0
619,495,3,C+,Private,37377,Male,Yes,3,0
620,312,2,B-,Public,61841,Female,No,4,1
621,362,2,B+,Public,75468,Female,Yes,1,0
622,223,6,B+,Public,65656,Male,Yes,6,0
623,401,5,B-,Private,45885,Male,No,7,1
624,524,1,C,Private,86625,Male,Yes,0,0
625,302,9,B,Private,38671,Female,No,1,1
626,569,2,C+,Private,30230,Male,No,2,0
627,444,7,A-,Private,49297,Female,No,9,1
628,448,9,B-,Public,69284,Female,Yes,5,0
629,538,5,B+,Private,63514,Female,No,5,1
630,298,1,B+,Public,66258,Male,No,2,0
631,284,2,C,Public,48123,Female,Yes,5,0
632,398,5,B-,Private,94652,Male,No,6,1
633,573,9,A-,Private,96884,Male,No,5,1
634,471,4,C+,Private,32968,Female,No,9,1
635,433,4,D,Private,30049,Female,No,9,1
636,335,9,A,Private,42357,Male,No,4,0
637,426,8,A-,Private,97993,Female,Yes,3,1
638,265,1,A-,Public,54315,Female,Yes,0,0
639,514,9,B-,Public,63467,Female,Yes,5,0
640,518,2,F,Private,26665,Female,Yes,6,0
641,474,2,C,Public,60279,Female,No,4,1
642,279,1,F,Private,51203,Female,Yes,8,1
643,391,2,F,Public,52939,Male,Yes,7,0
644,366,3,B-,Private,79495,Male,No,9,1
645,519,9,B+,Public,32348,Female,Yes,0,1
646,570,1,F,Private,35151,Male,Yes,5,0
647,281,9,A-,Public,65250,Female,No,3,1
648,223,8,C,Public,46289,Male,Yes,9,0
649,231,6,B+,Private,70382,Female,Yes,1,0
650,515,3,B,Private,97125,Male,Yes,0,0
651,545,7,B+,Public,60881,Female,No,9,1
652,264,4,B+,Public,70369,Female,No,9,1
653,578,2,C+,Public,60307,Male,No,1,0
654,292,1,D,Private,26024,Male,No,8,0
655,514,2,F,Private,43857,Female,Yes,8,1
656,516,7,B+,Public,73189,Female,No,7,1
657,399,4,B+,Private,34992,Female,Yes,3,0
658,508,7,F,Public,96217,Male,Yes,0,0
659,274,1,C-,Private,92255,Female,No,1,1
660,395,6,B-,Private,46470,Female,Yes,8,1
661,268,5,B-,Public,48756,Female,No,5,1
662,587,1,A-,Public,97912,Female,No,6,1
663,586,2,B+,Public,69738,Female,Yes,5,0
664,519,3,C,Public,70412,Male,Yes,7,0
665,411,2,B,Public,96297,Male,No,9,0
666,354,1,A-,Public,95670,Female,No,9,1
667,258,6,A,Private,32807,Male,No,1,0
668,422,8,B+,Private,35858,Male,No,6,1
669,395,5,C+,Private,77852,Male,No,5,1
670,294,1,C,Public,35806,Male,No,9,0
671,544,3,B+,Public,46290,Male,No,5,0
672,480,1,D,Private,56981,Female,Yes,7,1
673,542,4,B-,Private,52406,Male,Yes,9,1
674,262,8,B-,Private,24596,Female,No,3,1
675,495,5,C,Public,44481,Female,Yes,6,0
676,521,6,D,Public,53993,Male,Yes,8,0
677,565,4,A-,Private,27794,Female,No,9,1
678,267,8,B+,Private,21146,Female,Yes,2,0
679,463,2,A-,Private,62686,Male,No,4,0
680,270,8,B+,Private,20146,Female,Yes,9,0
681,584,1,B+,Private,42301,Female,No,0,1
682,574,9,B+,Private,87102,Female,No,5,1
683,409,8,B-,Private,34693,Male,Yes,3,0
684,523,8,B,Private,57565,Male,No,3,0
685,456,3,B+,Private,40645,Female,Yes,0,0
686,380,1,C,Private,81933,Female,Yes,2,0
687,320,1,D,Public,42749,Male,No,0,0
688,235,2,D,Private,48781,Male,No,7,1
689,436,3,C,Public,42610,Female,Yes,5,0
690,436,1,F,Private,61198,Male,No,4,0
691,263,4,C+,Private,29459,Female,Yes,2,0
692,304,8,D,Public,88789,Female,Yes,0,0
693,347,3,A-,Public,71059,Female,Yes,3,0
694,526,4,B,Private,97440,Male,Yes,4,0
695,302,5,C,Public,82091,Male,No,0,0
696,366,3,C+,Private,23908,Male,Yes,1,0
697,540,4,A,Private,40643,Female,No,4,1
698,236,4,A-,Public,65934,Female,Yes,6,0
699,510,3,A,Public,46896,Male,Yes,3,0
700,449,1,C-,Public,61951,Male,No,6,0
701,260,6,C+,Public,57725,Male,Yes,7,0
702,448,3,C+,Private,83404,Female,Yes,0,0
703,575,7,C-,Private,62019,Female,Yes,4,0
704,277,8,A-,Public,73577,Female,No,1,1
705,498,3,C+,Public,67895,Male,Yes,7,0
706,519,1,A-,Private,27797,Male,Yes,3,0
707,253,8,C,Public,30797,Female,No,5,1
708,337,7,A,Private,67679,Male,Yes,8,1
709,211,3,C-,Private,52550,Male,No,3,0
710,284,5,D,Public,64674,Female,Yes,6,0
711,307,8,A,Private,99303,Female,No,6,1
712,553,9,B+,Private,25532,Female,Yes,4,1
713,502,7,F,Public,79926,Female,No,4,1
714,351,5,A,Private,53671,Female,Yes,4,0
715,396,3,F,Public,87579,Female,No,6,1
716,438,3,B+,Private,50962,Male,Yes,9,1
717,338,9,C,Private,39836,Male,No,9,0
718,223,8,C-,Public,49019,Female,Yes,9,0
719,287,2,D,Private,43261,Female,Yes,5,1
720,384,4,F,Public,53201,Male,Yes,5,0
721,514,5,B,Public,80065,Female,Yes,3,0
722,312,4,F,Public,73260,Male,Yes,9,0
723,239,5,C-,Public,91766,Male,Yes,0,0
724,228,2,C+,Private,21123,Female,No,7,1
725,270,6,C-,Public,36611,Female,No,6,1
726,315,4,A,Public,95912,Male,No,6,0
727,201,5,F,Private,28654,Male,No,2,0
728,349,4,B-,Private,70471,Male,No,3,0
729,287,5,A,Private,39172,Female,No,1,1
730,404,7,A,Public,70429,Female,Yes,7,1
731,407,4,F,Public,22965,Male,No,5,0
732,531,5,B-,Public,86868,Female,No,1,1
733,481,5,D,Public,57357,Female,Yes,0,0
734,300,4,D,Public,36214,Male,Yes,7,0
735,592,2,C-,Private,84094,Male,No,2,0
736,227,5,C+,Private,25792,Male,No,8,0
737,564,7,B,Public,24761,Female,Yes,7,0
738,405,6,F,Public,42276,Male,No,5,0
739,268,4,C+,Public,50284,Female,Yes,4,0
740,514,1,A-,Private,78724,Female,Yes,7,1
741,545,3,B-,Public,98330,Female,No,2,1
742,395,8,C+,Private,21562,Male,Yes,3,0
743,514,9,B+,Public,89117,Male,Yes,8,1
744,321,4,C-,Public,77221,Female,Yes,1,0
745,552,8,B,Private,62916,Female,No,2,1
746,465,3,A-,Public,99903,Male,No,0,0
747,504,6,A-,Public,81337,Male,Yes,1,1
748,254,1,B-,Public,34273,Male,No,5,0
749,335,5,F,Private,46841,Male,Yes,1,0
750,351,7,C+,Private,20332,Male,No,0,0
751,565,5,A,Private,78072,Female,No,4,1
752,590,2,C-,Private,47959,Male,Yes,4,0
753,406,1,C,Public,51199,Male,Yes,6,0
754,274,9,D,Private,92764,Male,No,3,0
755,421,6,F,Public,81618,Male,Yes,2,0
756,256,3,B-,Public,36146,Male,Yes,1,0
757,585,4,B,Public,75263,Male,No,7,0
758,273,6,B+,Private,41305,Female,Yes,4,0
759,251,7,A-,Private,96580,Male,No,1,0
760,458,3,C-,Private,80321,Female,Yes,5,1
761,222,8,C-,Private,63955,Male,Yes,7,1
762,207,2,A,Public,48877,Male,Yes,6,0
763,214,9,A,Private,35046,Male,Yes,6,0
764,499,3,B-,Public,73993,Male,Yes,5,0
765,286,3,A,Private,77469,Female,No,3,1
766,241,4,C+,Private,39370,Female,No,7,1
767,500,9,C-,Public,89946,Female,Yes,0,0
768,339,1,C+,Public,57040,Female,No,9,1
769,532,5,D,Public,27518,Female,Yes,0,0
770,356,1,D,Private,87872,Female,No,0,1
771,316,2,C-,Private,83341,Female,No,4,1
772,286,3,C-,Private,88635,Male,Yes,0,0
773,272,5,C+,Public,38888,Male,Yes,6,0
774,387,8,B+,Private,87202,Female,Yes,2,0
775,480,1,D,Public,74846,Female,Yes,3,0
776,207,7,F,Private,89272,Male,Yes,0,0
777,358,7,C,Private,26865,Female,No,1,1
778,509,2,B-,Public,45280,Male,No,4,0
779,351,9,C+,Public,50093,Male,Yes,6,0
780,452,4,B+,Public,40606,Male,Yes,3,1
781,494,9,B+,Private,70742,Male,Yes,4,1
782,596,5,C,Private,83373,Male,No,7,1
783,501,5,C+,Public,30198,Female,No,0,1
784,266,3,C+,Private,72991,Female,Yes,3,0
785,358,7,A-,Public,25906,Female,Yes,3,0
786,369,3,C+,Public,74636,Male,Yes,3,0
787,458,7,C+,Public,65532,Female,No,9,1
788,400,8,B-,Public,93054,Female,No,3,1
789,261,7,D,Private,39339,Male,Yes,7,0
790,292,9,F,Public,45806,Female,No,8,1
791,314,4,B-,Private,80697,Female,No,5,1
792,522,8,A,Public,71764,Male,Yes,6,1
793,525,9,B+,Private,89975,Female,No,8,1
794,398,5,A-,Private,31214,Female,Yes,9,0
795,411,5,D,Private,29117,Female,Yes,1,0
796,474,6,C,Public,73103,Female,No,7,1
797,524,3,A,Private,48862,Male,No,2,0
798,528,1,A-,Private,65930,Female,Yes,5,1
799,523,2,A-,Public,86223,Female,No,9,1
800,503,3,B+,Private,53486,Male,Yes,8,1
801,361,9,A,Public,66145,Male,Yes,3,0
802,470,7,C+,Private,86150,Male,Yes,1,0
803,502,1,A,Public,44066,Male,No,0,0
804,382,6,A,Private,23857,Male,Yes,3,0
805,403,6,D,Public,49387,Female,No,0,1
806,457,1,F,Public,26816,Female,Yes,4,0
807,342,5,B,Public,61991,Male,No,3,0
808,448,6,C-,Public,22746,Male,Yes,3,0
809,448,5,A,Private,86091,Female,No,1,1
810,324,9,D,Private,39145,Female,No,1,1
811,485,2,A-,Public,82869,Female,No,1,1
812,325,7,A-,Public,31338,Female,No,1,1
813,221,5,B+,Private,62292,Male,Yes,2,0
814,416,8,A-,Public,98589,Female,Yes,3,1
815,204,6,A-,Private,32700,Female,Yes,4,0
816,495,1,B-,Public,46653,Male,No,8,0
817,420,9,B+,Public,87326,Female,No,4,1
818,364,8,A-,Private,57297,Male,No,0,0
819,406,9,C,Public,61883,Male,Yes,9,0
820,544,9,C,Private,72913,Male,Yes,0,0
821,359,7,B,Private,81411,Female,Yes,6,1
822,553,4,C+,Public,35000,Female,No,0,1
823,295,2,B+,Private,51823,Female,Yes,3,0
824,528,9,B,Public,45317,Male,No,5,0
825,205,8,F,Private,95566,Female,No,2,1
826,458,6,C+,Public,46954,Female,Yes,5,0
827,526,6,B-,Public,22248,Male,No,2,0
828,253,4,F,Private,77471,Male,Yes,6,1
829,309,8,A,Private,77347,Female,Yes,1,0
830,537,7,C-,Public,45323,Female,No,4,1
831,333,2,B+,Public,47072,Female,Yes,9,0
832,201,2,C,Public,83369,Female,No,0,1
833,297,7,F,Private,21533,Female,No,1,1
834,517,5,C+,Public,24517,Female,No,8,1
835,259,2,C+,Private,72715,Male,No,1,0
836,541,5,B-,Private,73948,Female,Yes,4,0
837,419,5,B,Private,96162,Male,Yes,2,0
838,329,9,C-,Private,56705,Male,No,4,0
839,559,6,B+,Private,42318,Male,No,7,1
840,414,9,A-,Private,26160,Male,Yes,1,1
841,381,7,D,Private,35744,Female,No,3,1
842,545,3,B-,Public,53921,Female,No,6,1
843,596,9,B,Private,60369,Male,No,4,0
844,315,9,C+,Private,94267,Male,No,3,0
845,231,3,C-,Private,61859,Female,No,4,1
846,541,3,B,Private,56332,Female,Yes,6,1
847,269,8,C+,Public,99523,Male,Yes,4,0
848,212,6,C-,Public,37343,Female,No,1,1
849,433,4,F,Private,52943,Female,No,7,1
850,255,4,C,Public,86688,Male,No,7,0
851,339,2,F,Public,92355,Male,Yes,4,0
852,565,5,F,Public,97404,Female,No,3,1
853,501,5,C,Private,70644,Male,Yes,5,1
854,238,7,C+,Public,80393,Female,Yes,1,0
855,383,2,A-,Public,89647,Female,Yes,6,0
856,423,6,F,Private,75780,Female,Yes,6,1
857,234,7,B-,Public,43926,Female,No,0,1
858,279,8,D,Private,47878,Male,Yes,4,0
859,256,6,C,Public,78493,Female,No,4,1
860,368,2,B,Private,62449,Male,No,9,1
861,453,3,B-,Private,53805,Female,No,8,1
862,552,8,A-,Public,50472,Male,No,7,1
863,206,1,B-,Private,44484,Male,No,0,0
864,528,8,A-,Private,27318,Female,No,1,1
865,405,4,B-,Private,88699,Female,No,4,1
866,273,8,D,Private,31469,Male,No,2,0
867,397,3,A,Private,21740,Male,Yes,2,0
868,503,8,A,Public,89330,Female,Yes,3,1
869,384,3,A-,Private,87146,Male,Yes,5,1
870,272,3,A,Public,25236,Female,Yes,1,0
871,453,5,B,Public,85727,Male,Yes,2,0
872,493,7,C-,Private,58690,Male,Yes,6,1
873,510,9,C+,Public,29091,Female,Yes,8,0
874,211,3,C-,Public,26543,Male,Yes,4,0
875,507,8,A-,Public,74587,Female,Yes,1,1
876,371,2,B,Private,65641,Female,No,2,1
877,409,7,D,Private,62281,Female,Yes,4,0
878,320,6,B-,Private,23192,Male,Yes,4,0
879,509,4,C,Public,74970,Female,Yes,3,0
880,317,8,F,Public,85288,Male,Yes,5,0
881,273,3,B,Public,35078,Female,Yes,9,0
882,380,3,F,Private,26791,Male,No,5,0
883,367,9,B+,Public,34250,Male,No,1,0
884,215,8,A-,Public,74024,Male,No,9,0
885,307,8,D,Public,25366,Male,Yes,1,0
886,529,1,A-,Public,20761,Male,Yes,2,0
887,527,7,B+,Private,77420,Female,Yes,3,1
888,398,6,F,Public,21224,Female,Yes,4,0
889,595,2,C,Public,73682,Male,No,6,0
890,585,9,C,Public,23858,Male,No,5,0
891,445,9,D,Private,31531,Male,No,8,0
892,353,3,A,Private,45362,Female,Yes,2,0
893,347,8,D,Private,79816,Male,Yes,5,1
894,523,4,B+,Private,43546,Female,Yes,3,1
895,456,7,F,Private,93430,Female,No,5,1
896,528,4,A-,Public,98034,Female,Yes,0,1
897,560,5,B-,Private,30091,Male,No,2,0
898,335,4,A-,Private,89051,Male,No,5,1
899,257,9,C+,Private,65997,Female,Yes,0,0
900,394,3,A-,Private,78910,Male,Yes,7,1
901,528,7,D,Private,87092,Male,No,3,0
902,418,7,B+,Public,69289,Male,No,5,1
903,320,6,F,Public,87130,Male,No,4,0
904,261,7,A-,Private,48104,Female,No,0,1
905,430,6,B-,Private,76509,Female,No,2,1
906,592,1,B-,Public,57147,Female,Yes,8,0
907,472,8,B,Public,42608,Female,Yes,3,0
908,293,6,D,Public,39273,Female,No,7,1
909,405,3,C+,Public,98363,Male,No,1,0
910,405,3,B,Private,22016,Female,Yes,9,0
911,221,3,F,Public,30920,Male,Yes,9,0
912,503,9,B+,Private,71184,Female,No,2,1
913,473,2,A,Private,83307,Male,Yes,4,0
914,349,1,C,Public,48185,Female,Yes,9,0
915,302,6,F,Public,26067,Male,No,0,0
916,327,2,B+,Private,65352,Male,No,6,1
917,412,5,F,Private,51103,Female,No,7,1
918,253,1,B,Public,94393,Female,No,8,1
919,465,8,D,Public,95230,Female,No,1,1
920,293,8,A,Public,93643,Male,No,7,0
921,504,2,A-,Public,58490,Female,No,2,1
922,260,9,B,Public,91296,Male,Yes,3,0
923,484,4,F,Public,60952,Female,No,4,1
924,427,4,C-,Public,99429,Female,Yes,4,0
925,335,4,C-,Public,86802,Female,No,9,1
926,295,3,C-,Private,26614,Female,Yes,3,0
927,590,8,F,Public,61922,Female,Yes,6,0
928,313,7,A,Private,43185,Female,No,1,1
929,374,8,C,Private,95886,Male,Yes,1,0
930,317,1,C,Private,85290,Male,No,2,0
931,580,9,B,Public,30347,Female,Yes,8,0
932,221,4,F,Private,64262,Male,Yes,7,1
933,570,2,C-,Private,90807,Male,Yes,8,1
934,209,6,F,Public,43074,Male,No,6,0
935,293,4,B,Private,37820,Female,Yes,2,0
936,422,5,C-,Private,79482,Female,No,2,1
937,322,4,C,Public,91435,Male,Yes,6,0
938,471,9,C,Private,27847,Female,No,9,1
939,337,4,C,Private,51657,Female,No,6,1
940,221,4,C-,Public,45409,Female,Yes,3,0
941,564,6,A-,Private,53340,Female,No,5,1
942,204,2,C-,Private,77759,Male,Yes,8,1
943,281,8,D,Private,34546,Female,Yes,1,0
944,464,9,A-,Public,86356,Male,Yes,9,1
945,366,6,C,Private,78205,Female,Yes,3,0
946,288,2,F,Public,94961,Male,No,7,0
947,433,7,F,Private,89628,Female,No,3,1
948,447,7,A-,Public,81996,Female,No,3,1
949,268,5,A-,Public,68909,Male,Yes,9,0
950,214,6,C-,Public,79763,Female,Yes,1,0
951,480,5,A-,Public,95270,Male,No,7,1
952,324,8,A-,Public,87298,Female,Yes,0,0
953,581,5,C-,Private,54693,Female,No,9,1
954,399,9,B,Private,49957,Female,Yes,9,1
955,502,5,B+,Public,70174,Male,No,6,1
956,465,4,D,Private,59539,Male,Yes,3,0
957,258,5,B,Private,59082,Female,Yes,9,1
958,335,3,D,Public,22628,Male,Yes,5,0
959,445,8,B,Private,59169,Female,Yes,8,1
960,342,5,D,Public,71222,Male,No,2,0
961,563,7,C,Public,66176,Female,Yes,9,0
962,328,1,B,Private,23341,Female,No,9,1
963,574,1,B+,Private,31105,Male,Yes,3,0
964,521,5,D,Public,82647,Male,Yes,0,0
965,405,1,C+,Private,98751,Female,No,4,1
966,596,8,D,Private,78475,Male,No,2,0
967,252,8,C+,Public,85644,Female,No,8,1
968,505,2,B-,Public,38789,Male,No,2,0
969,415,3,A-,Public,23491,Female,No,6,1
970,543,8,A,Private,60643,Female,Yes,7,1
971,390,8,B,Private,64457,Male,No,9,1
972,260,1,C,Public,37274,Male,No,2,0
973,221,5,B,Private,53092,Male,Yes,3,0
974,284,5,B,Public,94855,Male,No,5,0
975,375,6,C,Public,28388,Female,Yes,9,0
976,589,2,B+,Private,59689,Female,No,8,1
977,505,6,F,Private,94475,Male,No,1,0
978,358,8,A,Public,23204,Male,No,0,0
979,220,5,C,Public,22813,Female,Yes,4,0
980,566,4,C,Private,66521,Male,Yes,2,0
981,477,8,A-,Public,66072,Male,Yes,9,1
982,278,2,B-,Private,26899,Female,Yes,8,0
983,237,7,A,Public,57058,Female,Yes,7,0
984,253,1,D,Private,25306,Female,Yes,0,0
985,447,4,C+,Private,92709,Male,No,9,1
986,203,2,F,Private,84987,Male,No,4,0
987,377,1,F,Public,77145,Female,Yes,2,0
988,255,4,C+,Public,51262,Male,No,7,0
989,569,5,B,Private,65414,Female,No,9,1
990,258,1,C-,Private,89691,Female,Yes,4,0
991,256,2,B-,Public,90470,Female,Yes,3,0
992,391,1,B,Public,99852,Male,No,4,0
993,282,2,C,Private,23603,Male,Yes,5,0
994,465,8,C,Private,68831,Female,No,3,1
995,263,8,B,Public,76455,Female,Yes,2,0
996,434,8,D,Public,25134,Male,Yes,5,0
997,346,3,A,Private,57719,Male,No,9,1
998,568,5,B+,Private,83060,Female,Yes,4,1
999,599,2,D,Public,35742,Male,Yes,7,0
