,Student_ID,Age,Gender,Parental_Education,Attendance_Rate,GPA,Extracurricular_Activities,Socioeconomic_Status,Study_Hours_Per_Week,label
0,1,16,1,3,79,3.07,1,3,14,1
1,2,17,1,2,73,3.05,4,1,11,1
2,3,16,1,3,72,3.69,2,3,9,1
3,4,17,1,3,79,2.92,1,2,13,0
4,5,17,0,3,83,3.39,1,2,10,0
5,6,18,1,1,87,1.6,2,2,11,0
6,7,16,1,2,87,1.6,3,2,10,0
7,8,18,0,3,80,3.83,0,1,15,0
8,9,16,0,2,78,3.03,4,2,10,0
9,10,16,1,3,83,1.89,5,1,6,0
10,11,16,0,2,80,1.96,2,1,12,0
11,12,18,1,2,76,0.07,3,1,1,0
12,13,17,0,3,80,0.92,5,2,2,0
13,14,18,1,2,73,1.89,0,1,3,0
14,15,18,0,1,97,1.18,3,3,10,0
15,16,16,1,1,98,3.93,0,3,15,1
16,17,17,0,2,85,0.46,1,2,14,0
17,18,17,1,2,88,2.02,2,3,8,0
18,19,17,1,3,72,0.04,0,3,8,1
19,20,17,1,3,74,1.09,2,3,12,1
20,21,16,1,2,80,0.9,2,3,5,0
21,22,17,1,2,77,2.42,5,1,6,0
22,23,16,1,2,88,3.55,3,3,3,0
23,24,16,0,2,82,2.27,4,2,3,0
24,25,17,1,1,90,2.58,3,2,5,0
25,26,18,0,2,90,1.12,5,3,15,1
26,27,16,1,3,95,1.24,3,3,12,1
27,28,18,0,1,81,2.0,4,3,12,1
28,29,16,1,2,82,2.27,5,3,1,0
29,30,17,0,3,87,2.19,4,3,6,1
30,31,17,1,1,75,1.04,3,1,11,0
31,32,18,0,2,89,0.58,2,2,9,0
32,33,16,1,2,77,1.47,1,2,6,0
33,34,17,0,2,74,3.14,4,1,2,0
34,35,17,0,2,99,2.38,1,1,9,0
35,36,17,0,1,80,0.73,2,1,9,0
36,37,16,1,3,88,0.93,4,2,14,1
37,38,18,0,2,97,3.62,0,2,14,1
38,39,16,1,1,70,1.58,0,3,5,0
39,40,18,1,1,81,3.41,3,1,1,0
40,41,18,1,3,79,3.91,1,2,6,0
41,42,16,1,1,88,1.43,0,2,8,0
42,43,18,0,1,99,0.05,3,3,2,0
43,44,16,1,3,83,2.91,3,3,7,1
44,45,16,0,1,88,1.94,3,2,15,0
45,46,16,1,1,82,3.55,5,1,9,0
46,47,17,0,3,79,0.68,2,3,12,1
47,48,17,1,1,92,0.97,1,2,9,0
48,49,18,1,3,78,1.89,4,3,8,1
49,50,16,0,2,95,0.54,3,1,14,0
50,51,16,1,2,71,1.44,4,2,6,0
51,52,17,1,2,87,0.06,0,1,13,0
52,53,16,1,2,87,3.21,2,3,13,0
53,54,17,1,1,85,0.4,5,1,13,1
54,55,18,1,2,86,2.38,4,1,9,0
55,56,18,1,3,87,1.05,3,3,2,1
56,57,16,1,3,100,0.12,2,1,7,0
57,58,17,1,3,77,0.44,3,2,11,0
58,59,17,0,3,100,2.8,2,3,13,1
59,60,17,1,2,100,3.56,4,1,1,1
60,61,17,0,3,86,0.22,4,1,11,1
61,62,18,1,2,92,1.13,0,3,6,0
62,63,18,0,3,97,1.59,5,1,6,0
63,64,18,0,3,75,3.91,1,2,12,0
64,65,16,0,2,79,1.77,5,3,4,0
65,66,18,1,2,84,3.3,3,2,5,0
66,67,17,1,1,82,1.12,3,2,13,0
67,68,16,0,1,94,1.87,0,2,7,0
68,69,17,1,1,99,3.3,5,3,12,1
69,70,18,1,3,91,3.07,2,3,13,1
70,71,16,0,3,92,0.95,5,2,15,1
71,72,16,1,3,94,1.01,2,3,6,1
72,73,18,0,1,84,2.19,4,2,4,0
73,74,16,0,1,83,3.75,4,2,9,0
74,75,16,1,1,71,0.48,3,1,8,0
75,76,16,0,3,100,3.09,1,2,8,1
76,77,16,1,2,74,2.95,3,3,11,0
77,78,16,1,1,75,3.4,5,2,9,0
78,79,16,1,2,99,3.56,2,2,12,1
79,80,18,1,3,82,3.53,1,1,9,0
80,81,16,0,1,79,3.6,1,2,12,0
81,82,18,1,3,82,3.92,0,2,7,0
82,83,17,1,2,70,1.33,4,1,8,0
83,84,17,1,3,75,3.72,1,1,9,0
84,85,17,0,3,92,3.79,5,3,3,1
85,86,16,0,1,79,2.59,3,2,4,0
86,87,17,1,2,71,2.66,2,2,5,0
87,88,17,1,1,87,1.43,4,1,5,0
88,89,17,1,3,89,2.98,5,3,5,1
89,90,16,1,3,71,2.41,3,2,15,0
90,91,17,1,2,80,3.15,2,2,12,0
91,92,18,0,3,76,0.61,3,1,5,0
92,93,16,1,1,96,3.26,3,1,2,1
93,94,17,0,2,86,2.89,4,1,3,0
94,95,18,0,3,77,2.18,2,2,6,0
95,96,16,1,1,97,1.04,3,2,14,0
96,97,18,0,1,76,0.39,1,3,7,0
97,98,16,1,2,81,1.94,5,1,7,0
98,99,17,0,3,90,0.58,5,1,10,0
99,100,18,0,1,79,3.05,4,1,12,1
100,101,18,1,2,88,3.7,0,2,12,0
101,102,17,0,1,89,3.28,1,3,3,0
102,103,16,1,3,80,1.32,2,3,6,1
103,104,17,1,1,76,0.58,5,1,1,0
104,105,17,1,3,76,0.03,1,2,15,0
105,106,16,1,1,72,2.65,3,1,11,0
106,107,18,1,3,87,0.75,0,1,10,0
107,108,18,1,1,80,2.87,4,3,2,0
108,109,18,0,1,77,2.3,5,3,2,0
109,110,18,0,2,78,1.88,0,2,14,0
110,111,17,1,3,78,3.07,5,1,2,0
111,112,18,0,1,97,3.92,1,1,9,1
112,113,18,0,2,100,0.51,0,2,4,0
113,114,18,1,1,97,2.2,2,1,4,0
114,115,18,0,2,74,1.25,5,2,3,0
115,116,18,1,1,72,0.11,3,2,12,0
116,117,16,1,2,97,0.12,3,2,4,0
117,118,17,0,3,95,2.31,2,3,4,1
118,119,18,1,1,97,0.33,3,1,1,0
119,120,18,1,3,94,0.18,4,3,9,1
120,121,17,1,3,96,0.69,3,3,12,1
121,122,18,1,2,86,1.84,3,2,10,0
122,123,17,0,3,81,2.0,5,2,12,1
123,124,16,1,2,100,3.66,1,1,14,1
124,125,18,0,2,73,1.68,0,2,11,0
125,126,18,1,2,70,0.43,3,1,14,0
126,127,16,0,2,75,0.92,1,1,5,0
127,128,18,0,2,93,3.78,2,1,11,1
128,129,16,1,1,77,2.38,5,1,13,1
129,130,16,0,1,82,1.42,4,1,9,0
130,131,18,1,3,90,3.57,2,2,1,0
131,132,16,1,1,81,1.2,4,3,4,0
132,133,18,0,2,82,3.52,1,1,13,0
133,134,18,0,2,94,0.48,2,3,1,0
134,135,18,0,1,88,3.75,1,1,9,0
135,136,16,0,3,97,3.75,4,3,4,1
136,137,16,1,3,85,1.38,3,3,1,1
137,138,16,0,1,95,0.07,1,1,13,0
138,139,17,1,2,91,1.41,0,2,11,0
139,140,18,0,2,82,0.72,3,2,9,0
140,141,16,0,3,82,1.06,3,2,2,0
141,142,17,1,1,85,2.5,0,2,7,0
142,143,18,0,2,87,1.77,2,3,14,0
143,144,18,1,3,77,2.95,0,1,1,0
144,145,18,0,3,85,2.55,5,1,15,1
145,146,17,0,1,99,1.2,3,2,7,0
146,147,16,1,3,93,1.3,2,1,6,0
147,148,16,1,2,71,3.19,2,1,3,0
148,149,16,1,3,75,2.13,4,1,4,0
149,150,16,1,3,70,0.51,0,3,6,1
150,151,18,1,3,93,2.35,3,1,4,0
151,152,18,1,1,83,0.55,1,1,8,0
152,153,16,1,2,78,3.47,4,2,11,1
153,154,16,0,3,90,0.52,5,3,12,1
154,155,16,1,1,91,2.68,5,3,7,0
155,156,17,0,3,88,3.59,1,1,1,0
156,157,18,0,2,86,0.39,2,1,5,0
157,158,16,1,3,83,2.12,3,3,9,1
158,159,16,0,1,78,3.83,5,1,5,0
159,160,17,0,3,76,1.11,5,1,10,0
160,161,16,1,3,97,1.12,3,2,3,0
161,162,18,0,3,75,1.88,0,3,3,1
162,163,17,1,1,73,3.79,3,2,9,0
163,164,17,0,3,78,3.2,3,2,4,0
164,165,17,0,3,96,1.08,0,2,11,0
165,166,16,1,1,100,0.93,0,3,5,0
166,167,16,0,1,82,0.79,3,1,4,0
167,168,16,0,2,95,1.72,3,2,5,0
168,169,17,1,1,83,3.23,4,1,3,0
169,170,17,1,3,86,0.61,1,2,13,0
170,171,18,0,3,96,2.47,4,1,10,0
171,172,17,0,1,93,1.89,4,2,13,1
172,173,16,1,2,100,2.59,2,1,9,0
173,174,16,0,1,88,1.61,3,1,2,0
174,175,17,1,2,80,3.04,4,2,1,0
175,176,18,1,1,78,1.28,3,1,13,0
176,177,17,0,2,93,2.89,4,2,4,0
177,178,17,1,2,92,3.84,2,2,9,1
178,179,17,1,3,86,2.32,3,3,4,1
179,180,16,0,2,91,2.54,1,2,10,0
180,181,16,1,3,99,2.1,2,1,5,0
181,182,16,0,1,88,1.94,0,1,12,0
182,183,17,0,1,80,0.67,1,3,9,0
183,184,18,0,1,85,2.75,5,3,11,1
184,185,17,1,1,76,2.42,5,2,10,0
185,186,17,0,1,99,2.21,4,1,10,0
186,187,16,0,3,94,1.23,3,3,12,1
187,188,16,0,1,74,1.58,3,1,10,0
188,189,17,0,2,85,1.73,1,3,13,0
189,190,18,1,3,70,2.63,0,1,10,0
190,191,16,1,2,73,2.9,3,1,14,0
191,192,18,0,3,96,1.25,5,3,5,1
192,193,18,1,2,90,2.46,0,1,15,0
193,194,17,1,3,85,1.48,0,2,2,0
194,195,17,1,1,85,1.94,2,2,6,0
195,196,17,0,3,100,0.33,1,1,14,0
196,197,18,1,3,71,2.31,1,2,14,0
197,198,16,1,2,94,3.59,1,1,5,1
198,199,16,1,3,88,3.81,5,2,6,0
199,200,17,1,3,78,1.34,4,3,9,1
200,201,16,1,1,79,0.68,1,1,8,0
201,202,18,0,2,78,3.91,3,1,1,0
202,203,18,1,3,77,3.19,3,2,7,0
203,204,16,1,2,98,1.17,1,3,2,0
204,205,18,0,3,85,0.02,3,1,2,0
205,206,18,0,3,79,1.06,2,3,14,1
206,207,18,0,2,89,3.82,4,1,15,1
207,208,17,0,1,92,1.9,5,2,10,0
208,209,17,1,3,73,1.18,4,2,5,0
209,210,16,1,3,93,1.37,0,3,6,1
210,211,16,1,3,84,0.92,0,2,11,0
211,212,16,1,2,93,2.26,5,3,2,0
212,213,18,1,1,72,0.87,4,2,15,1
213,214,18,0,3,93,2.78,1,3,6,1
214,215,17,1,3,81,1.89,1,2,15,0
215,216,17,0,3,94,0.64,2,3,10,1
216,217,16,0,2,90,3.95,5,2,6,0
217,218,16,0,2,73,1.59,5,3,4,0
218,219,18,1,2,96,1.56,4,1,15,1
219,220,17,1,2,84,1.77,5,3,8,0
220,221,17,0,1,70,0.87,3,2,2,0
221,222,18,0,2,72,3.85,3,2,11,0
222,223,16,0,2,80,1.7,0,1,14,0
223,224,17,0,3,98,2.34,5,2,8,0
224,225,17,0,2,75,1.36,4,1,1,0
225,226,17,0,1,74,1.92,0,3,7,0
226,227,17,1,1,88,3.62,2,2,7,0
227,228,17,0,3,93,0.67,5,1,6,0
228,229,18,0,1,80,3.17,0,1,4,0
229,230,18,0,2,73,1.85,2,2,12,0
230,231,18,0,2,77,1.03,4,1,12,1
231,232,16,0,1,73,2.75,2,1,1,0
232,233,17,1,1,71,0.98,0,3,7,0
233,234,18,0,2,99,0.61,5,3,5,0
234,235,17,1,3,90,1.32,4,3,8,1
235,236,17,0,2,75,1.17,0,1,15,0
236,237,17,0,3,73,2.92,3,2,6,0
237,238,17,1,3,84,3.06,5,3,5,1
238,239,16,0,1,72,0.42,1,2,9,0
239,240,18,1,3,97,3.07,2,3,4,1
240,241,18,1,2,100,1.03,2,1,8,0
241,242,16,1,2,100,0.91,5,3,8,0
242,243,17,1,1,87,2.82,1,2,11,0
243,244,17,1,3,97,3.5,5,1,9,1
244,245,16,1,2,84,2.43,2,2,4,0
245,246,16,0,3,80,3.76,2,1,12,0
246,247,16,1,2,100,2.66,5,2,2,0
247,248,18,0,2,97,3.42,3,3,9,1
248,249,17,0,2,89,2.08,5,1,13,1
249,250,18,1,2,74,3.54,4,2,6,0
250,251,17,1,1,74,0.46,5,1,12,1
251,252,18,1,1,76,1.55,2,2,5,0
252,253,16,0,3,79,1.16,3,2,5,0
253,254,18,1,3,79,0.6,5,1,2,0
254,255,16,1,1,73,0.6,2,3,2,0
255,256,17,0,2,77,1.77,5,1,9,0
256,257,17,1,3,82,1.77,4,3,14,1
257,258,17,0,3,74,3.64,3,2,9,0
258,259,16,1,1,97,3.76,2,1,4,1
259,260,16,0,3,83,0.08,3,1,3,0
260,261,16,1,1,82,1.04,5,3,7,0
261,262,16,0,2,70,0.03,5,3,4,0
262,263,16,1,3,80,3.53,1,1,13,0
263,264,16,1,2,99,2.13,2,1,1,0
264,265,17,0,2,84,0.64,0,2,1,0
265,266,16,1,1,70,3.32,4,1,6,0
266,267,18,1,2,70,0.29,5,1,9,0
267,268,18,0,1,70,3.41,2,1,8,0
268,269,17,0,1,90,0.06,5,2,6,0
269,270,17,1,3,81,1.82,2,3,14,1
270,271,17,0,2,99,1.42,0,1,9,0
271,272,18,1,1,75,2.6,3,1,11,0
272,273,17,1,3,75,2.2,4,2,12,1
273,274,17,0,1,95,1.42,0,1,1,0
274,275,16,0,2,100,3.94,4,3,11,1
275,276,17,1,2,88,1.72,2,2,2,0
276,277,18,0,3,80,1.94,4,2,3,0
277,278,17,1,3,86,2.52,3,1,1,0
278,279,17,0,3,93,0.4,1,1,15,0
279,280,16,1,3,87,3.53,4,3,15,1
280,281,16,1,3,81,2.26,1,2,9,0
281,282,17,1,2,79,2.7,3,2,3,0
282,283,17,1,3,79,3.69,0,2,9,0
283,284,18,1,3,96,2.57,5,2,1,0
284,285,17,1,3,82,0.29,4,2,7,0
285,286,18,1,3,70,0.33,4,3,11,1
286,287,18,0,2,77,2.27,4,3,7,0
287,288,17,0,2,98,0.47,4,3,7,0
288,289,18,0,1,92,0.17,1,2,15,0
289,290,18,1,3,83,1.53,3,3,4,1
290,291,16,0,3,93,3.91,1,2,5,1
291,292,17,0,2,96,2.2,2,3,4,0
292,293,17,0,2,95,3.54,2,1,11,1
293,294,17,0,2,86,1.81,0,1,1,0
294,295,18,1,3,97,3.72,0,2,4,1
295,296,17,1,1,81,0.12,4,3,7,0
296,297,17,0,1,95,2.88,2,1,11,0
297,298,17,1,2,90,3.82,1,2,11,0
298,299,18,1,2,85,1.88,3,1,7,0
299,300,16,1,2,82,1.02,2,1,14,0
300,301,17,1,2,94,2.61,2,2,14,0
301,302,16,1,1,75,1.53,1,1,7,0
302,303,17,0,1,72,1.35,2,1,6,0
303,304,17,1,2,82,1.43,5,2,10,0
304,305,18,0,1,97,1.65,1,2,1,0
305,306,16,1,2,81,1.8,5,2,2,0
306,307,18,0,1,85,0.67,1,1,5,0
307,308,16,0,3,97,2.71,1,3,15,1
308,309,18,1,3,91,3.36,1,2,8,1
309,310,16,0,1,74,2.94,2,3,3,0
310,311,18,1,2,87,1.68,2,3,11,0
311,312,16,0,1,100,0.66,3,1,14,0
312,313,16,0,2,82,2.85,0,2,7,0
313,314,16,1,2,82,0.21,5,1,1,0
314,315,16,0,2,86,2.01,3,2,2,0
315,316,17,1,2,72,3.8,5,2,2,0
316,317,18,0,1,75,1.41,1,3,1,0
317,318,16,1,1,90,2.93,4,1,2,0
318,319,16,0,3,98,3.74,3,3,6,1
319,320,17,0,2,72,0.46,4,1,1,0
320,321,18,1,3,93,2.44,4,3,7,1
321,322,17,1,1,89,2.25,5,2,2,0
322,323,16,0,1,91,1.97,5,2,1,0
323,324,16,1,2,85,2.04,2,2,6,0
324,325,16,0,1,96,1.6,1,1,13,0
325,326,16,0,2,76,0.54,0,2,14,0
326,327,16,0,3,74,0.84,5,1,7,0
327,328,17,1,2,79,0.23,0,3,9,0
328,329,16,1,1,94,3.32,0,3,7,1
329,330,18,1,1,85,0.06,0,3,1,0
330,331,18,0,1,70,0.91,0,2,10,0
331,332,18,0,3,80,3.37,4,1,2,0
332,333,16,0,2,96,3.66,4,2,8,1
333,334,16,1,3,97,1.29,4,2,6,0
334,335,18,0,1,86,2.73,1,2,6,0
335,336,16,1,2,72,0.11,3,1,1,0
336,337,18,1,3,92,3.75,5,1,1,1
337,338,18,1,2,99,0.85,2,2,2,0
338,339,16,1,1,98,0.6,4,2,11,1
339,340,17,1,3,98,0.37,1,1,6,0
340,341,17,0,2,87,2.68,1,2,12,0
341,342,17,0,2,84,1.33,5,1,7,0
342,343,16,0,1,75,2.11,2,3,5,0
343,344,16,0,1,95,3.93,0,3,9,1
344,345,17,1,1,75,0.5,1,2,10,0
345,346,16,1,3,72,2.28,3,1,6,0
346,347,16,1,3,73,1.17,3,1,12,0
347,348,17,0,2,81,2.24,3,2,6,0
348,349,18,0,2,89,3.48,1,2,9,0
349,350,18,1,3,83,2.69,1,1,10,0
350,351,16,0,2,73,3.76,5,3,2,0
351,352,18,0,3,94,2.97,1,2,3,0
352,353,17,0,2,100,2.04,1,1,9,0
353,354,17,1,3,75,0.55,3,3,6,1
354,355,18,0,2,99,0.42,5,2,15,1
355,356,17,1,2,97,1.28,2,3,7,0
356,357,18,0,3,95,1.42,2,3,8,1
357,358,18,1,1,91,3.28,1,2,14,1
358,359,17,0,3,71,2.01,3,1,12,0
359,360,18,0,3,99,2.08,5,1,13,1
360,361,16,1,1,78,3.99,2,1,3,0
361,362,16,1,2,96,2.54,3,3,5,0
362,363,18,1,1,98,2.33,1,3,15,0
363,364,17,0,1,77,3.31,1,3,7,0
364,365,17,1,1,77,0.61,4,2,1,0
365,366,18,0,2,71,3.44,1,2,4,0
366,367,18,1,3,79,1.06,3,2,4,0
367,368,17,0,1,85,1.17,1,3,7,0
368,369,16,0,2,83,2.71,0,2,4,0
369,370,18,0,2,70,0.48,4,2,10,0
370,371,16,1,3,95,0.72,1,3,12,1
371,372,18,0,3,74,3.88,1,3,2,1
372,373,16,1,1,92,2.51,4,3,15,1
373,374,18,0,2,70,1.02,0,1,8,0
374,375,17,0,3,81,3.6,5,2,14,1
375,376,18,0,1,89,1.4,4,2,4,0
376,377,17,0,2,73,0.62,3,3,13,0
377,378,16,1,2,74,3.92,3,3,13,0
378,379,17,0,3,96,0.46,0,1,4,0
379,380,17,0,2,85,2.29,1,2,4,0
380,381,18,1,2,87,3.0,4,3,10,0
381,382,18,0,3,98,3.73,2,1,2,1
382,383,16,1,2,80,0.44,0,2,2,0
383,384,17,1,2,86,2.11,4,3,1,0
384,385,16,0,1,90,0.53,4,2,7,0
385,386,16,0,2,76,3.09,0,1,10,0
386,387,16,1,3,94,0.82,2,2,10,0
387,388,18,1,2,72,0.91,3,1,9,0
388,389,16,1,3,98,3.99,5,3,12,1
389,390,17,1,3,87,3.38,5,1,11,1
390,391,16,1,2,88,2.6,3,3,9,0
391,392,18,1,3,71,2.56,1,1,2,0
392,393,17,1,1,70,2.39,5,2,9,0
393,394,16,1,3,71,3.81,5,3,15,1
394,395,17,0,1,76,3.43,1,1,5,0
395,396,18,1,3,74,2.44,5,2,13,1
396,397,16,0,2,100,0.55,3,2,15,0
397,398,16,0,3,74,1.48,2,1,4,0
398,399,16,1,3,97,3.85,0,2,10,1
399,400,18,1,3,85,0.49,4,3,5,1
400,401,17,0,1,91,0.4,1,2,9,0
401,402,16,0,1,95,0.12,3,2,15,0
402,403,16,1,1,89,2.49,5,1,10,0
403,404,16,1,1,76,1.26,4,3,15,1
404,405,16,1,1,80,3.61,0,1,4,0
405,406,17,1,2,86,3.88,0,3,10,0
406,407,18,0,3,72,1.06,1,3,10,1
407,408,18,0,3,84,3.47,1,2,1,0
408,409,17,0,2,99,1.46,5,2,8,0
409,410,16,0,2,84,1.01,2,2,14,0
410,411,17,0,2,84,2.39,0,2,2,0
411,412,17,0,2,70,3.65,3,1,1,0
412,413,17,0,1,77,0.54,5,1,9,0
413,414,17,1,3,93,1.0,0,3,2,1
414,415,17,1,2,99,0.15,5,2,6,0
415,416,17,1,2,71,1.21,0,3,12,0
416,417,18,1,3,74,2.85,2,1,14,0
417,418,18,0,2,95,0.41,5,2,4,0
418,419,17,0,1,78,1.2,5,2,11,1
419,420,17,1,1,85,2.21,0,2,13,0
420,421,17,0,1,97,3.16,5,1,10,1
421,422,18,0,2,70,3.96,3,3,10,0
422,423,16,0,3,73,1.7,2,2,1,0
423,424,16,0,2,96,2.09,0,2,4,0
424,425,16,1,3,100,3.49,1,3,6,1
425,426,17,1,1,85,1.87,4,3,6,0
426,427,16,1,1,90,0.86,0,3,2,0
427,428,17,1,3,80,3.56,3,2,4,0
428,429,16,0,2,92,2.92,3,2,6,0
429,430,18,1,2,71,1.51,1,2,11,0
430,431,18,0,2,99,1.95,0,3,14,0
431,432,17,1,1,73,0.81,0,2,2,0
432,433,16,0,2,73,0.18,0,1,1,0
433,434,16,1,3,72,1.29,3,2,12,0
434,435,16,0,2,90,2.54,2,3,15,0
435,436,16,0,2,74,1.13,2,1,13,0
436,437,16,0,3,80,3.94,1,3,4,1
437,438,18,0,3,84,0.41,3,2,12,0
438,439,17,0,1,90,2.58,4,1,14,1
439,440,16,0,1,79,2.18,5,2,5,0
440,441,18,0,2,75,0.01,1,3,12,0
441,442,16,0,2,94,3.36,2,2,11,1
442,443,18,0,1,89,1.63,4,2,6,0
443,444,17,1,2,92,2.06,1,3,10,0
444,445,16,1,2,75,2.9,1,3,10,0
445,446,16,1,3,73,2.89,3,2,10,0
446,447,18,1,2,89,3.19,0,3,7,0
447,448,17,1,3,93,0.46,2,2,6,0
448,449,18,0,1,86,3.86,2,2,4,0
449,450,18,1,2,100,3.48,0,1,13,1
450,451,17,1,3,100,3.54,4,2,12,1
451,452,16,0,3,95,2.6,4,2,10,0
452,453,16,1,3,77,1.16,4,3,13,1
453,454,18,1,3,80,2.82,0,1,2,0
454,455,17,0,2,82,3.09,3,1,10,0
455,456,17,1,1,74,0.92,3,1,3,0
456,457,16,1,3,86,3.42,5,2,11,1
457,458,16,0,1,97,1.96,1,1,12,0
458,459,18,0,3,82,0.93,2,1,11,0
459,460,16,0,3,85,3.87,0,3,5,1
460,461,17,0,3,80,3.69,3,3,1,1
461,462,18,1,1,98,2.87,2,2,13,0
462,463,18,1,1,81,2.16,5,2,2,0
463,464,17,1,1,91,1.47,4,2,14,1
464,465,16,0,2,84,3.53,0,3,10,0
465,466,16,1,1,80,3.09,2,1,6,0
466,467,17,0,2,89,3.07,3,1,3,0
467,468,16,1,2,81,2.03,4,1,2,0
468,469,16,0,1,76,0.16,5,3,9,0
469,470,18,1,3,77,2.23,1,3,4,1
470,471,16,1,3,70,3.39,1,3,4,1
471,472,16,0,2,89,2.03,1,3,8,0
472,473,17,0,3,72,2.97,3,1,5,0
473,474,17,0,3,70,1.89,0,1,6,0
474,475,17,1,2,93,2.24,5,3,7,0
475,476,17,1,1,70,0.18,5,3,12,1
476,477,17,0,2,77,1.24,5,1,3,0
477,478,17,0,1,100,3.59,2,2,8,1
478,479,18,0,1,88,1.24,3,2,3,0
479,480,16,0,2,70,1.81,2,3,7,0
480,481,18,1,3,72,2.28,3,3,10,1
481,482,16,0,1,76,3.06,4,2,3,0
482,483,17,0,2,82,0.99,3,3,11,0
483,484,16,1,2,70,0.29,1,2,12,0
484,485,18,1,2,100,3.44,0,1,14,1
485,486,16,0,1,98,2.86,2,1,1,0
486,487,16,1,3,78,3.09,4,3,10,1
487,488,17,0,3,73,0.68,1,2,5,0
488,489,18,1,2,83,1.89,5,3,12,1
489,490,17,1,1,100,1.82,4,3,8,0
490,491,17,0,3,96,2.01,2,1,2,0
491,492,17,1,2,73,3.67,3,2,7,0
492,493,16,0,3,76,3.97,0,2,4,0
493,494,16,0,3,76,0.13,1,3,11,1
494,495,18,1,1,76,0.74,0,1,7,0
495,496,16,1,2,90,3.36,2,2,13,0
496,497,16,0,3,96,0.35,5,2,13,1
497,498,18,1,3,72,3.9,4,3,14,1
498,499,17,1,1,91,2.82,0,1,1,0
499,500,18,1,1,85,0.05,4,2,2,0
500,501,18,0,3,90,2.79,0,1,6,0
501,502,16,1,1,96,1.23,2,3,8,0
502,503,18,1,1,84,2.01,5,3,5,0
503,504,18,0,2,88,0.56,4,2,12,1
504,505,16,1,2,100,2.41,0,1,2,0
505,506,18,0,3,86,0.85,0,2,11,0
506,507,17,0,3,95,1.13,2,2,9,0
507,508,16,0,3,81,2.78,4,1,3,0
508,509,17,0,1,71,0.8,0,3,14,0
509,510,18,1,2,80,1.16,5,1,5,0
510,511,17,0,3,75,0.35,1,1,11,0
511,512,17,0,2,99,2.4,2,2,12,0
512,513,16,0,1,85,0.96,0,3,12,0
513,514,17,1,2,95,3.53,2,3,2,1
514,515,17,0,1,83,2.37,3,2,9,0
515,516,17,0,3,91,0.89,0,2,1,0
516,517,18,0,1,94,0.03,1,3,4,0
517,518,16,0,1,74,0.47,5,2,3,0
518,519,17,0,1,98,0.92,3,1,3,0
519,520,17,0,1,95,2.21,2,1,14,0
520,521,16,0,3,70,0.77,5,2,2,0
521,522,17,0,2,99,2.73,4,1,13,1
522,523,18,0,3,83,0.36,4,2,5,0
523,524,16,0,3,82,1.6,2,3,8,1
524,525,17,0,1,76,0.95,4,2,10,0
525,526,18,0,3,87,3.21,4,3,8,1
526,527,17,1,1,87,0.51,1,2,7,0
527,528,18,1,2,73,0.48,3,2,7,0
528,529,17,0,1,70,3.13,0,1,13,0
529,530,18,1,2,89,1.41,3,1,4,0
530,531,17,1,3,87,3.15,2,1,9,0
531,532,18,1,1,73,2.66,1,1,15,0
532,533,18,0,2,83,0.35,5,2,14,1
533,534,18,1,3,81,3.88,2,1,1,0
534,535,18,1,2,87,3.72,3,2,13,0
535,536,16,0,1,74,3.21,1,2,5,0
536,537,18,1,2,93,3.35,1,3,5,1
537,538,18,1,2,85,2.48,3,2,1,0
538,539,18,1,2,80,3.68,5,1,5,0
539,540,18,1,3,76,1.66,0,3,3,1
540,541,16,0,2,90,3.57,5,3,3,0
541,542,17,1,2,91,1.83,5,3,4,0
542,543,16,0,2,76,3.13,3,2,10,0
543,544,18,1,2,86,1.9,1,1,15,0
544,545,16,1,1,74,2.79,1,3,15,0
545,546,16,1,1,99,1.73,0,2,12,0
546,547,18,1,3,95,1.52,0,2,14,0
547,548,17,1,2,73,2.61,2,3,9,0
548,549,18,0,3,77,3.13,2,1,7,0
549,550,18,0,2,70,0.33,1,2,3,0
550,551,17,0,1,70,1.06,2,3,8,0
551,552,17,1,2,78,2.35,0,2,2,0
552,553,18,0,3,73,1.18,5,1,6,0
553,554,17,1,2,76,2.32,2,1,11,0
554,555,18,0,1,75,3.97,2,1,5,0
555,556,17,0,3,98,3.54,1,1,9,1
556,557,18,0,2,77,2.31,3,2,10,0
557,558,16,1,1,89,0.27,3,1,12,0
558,559,17,0,2,83,3.29,4,3,14,1
559,560,17,1,1,88,3.81,4,1,9,0
560,561,18,0,3,94,0.51,5,1,4,0
561,562,18,1,3,87,2.48,1,3,15,1
562,563,16,1,2,73,0.59,1,1,7,0
563,564,18,1,1,100,0.45,5,1,6,0
564,565,17,1,3,78,1.47,3,3,4,1
565,566,18,1,2,85,1.01,1,1,12,0
566,567,16,1,2,81,2.94,0,2,7,0
567,568,17,1,2,99,0.9,1,2,13,0
568,569,18,1,1,73,3.39,2,1,4,0
569,570,16,1,2,82,0.96,1,2,11,0
570,571,18,1,1,81,2.64,3,3,14,0
571,572,17,0,2,91,0.7,0,2,2,0
572,573,18,1,1,87,2.33,4,1,10,0
573,574,17,0,2,88,2.02,0,1,15,0
574,575,16,0,2,80,2.29,0,1,9,0
575,576,16,1,1,81,1.54,2,1,3,0
576,577,17,0,3,85,3.72,0,3,4,1
577,578,16,1,3,97,1.24,1,1,15,0
578,579,18,1,3,76,3.63,3,3,6,1
579,580,16,0,1,100,2.99,0,3,8,0
580,581,17,1,3,73,1.47,0,1,3,0
581,582,18,0,2,88,1.83,1,2,15,0
582,583,16,0,1,99,3.49,5,2,4,1
583,584,18,0,3,100,0.72,0,2,4,0
584,585,16,0,2,91,0.62,4,1,10,0
585,586,16,1,2,73,2.27,0,2,6,0
586,587,17,1,1,91,3.93,0,3,8,1
587,588,16,1,3,98,2.0,0,2,13,0
588,589,17,0,2,97,2.46,4,3,15,1
589,590,16,1,3,71,2.5,4,2,1,0
590,591,18,0,2,95,2.76,4,3,2,0
591,592,16,0,2,80,2.7,4,2,8,0
592,593,18,0,1,71,3.5,0,2,15,0
593,594,17,0,3,96,1.73,1,3,12,1
594,595,16,0,2,91,3.79,3,2,9,1
595,596,18,0,3,95,3.11,3,2,7,1
596,597,16,1,3,80,1.1,0,2,4,0
597,598,18,1,3,94,1.16,2,1,7,0
598,599,16,1,1,79,1.59,3,1,2,0
599,600,18,0,2,83,3.88,4,2,15,1
600,601,18,0,3,89,0.09,2,2,12,0
601,602,16,1,1,72,0.32,1,1,1,0
602,603,16,1,3,88,1.74,5,3,12,1
603,604,18,1,1,90,2.39,2,2,10,0
604,605,17,0,3,77,3.76,1,2,4,0
605,606,17,1,3,78,3.18,2,3,15,1
606,607,17,1,3,94,0.15,3,3,1,1
607,608,17,0,1,91,0.39,4,3,11,1
608,609,16,0,1,75,0.62,1,2,11,0
609,610,18,1,2,84,3.19,1,3,13,0
610,611,17,1,2,89,1.32,2,3,5,0
611,612,17,0,1,96,3.2,4,1,10,1
612,613,17,0,2,93,0.02,0,3,14,0
613,614,17,0,1,76,2.24,1,2,15,0
614,615,18,0,1,70,2.52,4,2,4,0
615,616,16,1,1,78,2.07,0,1,14,0
616,617,18,1,2,98,3.29,1,2,4,1
617,618,17,1,3,91,1.5,4,2,7,0
618,619,17,1,2,97,2.43,5,1,12,1
619,620,17,1,3,85,0.46,1,3,2,1
620,621,17,0,2,75,3.07,3,3,7,0
621,622,18,0,3,73,0.51,4,2,2,0
622,623,16,1,3,84,3.03,2,1,14,0
623,624,17,0,1,78,1.27,2,3,7,0
624,625,18,1,2,79,0.06,5,2,12,1
625,626,17,1,3,98,1.8,0,3,1,1
626,627,17,1,2,95,2.86,3,2,10,0
627,628,17,1,1,93,3.6,5,3,7,1
628,629,18,0,1,74,3.05,0,3,15,0
629,630,16,1,3,77,2.2,2,2,15,0
630,631,18,1,1,71,1.43,4,3,5,0
631,632,18,1,2,89,2.23,5,2,9,0
632,633,18,0,1,99,3.54,3,1,6,1
633,634,18,1,1,83,3.45,1,3,11,0
634,635,18,0,1,75,0.04,5,1,4,0
635,636,16,0,1,96,2.69,5,2,5,0
636,637,17,1,2,97,0.61,1,3,5,0
637,638,17,0,2,78,3.22,4,3,13,1
638,639,18,0,3,79,3.38,2,3,5,1
639,640,18,1,1,91,3.45,5,1,15,1
640,641,18,1,3,94,1.16,5,3,6,1
641,642,17,0,3,77,2.6,0,3,12,1
642,643,17,1,2,73,0.39,2,2,13,0
643,644,17,0,1,85,3.9,4,3,14,1
644,645,18,1,1,75,1.64,2,3,13,0
645,646,18,1,2,79,2.18,0,1,8,0
646,647,17,1,2,98,2.02,0,1,9,0
647,648,18,0,2,92,2.54,3,3,6,0
648,649,16,0,1,96,0.31,5,1,10,0
649,650,17,0,3,91,0.36,3,3,11,1
650,651,17,1,3,81,0.31,3,3,15,1
651,652,18,0,1,73,0.74,5,3,4,0
652,653,16,1,3,88,1.61,2,3,3,1
653,654,17,1,1,73,1.59,5,3,11,1
654,655,16,0,1,84,1.25,1,1,14,0
655,656,16,1,2,79,3.07,2,2,2,0
656,657,18,0,1,87,3.38,5,3,12,1
657,658,17,1,2,85,0.37,0,3,1,0
658,659,16,0,2,97,0.51,3,3,8,0
659,660,17,1,3,92,0.07,4,3,2,1
660,661,18,1,2,85,0.54,1,1,5,0
661,662,17,0,3,79,1.45,2,3,15,1
662,663,18,0,1,89,2.44,1,2,5,0
663,664,17,1,3,77,1.92,4,2,11,1
664,665,17,0,3,77,3.89,5,3,1,1
665,666,18,1,3,75,0.04,3,3,8,1
666,667,16,1,1,81,2.71,3,3,3,0
667,668,16,1,1,100,0.71,0,2,6,0
668,669,17,1,2,82,1.71,5,1,7,0
669,670,17,1,1,84,2.92,5,1,15,1
670,671,17,0,2,84,0.23,2,1,5,0
671,672,16,0,1,72,0.33,0,2,4,0
672,673,18,0,3,71,3.06,1,2,2,0
673,674,18,1,2,80,1.63,4,1,1,0
674,675,18,0,1,93,3.54,5,3,10,1
675,676,16,0,1,75,1.86,4,3,10,0
676,677,18,0,1,98,2.75,5,1,3,0
677,678,16,1,3,84,2.92,0,1,7,0
678,679,17,0,2,70,2.01,0,2,8,0
679,680,18,0,2,89,3.5,1,2,15,0
680,681,18,0,2,77,2.44,3,2,13,0
681,682,16,1,1,100,0.66,4,1,1,0
682,683,17,0,2,85,1.85,5,1,2,0
683,684,18,1,2,85,0.21,5,3,9,0
684,685,16,1,1,71,3.98,0,2,8,0
685,686,16,0,1,70,0.23,5,3,15,1
686,687,18,1,1,100,1.1,4,3,9,0
687,688,17,0,1,78,2.7,3,3,5,0
688,689,18,1,3,87,1.02,4,2,8,0
689,690,16,0,3,93,3.32,3,1,10,1
690,691,16,0,2,83,1.14,3,2,7,0
691,692,16,1,3,93,2.34,2,2,9,0
692,693,17,0,1,84,3.25,1,2,9,0
693,694,16,1,3,92,3.26,4,3,2,1
694,695,17,0,1,70,3.58,3,3,10,0
695,696,16,1,3,75,3.88,4,3,10,1
696,697,17,1,1,91,2.94,0,1,11,0
697,698,18,1,2,92,2.36,1,1,2,0
698,699,17,1,2,97,3.22,1,1,5,1
699,700,18,1,3,75,0.93,0,1,1,0
700,701,17,0,1,83,1.57,0,2,11,0
701,702,18,0,2,73,3.64,4,3,10,0
702,703,17,1,1,83,3.96,2,3,15,0
703,704,18,0,3,73,3.87,4,2,7,0
704,705,16,0,1,98,1.47,4,2,12,1
705,706,18,1,1,78,0.7,3,3,11,0
706,707,17,1,3,73,1.14,4,3,3,1
707,708,16,1,2,98,0.21,1,1,6,0
708,709,16,1,3,97,0.03,5,1,15,1
709,710,18,0,1,97,0.14,2,2,8,0
710,711,18,0,3,79,2.69,0,3,3,1
711,712,16,1,3,81,0.58,1,3,3,1
712,713,18,0,1,73,1.91,0,1,9,0
713,714,16,0,3,81,1.68,3,1,14,0
714,715,16,1,2,81,3.67,4,3,7,0
715,716,18,0,2,89,3.75,3,2,1,0
716,717,18,0,3,92,3.31,0,1,14,1
717,718,17,1,1,80,3.13,4,3,3,0
718,719,18,0,3,80,3.35,5,2,4,0
719,720,16,0,3,74,3.72,5,3,2,1
720,721,16,0,2,99,2.26,4,3,6,0
721,722,17,1,2,98,1.79,3,3,6,0
722,723,17,1,1,82,3.35,0,2,11,0
723,724,16,0,1,72,1.74,2,2,3,0
724,725,17,1,1,100,1.14,3,3,2,0
725,726,16,0,3,75,1.97,1,3,9,1
726,727,18,1,3,85,1.45,1,2,6,0
727,728,16,0,3,82,2.32,1,3,11,1
728,729,17,1,3,87,2.0,0,3,3,1
729,730,18,0,1,85,2.13,1,2,11,0
730,731,16,0,1,94,0.17,1,1,3,0
731,732,16,1,1,79,0.95,4,2,2,0
732,733,17,0,3,94,1.32,4,1,1,0
733,734,17,0,3,91,0.41,4,1,12,1
734,735,16,1,1,78,2.39,0,2,10,0
735,736,18,1,2,73,0.68,1,1,12,0
736,737,17,0,1,98,0.58,3,3,7,0
737,738,18,0,3,84,1.95,1,2,8,0
738,739,17,0,3,86,1.75,4,1,4,0
739,740,18,1,1,76,2.55,5,1,2,0
740,741,16,1,2,89,3.88,1,2,9,0
741,742,18,0,2,71,0.16,4,2,9,0
742,743,16,0,3,85,1.97,1,3,6,1
743,744,18,0,3,81,3.26,5,1,1,0
744,745,16,0,3,77,1.39,0,2,2,0
745,746,16,1,1,100,1.63,2,1,10,0
746,747,18,0,3,78,0.45,2,1,5,0
747,748,17,0,3,100,2.11,1,1,15,0
748,749,16,1,3,73,0.2,3,2,2,0
749,750,18,1,2,93,1.21,1,3,13,0
750,751,16,1,2,81,2.67,5,1,12,1
751,752,16,1,3,92,3.0,1,2,2,0
752,753,18,0,2,77,1.07,2,1,5,0
753,754,16,0,2,79,2.16,1,3,1,0
754,755,17,1,2,92,2.09,1,1,14,0
755,756,18,1,2,95,2.92,4,3,4,0
756,757,16,0,1,83,1.56,1,2,10,0
757,758,18,0,2,76,1.31,4,2,14,1
758,759,18,0,2,77,0.48,0,2,8,0
759,760,17,1,2,78,1.76,3,1,11,0
760,761,18,1,2,99,1.28,1,3,7,0
761,762,18,1,1,100,0.78,4,1,12,1
762,763,18,0,1,75,0.65,5,3,14,1
763,764,18,0,3,76,1.32,5,2,4,0
764,765,18,0,2,73,3.17,4,1,5,0
765,766,16,1,2,77,3.14,5,2,2,0
766,767,18,1,3,88,3.91,5,2,13,1
767,768,16,0,1,81,1.68,1,3,4,0
768,769,16,0,3,93,3.55,2,3,9,1
769,770,17,1,1,94,3.73,2,3,2,1
770,771,17,1,3,88,1.45,1,1,2,0
771,772,18,1,3,99,1.95,1,2,8,0
772,773,17,0,2,89,1.36,2,1,14,0
773,774,16,0,3,87,0.43,1,3,14,1
774,775,18,1,1,94,1.61,1,3,7,0
775,776,17,0,1,81,3.85,2,3,10,0
776,777,16,1,3,71,3.29,4,2,14,1
777,778,17,0,1,86,3.05,0,2,9,0
778,779,18,0,3,84,0.4,1,3,4,1
779,780,17,0,2,80,0.04,2,2,11,0
780,781,18,1,2,80,0.56,5,2,12,1
781,782,18,0,2,86,1.56,1,1,9,0
782,783,17,1,2,85,3.68,1,1,5,0
783,784,18,0,3,91,0.53,4,3,13,1
784,785,18,1,1,71,2.29,0,3,14,0
785,786,18,1,3,80,2.14,1,2,11,0
786,787,18,1,1,91,0.64,0,1,13,0
787,788,17,1,3,70,3.17,2,1,9,0
788,789,18,1,1,89,0.14,2,3,3,0
789,790,18,0,1,94,0.31,5,1,1,0
790,791,18,0,3,85,3.38,3,2,10,0
791,792,18,1,2,86,1.38,4,1,13,1
792,793,16,1,3,78,3.94,2,1,6,0
793,794,17,1,2,79,0.95,5,3,8,0
794,795,17,0,3,90,3.6,1,1,7,0
795,796,16,1,1,99,2.3,1,3,2,0
796,797,17,0,2,92,1.57,2,3,12,0
797,798,16,1,1,81,3.08,3,1,7,0
798,799,17,0,1,95,3.36,5,3,7,1
799,800,17,1,1,70,1.25,4,2,2,0
800,801,18,0,3,97,1.91,5,3,13,1
801,802,16,0,1,87,2.7,3,3,12,0
802,803,16,1,3,77,2.79,0,1,5,0
803,804,17,1,2,72,1.2,4,1,13,1
804,805,16,1,1,76,0.37,4,3,5,0
805,806,18,1,2,73,1.56,1,3,9,0
806,807,17,0,2,100,1.38,4,3,6,0
807,808,17,0,3,83,0.36,4,2,15,1
808,809,18,0,2,90,1.57,1,1,13,0
809,810,16,0,3,90,2.28,4,2,4,0
810,811,16,0,3,81,3.99,3,1,4,0
811,812,17,0,2,81,3.03,4,1,3,0
812,813,17,1,2,75,1.32,2,2,5,0
813,814,18,0,2,86,1.66,4,2,9,0
814,815,16,0,3,86,0.47,4,1,13,1
815,816,16,0,3,83,3.22,0,1,14,0
816,817,16,1,2,100,2.26,0,2,15,0
817,818,18,0,3,78,1.89,5,2,4,0
818,819,18,1,2,97,1.82,3,1,2,0
819,820,17,0,3,76,0.93,0,2,7,0
820,821,17,0,3,82,1.1,5,3,13,1
821,822,17,1,1,92,1.29,3,1,1,0
822,823,17,0,1,80,0.01,5,2,4,0
823,824,16,0,2,74,2.17,0,3,5,0
824,825,16,1,1,78,3.96,0,1,6,0
825,826,16,1,3,79,1.31,1,1,7,0
826,827,16,0,2,85,1.91,3,2,7,0
827,828,18,0,1,98,3.52,5,3,11,1
828,829,18,1,2,70,2.14,4,2,10,0
829,830,16,1,2,77,2.38,0,2,7,0
830,831,17,1,3,75,1.43,3,3,4,1
831,832,16,1,1,76,1.9,4,2,11,1
832,833,17,0,3,89,2.07,0,1,4,0
833,834,18,0,2,99,3.05,2,3,6,1
834,835,18,1,2,96,3.49,4,2,10,1
835,836,17,0,2,85,2.65,0,2,11,0
836,837,16,1,1,95,1.8,0,2,11,0
837,838,16,1,3,82,3.38,5,1,10,0
838,839,17,0,3,70,0.89,4,1,14,1
839,840,16,1,1,100,1.41,3,3,10,0
840,841,16,1,3,90,1.15,1,3,14,1
841,842,18,0,3,88,1.71,5,1,2,0
842,843,17,0,2,87,2.98,0,3,12,0
843,844,16,1,2,98,0.67,3,1,6,0
844,845,18,0,2,96,3.54,2,1,8,1
845,846,16,0,1,77,2.24,5,2,4,0
846,847,16,0,2,71,1.69,4,3,1,0
847,848,17,0,3,82,0.52,3,2,3,0
848,849,16,0,1,86,2.45,3,1,11,0
849,850,18,0,3,88,1.27,3,3,15,1
850,851,16,1,1,77,2.92,1,2,6,0
851,852,17,0,3,78,3.9,1,1,5,0
852,853,16,1,1,96,0.75,5,1,11,1
853,854,16,1,3,78,0.15,5,2,9,0
854,855,17,1,2,99,0.81,2,2,1,0
855,856,16,0,1,86,2.26,0,2,2,0
856,857,16,0,3,84,0.52,1,3,11,1
857,858,17,1,3,92,1.48,5,3,8,1
858,859,16,1,3,84,0.78,1,2,1,0
859,860,18,1,3,91,2.91,1,2,2,0
860,861,16,1,2,90,0.01,1,1,8,0
861,862,16,0,2,77,0.16,5,3,8,0
862,863,17,1,1,74,2.93,5,2,7,0
863,864,17,0,1,86,3.87,2,3,6,0
864,865,17,1,3,76,2.36,3,3,1,1
865,866,17,0,1,80,0.3,4,3,11,1
866,867,16,0,3,90,3.19,4,1,15,1
867,868,18,1,1,76,0.11,3,2,15,0
868,869,18,1,1,74,0.8,0,2,7,0
869,870,18,1,3,86,1.9,2,2,3,0
870,871,17,1,2,72,2.39,2,1,10,0
871,872,16,0,3,85,1.61,1,1,3,0
872,873,16,0,2,94,2.55,3,1,10,0
873,874,16,0,1,97,2.09,1,2,3,0
874,875,18,0,2,85,3.63,4,3,5,0
875,876,18,0,3,84,4.0,4,1,10,0
876,877,17,1,1,85,2.92,3,3,13,0
877,878,18,0,2,77,0.35,4,1,6,0
878,879,18,1,2,85,1.32,5,1,11,1
879,880,18,0,3,94,2.09,2,1,7,0
880,881,18,0,1,84,1.05,1,2,6,0
881,882,16,1,1,80,3.49,2,1,12,0
882,883,18,0,2,92,0.79,3,2,3,0
883,884,18,0,2,74,0.82,3,1,6,0
884,885,18,1,2,90,3.62,4,1,6,0
885,886,18,0,1,79,2.68,0,3,7,0
886,887,18,1,2,78,2.47,5,1,7,0
887,888,18,0,2,90,2.83,0,1,12,0
888,889,17,1,1,81,0.86,3,3,11,0
889,890,17,0,1,98,2.35,2,1,2,0
890,891,16,0,3,91,2.76,5,2,9,0
891,892,17,1,1,99,1.03,1,1,2,0
892,893,16,1,1,73,3.36,0,2,6,0
893,894,17,0,3,90,2.22,0,1,4,0
894,895,17,0,1,82,2.01,2,2,3,0
895,896,17,0,3,96,3.45,3,1,11,1
896,897,16,0,1,98,0.75,4,3,11,1
897,898,16,0,3,97,0.08,5,1,1,0
898,899,17,1,2,72,3.08,2,2,1,0
899,900,17,1,2,98,0.89,3,1,10,0
900,901,16,0,2,72,0.45,5,1,14,1
901,902,16,1,3,99,1.01,5,1,10,0
902,903,17,1,2,93,0.63,1,2,4,0
903,904,17,0,1,83,1.06,3,2,1,0
904,905,17,0,3,98,0.36,4,1,13,1
905,906,17,0,1,95,1.93,3,1,2,0
906,907,16,1,1,91,2.78,3,1,6,0
907,908,18,0,1,88,3.63,2,3,7,0
908,909,16,1,3,85,2.98,4,3,13,1
909,910,16,1,1,97,0.43,4,1,2,0
910,911,18,1,2,71,2.14,0,1,14,0
911,912,18,1,3,74,0.32,0,1,5,0
912,913,16,1,2,74,2.29,1,1,7,0
913,914,16,1,3,87,2.11,1,3,15,1
914,915,18,1,1,94,0.03,4,2,5,0
915,916,18,1,2,95,3.02,5,2,2,1
916,917,18,1,3,81,2.57,5,2,1,0
917,918,16,0,1,82,1.82,3,1,2,0
918,919,17,1,1,72,3.68,0,3,1,0
919,920,18,1,3,91,1.81,1,2,3,0
920,921,17,1,3,94,1.84,4,3,14,1
921,922,17,1,3,88,0.65,3,1,8,0
922,923,16,0,3,79,2.66,2,1,14,0
923,924,16,0,2,74,0.67,3,2,11,0
924,925,17,0,3,81,1.24,0,1,3,0
925,926,16,0,1,79,2.8,5,2,15,1
926,927,18,1,2,76,1.22,3,3,14,0
927,928,18,1,1,87,2.41,0,1,3,0
928,929,17,1,1,96,3.91,2,2,12,1
929,930,17,0,3,88,0.17,3,2,15,0
930,931,18,1,2,85,1.58,2,1,4,0
931,932,18,0,3,82,3.6,0,3,2,1
932,933,17,0,1,76,2.36,0,3,7,0
933,934,18,1,3,88,3.77,0,3,5,1
934,935,16,0,3,86,3.8,5,1,4,0
935,936,16,0,3,100,3.31,4,1,12,1
936,937,17,1,3,98,1.39,0,3,13,1
937,938,16,1,3,81,0.11,1,1,4,0
938,939,17,0,3,70,3.82,3,3,5,1
939,940,16,0,2,76,0.82,5,2,12,1
940,941,16,1,3,95,0.97,4,2,3,0
941,942,17,0,2,76,2.66,2,3,6,0
942,943,18,0,3,99,2.81,2,1,15,0
943,944,17,0,2,72,3.84,1,3,13,0
944,945,17,1,1,89,2.38,3,1,7,0
945,946,18,0,2,82,1.76,5,2,11,1
946,947,16,0,2,88,0.5,1,2,2,0
947,948,17,0,1,70,3.43,5,1,13,1
948,949,17,1,3,79,0.18,3,3,5,1
949,950,17,0,3,92,3.41,5,1,1,1
950,951,16,1,2,87,1.35,2,3,12,0
951,952,16,0,3,80,3.63,1,3,7,1
952,953,18,1,3,74,3.4,2,2,13,0
953,954,17,1,1,74,2.8,3,3,15,0
954,955,18,1,3,88,0.09,1,2,1,0
955,956,18,1,3,75,2.77,5,2,6,0
956,957,17,0,2,84,2.25,1,1,9,0
957,958,17,1,3,80,1.01,4,2,9,0
958,959,18,0,3,88,2.31,4,2,14,1
959,960,16,1,2,99,3.4,3,2,3,1
960,961,18,1,2,89,0.84,3,3,9,0
961,962,16,0,2,72,1.36,1,1,5,0
962,963,16,0,3,73,0.35,5,3,10,1
963,964,18,0,3,78,3.11,4,2,12,1
964,965,17,1,3,96,0.4,3,3,14,1
965,966,18,1,3,88,3.65,1,2,3,0
966,967,18,0,3,74,2.04,5,1,6,0
967,968,16,1,3,77,1.09,3,2,9,0
968,969,18,1,2,80,0.28,0,2,9,0
969,970,17,0,2,99,3.27,4,2,11,1
970,971,18,0,3,73,1.57,3,3,14,1
971,972,18,0,1,85,3.54,5,2,11,1
972,973,16,0,2,84,2.88,5,2,14,1
973,974,17,1,3,83,0.34,2,2,13,0
974,975,17,1,2,73,3.09,1,2,5,0
975,976,16,0,1,96,3.29,1,2,7,1
976,977,17,1,2,73,0.4,4,2,2,0
977,978,17,1,2,76,2.68,4,3,5,0
978,979,18,1,2,72,0.88,5,1,5,0
979,980,16,1,2,75,1.34,1,1,14,0
980,981,17,1,3,94,0.56,5,1,7,0
981,982,16,1,1,93,0.18,5,1,11,1
982,983,18,0,3,97,3.43,3,3,11,1
983,984,17,1,2,73,3.73,4,2,4,0
984,985,16,1,2,73,2.89,4,2,3,0
985,986,17,1,2,77,0.66,1,3,11,0
986,987,16,0,1,97,0.0,1,1,13,0
987,988,18,1,1,88,1.45,3,3,6,0
988,989,18,1,3,72,2.18,1,3,7,1
989,990,17,1,2,100,1.67,0,1,13,0
990,991,17,1,1,86,2.67,5,3,11,1
991,992,16,1,2,77,1.11,3,2,3,0
992,993,17,0,3,80,1.16,5,3,4,1
993,994,18,1,3,83,0.02,2,1,8,0
994,995,18,1,1,97,2.57,3,1,9,0
995,996,18,0,3,86,3.38,0,1,11,0
996,997,17,0,1,95,3.66,2,3,2,1
997,998,16,1,2,75,2.35,3,1,12,0
998,999,18,1,1,90,0.77,1,2,7,0
999,1000,18,1,3,78,1.64,2,1,9,0
