,Lines of Code,Cyclomatic Complexity,Number of Functions,Number of Classes,Function Complexity,Class Inheritance,Test Case Count,Developer Experience,label
0,280,5,32,3,5.831733732583967,4.091865385544443,46,8,1
1,245,23,7,8,1.9702354535542999,2.9506418523785882,20,6,1
2,272,6,18,17,4.673221079459213,3.80018692843053,40,5,1
3,174,19,48,16,2.3863816848957464,1.0883480789231592,10,3,1
4,374,11,21,12,8.985009457919196,0.5506878503772261,33,8,1
5,113,7,34,3,8.234752201627305,4.839855889460518,17,2,1
6,142,19,29,12,1.613122528157499,1.335444595648101,38,4,1
7,110,5,16,6,7.3224451427625725,3.9356039113128065,9,1,1
8,390,28,31,7,3.981766960274673,2.5727557308401257,14,9,1
9,76,7,34,17,0.20631918155433082,4.722132903050383,37,8,1
10,441,11,12,12,1.7189364884372371,0.16052532836113464,15,0,0
11,224,23,41,14,4.122819006901119,1.124866603954882,5,2,1
12,309,14,31,10,1.7285025009817145,3.5280268549316474,7,7,1
13,426,10,1,16,2.5068658223618687,1.1104525274469679,27,9,0
14,192,22,42,4,7.488533622187228,4.4956793289945916,26,9,1
15,275,18,8,15,7.574484005605639,0.8100132446265151,34,8,1
16,477,6,18,1,7.07114717107653,4.7662890388291075,39,2,1
17,497,14,29,9,0.26026811984979803,1.8475808919248866,42,9,1
18,84,23,17,15,4.085361514697015,0.7416803889257589,2,3,1
19,209,8,24,17,7.900605098973306,3.1780752370675103,48,0,1
20,490,29,1,5,7.257012777098625,1.6261942226134751,24,6,1
21,200,13,37,5,8.208829883395918,4.232711365682274,5,8,1
22,128,21,46,11,6.084992576397181,1.2908705108694734,33,4,1
23,404,10,43,5,2.303577932898735,0.5560394983233929,27,0,1
24,324,10,10,13,8.569055268518389,3.3787390372225263,41,1,0
25,458,21,14,10,6.549006356163277,1.2533321048946484,1,5,1
26,53,21,38,17,8.749964955183964,0.7174960088752841,49,3,1
27,377,16,16,19,5.146624759327727,0.6171814862491876,31,9,1
28,122,10,12,11,6.524026622176081,4.2379304459411085,9,2,1
29,355,17,25,17,6.435172498839645,4.994552184167988,15,9,1
30,448,9,48,8,5.751794777706449,1.777018420253429,36,7,1
31,443,16,41,2,9.929892619090586,3.8088126843994337,10,9,1
32,267,9,48,2,7.635767205023695,2.2153833362995163,5,9,1
33,442,14,44,14,7.03728548682148,3.2912636854166726,17,0,1
34,84,18,16,1,4.144641827611699,1.8614716223582783,4,9,1
35,491,9,45,4,6.728844684600956,4.075590545450092,17,6,1
36,91,7,31,10,8.645288561278244,4.005302461913413,44,4,1
37,477,7,37,12,8.580361247980893,4.805225153111675,13,6,1
38,295,16,34,17,6.3472844888886755,4.168811650453269,25,2,1
39,156,15,37,5,2.2935531552395783,2.0076620716983484,46,0,1
40,257,26,21,8,7.415871618398732,2.3361430787999433,37,6,1
41,379,7,3,7,9.648089423094182,4.047517180665925,32,6,0
42,340,22,3,6,6.480100215586004,3.5841772341640645,29,9,1
43,135,8,10,19,5.977688207877977,2.862924976466776,5,0,1
44,313,26,42,4,9.50259208139025,1.8480302021728328,25,5,1
45,406,20,5,7,5.024559181814494,2.0555427283041223,44,6,1
46,417,26,1,16,8.93896994817823,2.1755996319416475,1,4,1
47,323,21,25,10,6.224342027086079,2.0993719273590523,0,3,1
48,98,18,16,18,6.963608085070531,1.6396778463950286,36,3,0
49,364,10,17,7,7.441682198617729,0.26070991376145547,36,0,1
50,442,22,15,9,3.724713768257023,2.557903426907676,16,1,1
51,384,16,30,7,9.815753093783584,1.6864676480021097,33,6,1
52,218,20,40,17,2.7189092569682938,3.899799674932183,5,5,1
53,269,23,10,11,3.1024222891282793,2.9400480495147425,12,2,1
54,114,10,6,13,6.877186772857123,0.08715393469039823,4,8,0
55,318,27,13,16,5.79355500818791,0.30221900573393634,24,5,1
56,212,13,5,16,9.682567522370565,0.655691383922718,13,5,0
57,440,5,19,9,4.211653591212604,4.431929125034691,0,3,1
58,367,28,39,17,1.4382734314644041,0.45831511109017786,13,8,1
59,315,13,38,1,4.000167462673816,3.37581029500335,24,1,1
60,128,22,3,14,4.819052670985072,0.8107145132851717,3,4,1
61,320,25,10,5,8.251358086748366,4.345055505531647,11,9,1
62,365,14,14,13,6.322294204630285,1.7395461564952868,49,6,1
63,233,21,15,16,6.552256083576733,1.733805200435451,44,1,1
64,177,9,46,11,7.713361580781405,3.9929891689580614,25,5,1
65,245,12,44,10,9.15700633133074,3.1225549078063564,3,9,1
66,190,16,4,17,7.135005853185845,2.5682555513034173,31,5,1
67,223,16,11,1,8.726293147540765,1.8406514915699113,14,7,1
68,96,17,30,7,3.7347942796027533,0.9547331204219228,29,2,1
69,329,6,25,3,6.14416946594454,2.03005057570033,0,4,1
70,165,8,40,6,3.5067072397956256,3.9124434828962817,46,2,1
71,395,16,3,14,3.927920244274313,1.0224122171622558,48,2,1
72,263,12,39,11,8.930899706003983,1.6953400383454813,8,8,1
73,165,16,34,9,3.34815804067056,4.620003320176437,39,5,1
74,274,20,23,16,6.8892127272025,4.87458206676709,15,0,1
75,427,17,46,11,9.45836808143223,2.1861321678712335,7,1,1
76,117,23,35,2,4.890624588739594,2.1863851995789125,34,9,1
77,223,24,30,19,6.143895130877316,3.3128603166644677,42,2,1
78,78,15,47,3,1.2486746746213162,1.606685724538427,34,7,1
79,81,19,13,12,2.1710276469463183,0.15506770981135842,20,3,1
80,72,5,48,1,9.872135442697365,2.9561209370013297,25,0,1
81,82,27,36,10,0.6408023720777412,4.080039156993557,43,1,1
82,128,5,13,7,8.11376079940768,1.8538574476544711,45,2,1
83,218,27,15,3,7.783060829642777,1.9125551326638774,4,6,1
84,360,28,23,13,4.3305436841186165,1.9571920823011646,13,2,1
85,470,20,44,1,2.241496725512877,2.266051075802957,39,5,1
86,64,9,49,9,7.18624536012176,1.2786687958987035,37,4,1
87,148,22,34,3,0.15907516723641213,4.086464905068342,43,4,1
88,449,29,45,15,8.51990089528132,2.4793533382501627,14,4,1
89,104,25,6,13,0.13634917343655295,1.541985142357284,25,9,1
90,308,24,2,6,9.100714994550941,0.6199982159676382,2,3,1
91,245,14,42,17,3.8256796801560955,1.5967454255038378,6,5,1
92,459,9,2,10,0.31225321068921175,2.64098523944394,17,6,0
93,361,16,36,5,4.560684754379683,0.6356036259984693,2,9,1
94,451,12,39,10,3.502385377345104,0.884217330314826,13,1,1
95,153,22,46,16,9.094987605642055,0.06032426933268553,46,1,1
96,244,26,43,9,9.90392149959696,4.390453445275563,23,7,1
97,177,21,33,11,5.813618666130643,3.6387703590966174,38,3,1
98,415,25,6,1,9.685949881811547,4.005497590335809,2,3,1
99,240,7,47,1,9.825269174149774,4.716965261177524,1,6,1
100,272,19,23,15,6.59159363557428,3.7279376890234346,6,8,1
101,149,27,21,17,9.109661968460953,1.5690123188019585,48,3,1
102,224,21,21,8,6.544374324843732,4.185313499234668,5,6,1
103,132,20,30,19,3.6914734306565977,2.0266589316738486,12,7,1
104,228,11,20,1,5.399613180576753,2.743305746737767,20,2,1
105,54,24,38,12,7.510384183444731,4.713095434249158,1,3,1
106,335,28,48,4,6.891698191009846,2.9766624823882193,37,9,1
107,450,24,45,3,4.50067087745442,1.0071981293021364,43,5,1
108,473,21,12,13,3.6672732559476873,4.0777088943676265,32,0,1
109,384,29,48,15,7.623219773665429,2.4827333443650956,36,3,1
110,188,5,20,2,3.316721897786352,1.4083679728918597,2,4,1
111,450,10,30,8,9.667857132941837,0.29441675267469936,35,6,1
112,271,24,30,16,1.8691634732152163,3.3438443817213597,21,8,1
113,341,13,17,6,5.590748211081622,3.9354466981483864,18,8,1
114,191,16,8,2,1.1327432153187489,3.1309473154773624,5,1,1
115,309,13,9,8,6.733472263141013,4.4472642185452145,37,8,1
116,132,22,3,19,2.4511489846966192,1.8597813982304352,7,4,1
117,316,14,15,12,8.127232230544006,2.782305497025604,25,5,1
118,71,25,8,1,8.61054019718024,2.1790424199313967,18,1,1
119,310,6,34,1,9.821128595407883,0.8725364809554703,15,1,1
120,232,27,18,11,9.073162020668743,4.219349873530998,3,9,1
121,313,17,35,13,4.754396357441911,1.7982693334041429,37,6,1
122,269,6,36,6,0.5603377053618097,2.462249189898842,47,0,1
123,62,17,44,17,9.865558309098985,3.717602443465614,4,0,1
124,224,13,5,6,5.840699783890068,3.169059926914885,40,1,0
125,339,24,44,4,5.423227720272072,3.8586412603769533,49,0,1
126,258,9,34,4,2.9512224743043336,0.009278047733292105,47,0,1
127,407,10,42,12,2.1868933308035343,2.836426272014416,21,3,1
128,174,19,38,9,6.5545744826660854,2.9098421668487147,3,4,1
129,86,12,15,9,6.225166456502786,4.386272825241095,15,0,1
130,148,28,25,12,5.1206966239153235,2.058426898989678,28,3,1
131,381,27,7,5,6.158363391472742,0.15386471535098645,21,0,1
132,499,13,10,19,2.5360621007455695,1.7041323770722587,11,3,0
133,140,14,42,8,6.906786160472334,1.8326514594711574,13,3,1
134,444,19,27,17,1.8139945010874792,3.1115289357232205,24,3,1
135,115,26,44,10,8.917278131040385,4.769496454135961,10,6,1
136,261,16,27,10,5.629595610018904,2.6622349008382944,41,2,1
137,288,10,48,14,0.9920710296869184,3.1900652416093895,19,9,1
138,456,25,3,5,9.260933447627954,0.8662617650642096,46,5,1
139,117,20,11,12,6.478673927405632,3.8940573110280132,19,5,1
140,412,16,47,6,2.2735744492000043,4.559869024196049,9,4,1
141,273,8,41,4,9.851904515306462,0.8434186318721981,45,1,1
142,234,11,39,5,9.342285682313618,1.0012369281164162,26,6,1
143,436,9,48,19,8.744086129859618,4.673764664310582,5,3,1
144,439,20,48,4,9.849316094256624,1.748432236493761,7,4,1
145,332,13,38,14,9.726551012331369,3.970499742660127,41,7,1
146,396,19,12,16,0.9040463902095852,4.459890409358823,32,4,1
147,383,18,43,4,5.541279650095031,3.7104713626756296,48,3,1
148,443,21,6,18,6.925101197728437,2.955294297766148,16,8,1
149,387,26,6,1,5.289170365736098,1.0731533168120322,14,7,1
150,269,24,7,11,2.974897612349917,3.1225132150114296,37,0,1
151,333,22,6,13,7.208916350581639,1.5573427565676763,4,0,1
152,414,19,15,7,2.1949332520428886,0.13176207877969914,27,0,1
153,254,14,9,19,2.2092784279707356,1.159624642011623,49,2,0
154,268,14,37,16,6.924587128463598,1.4017543339760574,5,0,1
155,273,8,4,16,7.17873215155201,3.0956224516382203,32,3,0
156,305,23,1,2,6.752334067855729,2.24018216691329,19,7,1
157,109,18,17,15,6.074783300443646,0.9192634930580218,28,5,1
158,62,6,25,7,7.525408835674333,3.05336491185413,35,7,1
159,147,27,5,17,2.5388352438706443,2.2325965300591304,10,0,1
160,286,18,30,16,1.9726062314069859,0.5199880388607464,13,6,1
161,208,14,17,5,7.2890686136797065,4.039610068852854,33,1,1
162,448,17,44,14,2.3972415744182065,3.576526722938675,37,7,1
163,185,6,18,13,5.483604605535568,2.9971610560056066,5,7,1
164,421,13,18,12,0.817115990277395,2.77849087632534,10,6,1
165,426,6,39,19,8.582597027994204,1.6215263434074574,45,8,1
166,310,15,40,15,9.950407515020363,3.5004264201452577,13,0,1
167,192,19,26,5,4.8158343450326955,3.1960230543660444,16,6,1
168,234,25,3,17,6.010085783233712,4.932995951217501,1,6,1
169,167,7,23,19,0.24891153664762578,3.462752126882566,5,3,1
170,172,24,40,3,9.568318698617809,4.037696504709994,49,0,1
171,248,10,9,1,8.047489876117364,3.0799629600479688,5,6,1
172,449,29,16,19,4.865784516025301,1.7238861837360493,1,7,1
173,475,17,14,6,1.2663017157185574,4.100970075079193,8,0,1
174,315,10,24,17,9.334994366475808,2.7810830023244937,17,5,1
175,116,12,7,5,6.0843589499704365,3.734305975243464,36,4,1
176,463,8,26,7,5.921765360979779,2.071904657971657,22,9,1
177,109,12,8,6,7.415550175899646,0.5637231639965262,31,0,1
178,317,10,38,2,0.2666683266579306,4.318937142000515,6,0,1
179,309,8,24,17,0.6473452494598331,4.503924187936887,5,9,1
180,386,6,39,17,3.8167557749892875,3.7800562181460124,14,9,1
181,225,25,34,8,3.4371751566911746,1.2554797138010176,31,8,1
182,67,27,39,11,8.42849641618182,1.599712499158974,49,1,1
183,348,18,15,14,5.34318868518983,0.7380788564974944,18,7,1
184,147,13,21,19,8.496034957528941,2.653850155005241,44,4,1
185,439,20,48,5,4.87715598154808,1.6665527901896353,16,4,1
186,66,21,26,6,6.857881597126013,2.8184876856627135,20,2,1
187,438,19,5,17,2.418787458318039,3.652611486103874,6,7,1
188,452,29,16,8,8.763658475437051,3.612950691268187,43,6,1
189,144,14,14,6,4.771112265222036,1.922203700046361,5,5,1
190,167,8,5,14,2.5207420257747293,0.9100675381213641,42,3,0
191,391,29,2,8,1.614531568819475,1.1463556218357174,14,8,1
192,497,18,2,16,5.026074286840851,4.910518516711941,32,4,1
193,405,9,11,15,0.6972574385211194,0.400745820712749,24,6,0
194,187,6,21,3,4.8591142008888175,3.444836957831722,26,6,1
195,95,25,6,10,3.041633236803966,2.174010377158981,44,5,0
196,319,7,2,10,8.24788449180906,2.472652005577858,45,1,0
197,168,19,29,19,3.748113611576922,3.377804561909996,25,9,1
198,205,29,6,18,7.655936058232145,1.8953216632690877,27,3,1
199,362,17,44,16,2.1848610721723905,0.6029765776568924,23,7,1
200,128,15,6,2,5.929102048487555,0.8994718837078586,8,2,1
201,292,18,31,17,6.074345322663779,3.378737279385394,42,0,1
202,485,20,43,3,8.228807800769614,3.9390479353371575,18,6,1
203,329,6,23,5,6.198530089269011,2.274560556514605,5,7,1
204,141,7,38,4,3.108409570069035,0.8456909910692834,46,1,1
205,436,7,29,12,6.919978371301022,4.231917546317481,29,0,1
206,145,19,33,13,4.960750410527557,4.308363127266967,20,5,1
207,367,5,44,19,9.746794273148499,3.353650443000895,49,9,1
208,495,15,42,13,0.9788972886110359,0.732957610846211,34,1,1
209,160,26,26,5,8.849213327188197,4.622808226627147,41,9,1
210,385,24,10,2,2.9496119424961154,0.2638665530597878,27,7,1
211,313,13,6,10,5.401898462468653,1.9420750965097096,15,0,0
212,182,12,10,9,2.171346841138402,0.31382182352277355,44,9,1
213,257,22,43,2,7.697630897374808,2.6376417527926894,38,2,1
214,121,11,6,15,1.502975525237552,0.30645819694640697,35,3,0
215,475,26,7,7,8.565459100406624,0.12353720235334764,37,7,1
216,235,10,46,17,8.618526345427973,0.9471313927178815,46,7,1
217,255,23,39,17,5.224104475144834,0.06255839235935146,37,1,1
218,381,23,4,10,0.21587944237361545,2.289417063956369,18,1,1
219,473,5,45,1,9.280966009727386,2.9330599868756853,7,7,1
220,196,21,47,18,1.7587052441755158,1.6224457105488481,13,5,1
221,333,5,37,12,8.215229222875552,1.7500927056208964,16,9,1
222,232,16,25,8,6.631006667972981,0.27535936479358925,12,1,1
223,120,10,2,1,7.021840427709526,3.437769790976048,32,9,1
224,360,28,46,18,0.9221844131232226,3.6079336425741646,16,0,1
225,441,16,36,14,5.261431729881128,3.784234288594007,28,7,1
226,255,5,28,8,6.378416740407821,1.561991514239175,21,4,1
227,301,23,16,12,1.4375692011871133,1.4294421790826861,46,5,1
228,255,11,20,18,6.709805902256302,4.659606125888956,31,3,1
229,281,9,22,14,9.488988824584943,3.729110990910693,10,5,1
230,129,27,43,1,8.485930423253672,4.794078463320625,28,3,1
231,239,21,34,9,1.2896493200642178,1.8184429271936764,23,0,1
232,432,24,30,13,1.822239945965629,2.877958336308804,25,9,1
233,102,22,11,9,4.276598177094169,2.490317973585397,34,4,1
234,303,25,32,3,8.174264419935934,3.2987811931024167,28,2,1
235,267,23,32,4,5.5553010024786,3.547626515912596,43,7,1
236,439,20,21,19,4.513130137239748,2.357658316994172,31,1,1
237,344,8,24,12,1.8170366495893242,1.3865056935172189,29,7,1
238,100,21,29,19,7.577679588268489,3.808818145862757,6,7,1
239,307,25,27,4,7.073588677367648,2.7983527984543337,39,6,1
240,314,18,3,10,5.144845897361754,0.8512708904815142,11,7,1
241,382,26,49,18,6.040425518796246,2.2172221997185684,43,1,1
242,464,26,34,11,2.4752648475624692,2.7354221879439855,1,5,1
243,133,10,29,19,9.229297730766392,0.2028150274331103,44,8,1
244,361,21,28,13,7.1438781118845665,1.374287221116965,18,4,1
245,371,6,31,2,4.438648723431184,1.9295814813975498,42,3,1
246,297,26,48,3,3.2913251324064676,0.730394614201898,14,0,1
247,193,7,9,8,8.71851636364459,2.2688696151347996,3,7,1
248,260,16,39,8,8.967704033658116,3.8445796294930252,47,2,1
249,129,20,3,6,4.190948921829706,4.500168309093061,29,8,1
250,353,16,6,3,4.8352014333709645,1.1654917702544547,15,7,1
251,321,20,17,3,4.711947248875558,1.9556230799544654,34,0,1
252,381,18,48,10,5.3098106785584775,4.250436142299368,13,1,1
253,340,24,15,5,8.911444873316013,1.624993737359775,44,5,1
254,123,21,25,14,8.256032401114767,4.596736757450075,5,2,1
255,150,27,23,6,9.26673015989975,0.26718566296955626,4,6,1
256,79,20,11,13,1.136079074090376,0.5059437915040116,41,1,0
257,219,20,23,10,0.5748402652877804,3.0378928150462627,1,8,1
258,342,22,24,9,8.616971895744367,4.794309195219296,35,1,1
259,71,7,16,12,1.4848643678227358,4.328208853467824,45,7,1
260,214,5,29,2,5.112092260423202,3.5842361115639254,6,2,1
261,421,7,24,11,0.3219050319649919,2.8885095058019306,0,7,1
262,272,11,13,8,1.956088741646137,1.2197927560558142,38,4,1
263,422,24,21,4,1.761338678384805,1.446533126514817,38,9,1
264,214,18,36,18,6.422525552489531,1.4516500137521793,26,5,1
265,351,27,8,6,3.979185183310463,4.926976006292409,14,2,1
266,391,20,45,7,6.622516163755682,2.4536967992324454,30,5,1
267,393,6,14,19,1.5910571554494124,1.3808014161999804,31,0,0
268,352,6,11,8,8.445815583520519,3.916019009042966,24,3,1
269,210,9,46,17,2.8871375085813353,3.013199598730598,14,4,1
270,277,12,29,2,3.556114054815626,4.225832155273477,20,8,1
271,442,29,3,18,4.576704959956462,1.857752954202584,4,6,1
272,215,29,10,5,7.58427953402459,3.6163779713462008,3,9,1
273,398,20,20,10,7.627256457365754,4.410065495679309,24,6,1
274,246,8,6,14,8.567822730277323,1.9771483231490379,46,6,0
275,328,28,7,8,1.128789670543241,0.8644872048607083,24,6,1
276,243,29,28,6,7.194335139954066,2.3981522979943355,28,5,1
277,87,19,30,11,9.952051587843233,2.289897002960017,18,1,1
278,258,18,49,14,1.48988698260071,2.032263440990822,37,8,1
279,336,26,31,13,2.2336177184217942,2.1525492033011013,49,7,1
280,113,24,36,8,7.503438306836827,0.14083092300667122,48,6,1
281,492,20,18,5,2.690529115143414,4.596261207227222,5,2,1
282,110,28,23,5,0.6885313717460639,4.528356981201249,1,9,1
283,215,5,19,8,3.195664548736289,2.1121998087761713,28,4,1
284,241,15,42,14,6.846311169371704,0.609510469878079,28,8,1
285,177,18,31,10,2.124370703676747,3.2353971274892803,8,6,1
286,365,26,26,9,0.1760978765653476,2.1421422037357645,47,3,1
287,94,21,49,11,4.388674105430442,3.9683270431070494,32,2,1
288,93,20,40,15,9.92476417347703,0.9846996036037609,43,4,1
289,342,11,47,19,7.473748140934725,4.141289410203849,21,9,1
290,435,18,31,11,6.024440282789404,4.085286710767642,25,4,1
291,465,17,14,1,9.922720696392673,3.297481507861409,21,7,1
292,392,23,27,15,9.532511092220664,0.6285000481573122,12,4,1
293,386,21,9,16,2.6201416395978594,3.4853299913216422,6,2,1
294,487,12,32,17,2.877174038090724,2.193188510630974,43,5,1
295,401,29,12,16,6.861269556844867,3.971716478645775,31,3,1
296,55,20,6,18,6.174316238839987,1.315648819241516,41,8,0
297,196,6,13,1,8.561755934153352,4.81894342744001,14,9,1
298,473,29,31,6,8.576739500251275,3.666300074993061,19,4,1
299,438,17,9,10,8.685168580158917,1.6136080744606267,4,4,1
300,345,24,17,12,1.9893517854239173,0.01962798363969176,8,1,1
301,355,12,10,5,5.2537806418857524,2.9765261814903883,43,5,1
302,109,10,23,11,8.598337352663867,2.4687802140451405,41,5,1
303,219,12,25,5,7.76150024920652,3.616336347323622,41,8,1
304,210,26,42,4,3.292808656079308,0.7041987277304068,47,7,1
305,55,18,17,5,8.243485543638435,2.7869249178484,6,9,1
306,93,24,26,7,0.19222244177195646,3.7629254337492286,42,7,1
307,472,8,36,1,8.377161976724448,2.824905924942747,47,9,1
308,241,10,37,6,6.530735131691259,4.250647002085999,1,9,1
309,340,6,14,1,7.754439681867172,4.536828773566088,26,7,1
310,163,21,3,3,4.917163324321528,2.8453632936592816,49,1,1
311,457,12,5,13,9.96893485011983,4.919784267999908,31,3,0
312,370,14,29,6,9.593985978665781,3.453985929019858,5,7,1
313,398,13,48,19,5.930388033173336,1.206662071455138,29,5,1
314,141,24,42,1,8.890851825359785,3.106352174627859,20,9,1
315,81,27,17,15,5.442173003833746,1.305727427273241,27,3,1
316,407,11,20,3,5.233926561134759,1.7010083885011822,25,5,1
317,499,25,37,12,8.720842358562306,2.0331591613302447,16,0,1
318,286,10,46,19,1.9377480251238544,3.1720565575731667,40,0,1
319,326,18,29,16,3.0961527956706556,3.21031844257212,26,6,1
320,380,22,25,6,8.462702199753085,1.8433557437355748,19,2,1
321,172,19,18,9,5.49852108419901,2.946251329578123,47,3,1
322,162,21,1,6,7.484133345049778,4.86997434613409,15,1,1
323,419,7,26,15,0.9146219952632395,3.254078851509148,0,2,1
324,438,16,48,2,1.2625146531653375,4.167355122939166,48,9,1
325,349,10,5,12,7.109918306435858,1.828660904019352,12,7,0
326,481,17,20,14,0.6879021090246207,4.81905261617775,17,8,1
327,90,6,43,13,9.783198240299965,1.3378719360497027,9,3,1
328,393,14,22,14,3.1722749988313104,1.6441002779408547,19,2,1
329,115,6,39,12,4.43448981933529,4.9004101483722655,1,4,1
330,67,9,34,12,0.603035721896561,2.2317351358674022,28,0,1
331,394,22,36,17,6.447639768992514,0.4697831236640465,5,3,1
332,92,29,24,4,3.9978427351768064,0.09147439122238477,16,3,1
333,95,5,40,10,9.632180225272485,2.6883823609332644,16,3,1
334,363,20,17,15,8.61012525410589,1.4706367533741087,49,1,1
335,263,21,42,9,1.403172344950685,0.4241271748348624,19,3,1
336,63,22,27,5,4.176204519984072,2.8150092831568365,45,7,1
337,347,16,23,3,0.19271902148071285,1.7170932885658508,36,7,1
338,412,15,34,3,3.9091424696127044,3.9517683298688078,37,4,1
339,245,23,30,2,5.916289045002139,3.5934082780118466,5,1,1
340,247,9,19,19,7.505953507955645,2.0404738371809255,10,8,0
341,59,19,29,4,0.8849317864397055,2.740586679089176,30,5,1
342,372,17,43,13,6.4637168031897225,3.8840905309969513,32,9,1
343,396,23,16,5,5.720971571684014,1.31057515481052,43,7,1
344,418,18,6,5,8.239080732046464,2.0788638428463306,28,2,1
345,71,5,9,13,6.7171802163015375,0.131676562667144,11,9,0
346,55,19,44,11,0.30069309964522284,1.3856556473666544,49,4,1
347,301,21,33,13,3.890178989101838,3.9909069554826515,34,3,1
348,144,19,44,5,5.254109982434503,0.6987588651904941,25,3,1
349,220,26,38,3,7.064513386134463,1.6077762066758605,5,0,1
350,112,19,26,4,0.1952228076779705,4.68806031232943,22,2,1
351,110,19,39,10,1.380651790784374,3.854606580345176,48,8,1
352,299,5,8,13,7.669551236170896,3.031336352287441,18,2,0
353,204,17,16,15,3.3937257342474747,1.2235638649887677,21,1,1
354,402,11,39,1,2.4658334363253753,0.803309009503575,25,4,1
355,368,10,12,10,8.237416243974193,3.5705298419710294,6,1,1
356,125,23,25,11,9.03710623706499,2.783662200127081,31,6,1
357,321,28,28,6,6.3172579014355374,2.697920277588863,13,3,1
358,325,6,9,11,2.0552531878220357,3.001667786141255,22,7,0
359,75,8,45,11,5.6222644446270165,1.4831786796134339,49,4,1
360,169,9,29,3,2.1422404752320356,0.25302540835354437,6,5,1
361,156,6,36,6,7.689310245745001,4.630124740441636,19,5,1
362,65,9,42,6,8.546614781893947,1.8905439247944416,36,3,1
363,270,8,45,14,4.425432001964057,1.1827207087516927,47,9,1
364,149,29,43,12,2.9551499757857513,2.755701412195373,39,8,1
365,123,27,22,12,2.5978670177624963,1.896373898520109,3,8,1
366,294,20,37,5,4.320458663053364,2.3592201295114994,2,7,1
367,234,6,4,2,0.7154437089229648,0.7165923531380713,20,3,1
368,455,27,27,2,4.1148300815952155,3.474329609837703,19,2,1
369,431,15,22,3,9.664261071035215,0.5824235920213855,19,5,1
370,409,26,22,12,7.1148587696791274,4.1830490303317704,23,4,1
371,277,29,2,8,7.546996549775644,0.37691396789228615,21,9,1
372,200,7,13,13,0.8821823207955326,3.1120708212000125,24,7,0
373,228,5,43,17,1.3001702993572395,2.4121179753496302,49,1,1
374,490,8,31,15,8.272844662229963,2.902427320609571,24,9,1
375,473,6,13,5,1.9637310581167144,1.7636352605688632,25,4,1
376,323,18,47,14,7.614720886567733,3.625636415201741,48,9,1
377,134,14,4,16,8.989762864257889,2.603077526525148,14,6,0
378,70,7,4,15,2.7815114480051326,1.92813569727039,16,9,0
379,352,25,35,8,8.879944025805592,1.0431657057500137,4,1,1
380,319,25,46,18,3.4819053261537682,3.5683733925483523,11,4,1
381,103,18,7,4,3.8116549963767565,4.250640580984838,42,3,1
382,402,20,13,15,2.9004466311283994,3.524708363125156,32,2,1
383,305,23,40,11,6.203050079341541,0.5159478626321018,1,3,1
384,453,15,43,12,4.583314045004022,3.468864968915466,19,5,1
385,249,21,32,1,4.032491980373184,0.945082329442451,4,9,1
386,256,28,1,2,5.217774826426097,4.111445156204492,29,2,1
387,125,23,4,15,5.320553171679823,4.291415650256209,37,8,1
388,176,29,26,9,6.231573361821891,3.14635959569269,2,6,1
389,298,8,42,12,0.02253750338449323,1.0881297403038364,45,9,1
390,347,14,15,8,6.481530172313929,1.9716045545636574,4,1,1
391,108,20,11,19,9.837246942263853,2.009435273376023,3,7,1
392,184,6,18,4,3.3203205009661763,2.004916862098574,43,8,1
393,87,6,39,17,8.793555183172272,3.448884702087514,22,1,1
394,327,20,33,3,8.066545500648882,3.1966429219676558,40,8,1
395,496,6,40,13,3.3617924638197105,0.08780059403809881,40,5,1
396,496,14,12,19,3.6520455457006773,0.3485400419144924,31,4,0
397,458,15,42,16,0.5593260647286191,0.050406506746733526,45,0,1
398,487,14,47,9,4.015031656871553,0.963553568587408,19,0,1
399,472,12,19,13,0.7090439299696238,0.539696682156538,42,6,1
400,352,24,45,2,5.42911412029397,3.548983000233604,20,4,1
401,157,14,48,11,4.006558342572126,4.929339048452434,15,4,1
402,192,6,22,19,7.260619263411467,4.160412060218863,33,2,1
403,122,22,25,5,2.61121127224341,1.710542980379568,17,5,1
404,278,7,3,12,1.1546740109226539,3.3825408253383618,7,6,0
405,262,25,8,14,3.1818984756484294,3.3841444584236853,2,1,1
406,470,15,38,13,1.2509432935241926,0.7904060576091476,12,2,1
407,211,8,29,18,2.6593470643720196,0.9238794253654431,48,0,1
408,261,17,17,9,6.356260654641686,2.7415015160768927,21,3,1
409,476,8,49,5,6.850475092771546,3.787121031393119,18,2,1
410,486,29,40,16,9.20412867269178,3.6266176642497507,42,1,1
411,371,7,5,18,4.188984588667659,0.9123258757288755,8,4,0
412,119,9,42,5,2.1863347471566366,3.3062888012948957,17,7,1
413,401,20,3,1,1.3035852380066093,1.438152548915554,19,1,1
414,72,28,41,2,1.3644940093028646,1.467251686734869,37,1,1
415,202,8,7,9,1.283829653036942,1.789557540279204,34,5,0
416,447,25,49,1,3.0081300635239208,2.4146902915916084,1,3,1
417,110,26,31,1,0.7884356884808175,4.924920975305225,39,5,1
418,367,27,45,10,5.830895743418206,0.5002111548242238,44,9,1
419,180,20,40,9,7.513862937657256,0.609636457078907,30,5,1
420,285,24,3,12,4.2842751432130015,2.6223155558607103,14,3,1
421,475,28,2,5,0.870370447223755,4.0258734484404295,24,8,1
422,285,25,27,15,9.760084945046929,4.991786829472062,1,1,1
423,171,25,3,13,0.6919293142562433,1.5614053868039606,43,8,1
424,334,14,1,10,6.59001813596162,4.8315049698553425,21,7,0
425,224,28,47,14,4.258931357959689,2.525155828323404,18,8,1
426,187,19,14,6,3.3068126901451866,4.405653212336763,43,8,1
427,301,13,25,9,7.949939618909138,4.531021031646322,4,6,1
428,448,18,42,7,9.083551763174238,3.1350751262361642,47,1,1
429,144,17,5,17,8.062948269224412,1.081947272564886,14,0,1
430,106,6,8,4,3.0717653120659714,3.5137119590716552,22,9,1
431,54,23,15,14,7.204409356485741,1.4903474394144345,11,6,1
432,289,22,48,10,0.13523128241186066,1.1521013477511055,35,1,1
433,425,8,35,5,9.711258404002427,2.645238245331468,34,1,1
434,83,10,15,1,8.20268491703259,4.280765905639058,10,2,1
435,238,22,2,14,6.430674573395559,3.4661932490180973,0,9,1
436,88,26,31,9,1.9186953191911793,3.816620765694016,19,2,1
437,87,9,34,9,5.931810968712853,3.993103504094942,10,4,1
438,489,28,7,7,4.525853486367229,4.6020488327519695,38,4,1
439,53,9,45,5,9.596179333760995,4.226220143453935,20,4,1
440,60,23,20,19,8.752154501701337,3.479685868054086,39,4,1
441,199,23,8,2,9.815797716648895,2.1124152982795943,29,5,1
442,164,23,7,18,3.9704564453274105,3.2189173405455396,7,4,1
443,185,18,3,10,6.6382988046256255,1.6493242327867463,49,0,1
444,365,28,39,12,4.741269254950993,4.837354750087687,15,1,1
445,444,15,18,13,7.599658753141918,4.844646263601478,15,5,1
446,291,18,6,4,1.4229607451499993,0.11697495812382053,34,5,1
447,253,24,31,3,0.32300322141438187,0.2729604187389345,20,5,1
448,200,18,5,4,8.615653672244221,0.08581128868428434,2,4,1
449,213,26,22,5,1.7757174461969238,0.2840668390232626,45,0,1
450,472,17,40,7,0.575754460774589,2.6779097370569014,3,6,1
451,280,29,30,14,5.562434199321213,1.1572334040633843,25,8,1
452,315,15,3,12,0.0033210415526041537,3.3289974843414187,44,4,1
453,306,12,30,13,7.166910640007391,2.5932415635672825,10,4,1
454,314,15,37,7,6.7378839969459525,0.3743177085213506,10,6,1
455,305,13,38,18,7.671143792672645,1.4676048241792061,9,1,1
456,428,28,7,12,8.772267066534354,3.4550472213993046,49,3,1
457,302,22,23,4,5.956180539339567,1.646090790603233,5,2,1
458,50,12,27,8,7.742878917545712,3.1291685648250493,31,1,1
459,400,12,38,3,6.279181640909453,3.457516603418416,5,4,1
460,333,5,9,1,0.3238128255215478,0.583640060678503,7,5,1
461,435,5,15,13,8.855261007620928,0.9360554574844465,37,4,1
462,64,17,39,11,0.016124687589147424,3.382693707456241,32,6,1
463,170,14,41,9,9.980700428627852,4.0670792571003265,21,3,1
464,467,18,30,19,8.859568465920358,0.6656346329626561,1,7,1
465,205,8,10,16,1.0712616343789416,3.968669770676996,36,7,0
466,290,13,25,4,4.59588643773982,3.210233865590411,25,0,1
467,442,27,16,4,7.87483565522777,0.8784036980668841,13,9,1
468,317,26,31,2,8.036054176168303,4.637793471676227,10,6,1
469,308,11,26,8,6.159438663612432,3.8180607152127592,31,2,1
470,231,14,23,12,8.91581233804877,0.5395724129287588,42,9,1
471,202,16,8,15,4.493612862265241,3.517731584820172,42,1,1
472,182,18,28,3,6.557810324254118,4.305609590273864,15,5,1
473,461,9,26,17,2.2029705853994566,4.51051373002947,9,5,1
474,294,10,39,2,1.3553793789006263,1.6137542241799696,10,2,1
475,330,5,8,11,1.420324107441786,2.575475249510595,8,7,0
476,216,21,33,2,1.5284454910793588,0.30762911962962936,28,0,1
477,198,24,31,7,6.6615424218055,3.253064652032447,35,2,1
478,97,15,44,4,6.839875791940439,4.522322547191048,43,6,1
479,313,22,13,12,1.5444893712077068,1.7556591687405128,40,1,1
480,261,27,33,8,9.975662317840923,1.379298402350178,6,7,1
481,267,8,32,7,8.92385351214223,1.37633849373964,27,0,1
482,352,19,25,2,5.378934955410099,3.838672101924004,32,9,1
483,54,12,43,6,4.390502893080351,3.3602806917778816,21,5,1
484,262,20,47,17,7.299921447228284,4.396547074351024,21,6,1
485,383,27,22,18,0.8819899393953945,2.079711724196653,21,1,1
486,87,26,10,3,5.0642572140360445,1.7567109888863959,0,2,1
487,245,13,9,9,0.2454620393046547,2.9422598918621508,39,3,0
488,379,10,12,2,5.019245970247152,0.9826816925869936,2,1,1
489,380,21,5,1,2.327835413774525,2.6907006667015434,39,5,1
490,378,8,36,16,5.916575485453912,3.618870503876787,13,7,1
491,199,14,29,4,9.208936211823824,1.8813578185500064,8,0,1
492,463,21,26,8,5.813523481987549,1.3159600903293156,26,2,1
493,142,24,1,2,8.507495296687441,1.2115331604436208,13,5,1
494,477,28,16,1,4.289834360371538,3.7520949995321273,40,9,1
495,108,17,48,5,2.8279142530959342,2.564170342383621,45,4,1
496,445,27,6,12,1.6885665583323017,3.6215999261013083,29,8,1
497,53,14,21,15,1.362477147735549,1.3380914709532898,29,4,1
498,63,12,15,7,3.1677391993701165,4.275668293083963,25,4,1
499,301,14,41,15,7.061443406447049,3.082959605403885,33,0,1
500,219,22,4,9,9.92316195926927,2.0130424650811483,41,1,1
501,263,15,32,8,3.481380005738904,0.22307469105944278,30,7,1
502,299,29,25,8,6.152282925499123,4.4064323003420265,7,5,1
503,59,17,15,7,1.6659268443634079,4.459296238463147,28,3,1
504,117,19,6,9,5.881550317412611,4.230379257410039,34,9,1
505,419,19,40,10,8.266557787642284,4.675352601322375,15,2,1
506,103,11,41,12,4.89421942799397,3.3112693424243744,9,5,1
507,198,24,1,16,9.328068652837521,2.9431345024431916,0,0,1
508,221,18,35,7,6.570351234444384,0.37299318194858877,17,1,1
509,489,5,17,18,9.440680104907518,3.4378758920159527,8,0,1
510,326,9,43,19,8.317175015109243,2.847837356783282,35,3,1
511,229,19,9,10,0.4021338736618474,0.44782966152534964,7,5,1
512,75,18,36,11,6.592181766896435,0.39197018467920675,38,5,1
513,84,28,43,9,3.048970976883595,1.3879721338072821,32,1,1
514,349,16,25,16,0.28231999771351046,3.6602348121078423,11,8,1
515,129,9,18,8,9.431743272510447,4.419661927261575,27,3,1
516,306,10,35,4,2.194231408326278,1.9909047274347635,25,1,1
517,279,13,28,18,5.685064612302152,4.463676621545604,1,2,1
518,97,11,35,2,6.682003791514792,0.011374316594784384,40,9,1
519,451,7,38,13,6.5779260679119105,1.215925510084908,43,1,1
520,216,23,18,3,3.7139902881263556,4.688021223270795,7,2,1
521,141,10,43,17,5.155879134066189,3.395380889399396,36,0,1
522,82,10,1,7,2.8273932032210625,4.985310124146277,23,6,0
523,273,11,38,4,2.704443770074807,0.8290644253712287,4,9,1
524,63,8,44,12,5.679719174834737,4.000110226305534,6,8,1
525,156,21,28,19,9.109809458013649,4.7817567213636325,21,8,1
526,177,28,24,7,1.1211056254355956,2.6365545338093006,28,6,1
527,240,13,48,17,3.5486517701399753,1.3606365574912576,34,9,1
528,395,20,27,12,2.930077691571231,1.9450347507031012,30,4,1
529,81,15,12,2,2.9610347747138377,1.9738441383938192,40,2,1
530,425,25,21,8,1.4061768117402618,4.039533230806838,25,1,1
531,57,10,43,10,1.4502762622811072,0.8401562988408467,4,1,1
532,115,20,10,8,4.476134925047236,3.7181558357286693,42,5,1
533,147,8,17,4,6.525772628728416,3.581647600371368,33,4,1
534,370,23,20,13,9.679145499422635,2.4363629812709204,24,9,1
535,308,28,18,3,0.24386501600388133,4.8959347694020625,47,4,1
536,73,9,25,5,2.789996765055495,4.2154162353718325,48,7,1
537,119,8,9,5,6.895862001256271,2.311965881953647,25,0,1
538,334,29,9,13,2.212070336264934,0.7445460022418882,24,8,1
539,284,11,7,5,8.57081969697662,4.45578228745714,29,6,1
540,195,27,29,8,4.233489897206207,3.2592682313284147,4,2,1
541,402,29,16,1,5.8928722683478245,0.37258638234643315,5,6,1
542,472,19,19,18,4.227384017269353,3.610797430430326,3,0,1
543,408,6,35,2,8.04120848219113,1.6199263158993866,44,3,1
544,410,22,40,4,9.436705006536837,4.18810257190591,31,2,1
545,430,27,45,1,2.6238364658805757,2.043384648497495,39,3,1
546,323,7,35,13,1.4399129732854432,4.672631052086918,38,5,1
547,57,14,40,19,9.920850377150318,4.082847205652201,8,6,1
548,123,25,33,3,8.944640401082351,1.1474780032901482,3,3,1
549,181,15,6,16,4.250885781465346,2.291584208590737,26,8,1
550,445,12,2,8,2.0606363291622687,3.057200352254857,24,3,0
551,478,7,21,13,2.418273831700155,2.2097800240018284,29,0,1
552,83,5,49,18,6.228878100641836,1.945079181615883,45,3,1
553,104,25,47,13,0.30974664833464893,2.9540811512491807,49,4,1
554,306,20,6,19,7.968481703187601,0.2821710540161143,23,5,1
555,213,27,46,1,6.015325188647742,3.1956643130855813,36,5,1
556,336,23,1,8,3.35758224423257,4.627101658802441,48,5,1
557,419,6,9,13,1.178162560780428,4.619881835278483,43,2,0
558,141,10,33,11,3.034049610665812,4.064784943206598,48,7,1
559,338,23,28,17,1.8507627882100641,2.374368840622939,24,6,1
560,206,14,8,18,2.931096056359319,1.1243737101324243,35,4,0
561,414,26,24,6,1.1751034265840132,2.4775401130835997,29,5,1
562,279,24,48,3,8.85780849191845,4.306793694443923,37,7,1
563,410,11,43,2,2.592574976857801,3.0606467617001822,0,3,1
564,103,22,29,4,2.728550947165309,3.5445874573495297,41,0,1
565,425,24,46,18,8.76814612386305,0.04139962907997896,45,3,1
566,371,14,35,17,9.515942068515894,1.0240846632226193,40,6,1
567,294,29,40,1,3.4321870952265785,4.060228260394715,24,2,1
568,250,28,29,19,3.7400200131762795,1.9400665312059362,39,1,1
569,51,11,49,16,7.5374373850796985,0.08070977858585904,11,2,1
570,154,18,10,19,7.530401242184802,3.5683636448517815,37,0,1
571,121,14,26,3,1.2629194951890577,3.5428661684473455,46,3,1
572,160,21,16,5,6.970819455172329,3.8477151887106213,45,3,1
573,381,12,7,11,1.0024483618889024,2.43038791434673,43,1,0
574,127,21,15,4,6.790418577834942,2.089049100724354,2,3,1
575,479,18,46,14,2.262152109262848,2.9717820542484628,5,5,1
576,154,19,18,11,5.451450332149003,0.8693613756957747,43,5,1
577,416,10,13,19,6.267878847068509,4.240250631963421,14,1,0
578,416,26,38,2,4.137281357268218,3.646310598957894,39,4,1
579,228,27,24,18,8.09360827048883,1.0061274039285584,26,8,1
580,134,11,4,16,0.22600322098832337,4.894327667587393,47,4,0
581,59,9,39,14,3.3742699979745137,2.2863899281723294,14,6,1
582,180,6,37,2,8.366227685754938,3.398710056829609,41,6,1
583,275,28,17,1,9.179670663717237,3.751487197279137,4,2,1
584,146,8,47,15,7.172150234132935,3.7783071999811124,40,9,1
585,189,14,23,10,2.06950542500726,0.7538831688996361,13,2,1
586,120,25,25,1,9.841275712980284,1.876001397573333,17,2,1
587,57,17,14,17,8.541851662618772,0.9995186824939067,8,9,0
588,353,19,25,3,5.7080519647592745,4.719643081818799,43,8,1
589,93,14,38,10,5.893904496542902,1.8586250945683176,40,4,1
590,284,9,32,6,3.522260401293776,4.287680092855808,41,1,1
591,363,5,33,10,5.949227145916437,3.371357173023987,46,7,1
592,280,24,17,7,2.5242592498089076,0.3131358788182942,37,0,1
593,405,27,44,6,7.717660174548771,4.030834892502116,20,6,1
594,382,7,24,1,8.160288165475473,1.8329626369751035,8,9,1
595,89,20,34,8,1.7342693257763386,2.7633779621778847,16,8,1
596,328,16,4,19,6.852910280226565,0.5263692267064052,47,0,1
597,334,6,39,17,4.153178985626246,4.613407279333353,1,7,1
598,441,14,12,15,0.035951262401969775,2.2805440400774035,47,4,0
599,169,5,45,5,6.077111771293486,1.228591725321434,17,5,1
600,197,26,19,16,4.020491339208544,3.596585236556659,39,6,1
601,379,24,26,4,1.0419261784666745,4.800686590185195,19,4,1
602,147,24,20,15,9.637595778604053,1.0912213919741665,14,5,1
603,171,26,19,1,0.17425261921062085,0.09843089402962746,14,8,1
604,113,27,17,8,1.9100902964052802,3.5500488817739964,4,1,1
605,389,25,45,10,4.340376681982293,3.2566752561953467,20,4,1
606,366,11,18,10,0.9081545490802156,2.7696255867104655,1,7,1
607,314,6,32,18,5.819170311151284,4.592961423861313,6,0,1
608,113,9,41,14,7.8153008239744555,4.2176435717085585,30,2,1
609,463,9,17,10,1.815237835177168,1.4901759710510358,24,3,1
610,140,22,21,17,2.8046943608353505,1.6663485801966194,8,7,1
611,258,21,46,13,0.19295235275119227,3.4384846935525584,6,2,1
612,294,18,38,14,1.3398357277281292,0.9338951580486576,1,0,1
613,370,28,20,3,8.327806756281127,4.588416575101194,22,9,1
614,262,6,24,19,4.645480977776266,2.330208669984307,33,0,1
615,311,10,44,9,1.1281330633811237,4.477939781050609,24,0,1
616,258,9,41,16,9.346533460704993,2.6700566439869577,0,8,1
617,408,20,42,8,2.7030611108508085,3.928055186863764,36,9,1
618,326,20,9,11,5.535087369810316,1.0286346646262101,36,5,1
619,113,29,25,6,4.565923948422078,0.44245302392913743,1,5,1
620,498,7,44,18,4.674410470326389,0.8165855956482143,24,7,1
621,118,26,31,19,4.529797188398819,2.8933164082737157,7,0,1
622,157,28,20,9,4.891169327829107,2.367497295419128,26,1,1
623,271,22,47,8,9.13919121378741,3.275524987549674,7,8,1
624,190,14,38,9,3.280073460122821,1.1771097899256473,45,4,1
625,347,21,49,15,1.8784230357277276,1.2159048543731736,32,3,1
626,436,7,43,9,9.16525693513011,0.755283151929364,14,7,1
627,93,10,16,1,2.093811520506467,0.1638564349299526,8,0,1
628,308,13,28,5,6.016862323131816,0.3792239598716246,41,5,1
629,91,16,2,8,6.109789596313162,2.701622819971063,7,3,0
630,323,10,14,16,5.684112052809636,2.2187445041592673,25,2,0
631,434,24,35,3,2.7638217272165577,2.489004193487464,41,5,1
632,298,7,25,6,6.734016958184315,1.0434258826965692,25,1,1
633,248,15,15,19,4.68139092922617,0.4036592637301173,25,1,1
634,402,13,10,5,6.340084394528978,2.481861404396189,22,7,1
635,145,24,12,5,9.639251432746876,2.948670828487967,23,3,1
636,144,23,32,2,5.260112893689564,1.2685247389112293,25,7,1
637,210,20,20,15,9.504288293523564,3.7252349942953042,49,5,1
638,346,14,27,4,4.120863567363882,0.6041739837083626,24,3,1
639,474,19,38,13,5.623457606955377,1.5899032936953028,10,2,1
640,490,20,6,3,1.767616936959957,1.5069028551067953,10,1,1
641,410,28,33,8,8.295252032728763,2.742894477410087,14,9,1
642,335,8,19,1,0.810032040298323,3.966665137135382,16,1,1
643,452,8,10,7,2.3183398704402935,3.720954669026671,4,5,1
644,415,19,3,10,0.08511693178618995,1.8869568436675166,43,8,1
645,192,8,11,4,9.877200585521837,4.979919305752997,30,0,1
646,267,11,28,11,4.5042927750938,3.416753559835838,44,3,1
647,100,16,5,18,4.278055532525241,3.7234123754359545,44,2,1
648,178,17,3,2,8.02746043830753,3.255451226366803,9,9,1
649,495,12,13,3,2.1690613896287303,0.7226356766409686,12,8,1
650,85,23,32,14,6.612189951198366,0.5506346241063287,30,5,1
651,364,19,20,3,9.672118304063797,2.657441427122302,9,6,1
652,200,28,10,6,0.6554362261125213,4.367926432894348,17,6,1
653,216,6,18,10,9.198092474450593,3.519507416057838,36,0,1
654,174,16,24,8,0.6793101508111254,0.48591033659173277,23,8,1
655,454,17,11,14,5.8675077406859355,0.7734089807332151,15,6,1
656,117,27,43,19,6.21409066869453,1.6982916334238385,27,9,1
657,456,18,43,7,9.29998717106741,2.5840995532467854,10,1,1
658,201,9,37,3,6.7186820468968635,3.5268876053617184,41,4,1
659,104,6,23,9,4.432438819217102,4.822952024322381,34,4,1
660,166,6,20,16,2.760368274996167,3.8174214928088674,45,2,1
661,367,12,29,17,0.6399227846055644,1.1311294194965087,31,9,1
662,460,29,10,3,9.098143601453238,1.3018266502324312,24,8,1
663,145,11,34,3,1.533501510945381,1.1558399054864248,23,1,1
664,302,9,12,18,2.6045167877105415,1.0376321570659948,48,6,0
665,61,27,34,6,7.764913941381226,0.8432107807973338,8,8,1
666,209,19,16,7,2.534250074336548,3.92828516983962,5,7,1
667,400,19,13,17,4.82592769501208,1.250946401578397,5,2,1
668,52,27,26,16,3.1823897822669,2.6448182872194588,33,5,1
669,381,21,25,15,1.0566091672975864,2.973859672499865,46,7,1
670,463,17,7,14,5.10394606307084,4.822415921108209,32,1,1
671,490,24,40,1,0.23636728764741322,0.5857417375463458,9,3,1
672,404,7,19,5,0.13538587715809403,4.063884331962923,32,3,1
673,223,8,17,2,0.8952087281974264,4.365514664336445,37,8,1
674,65,20,40,19,9.359359770667755,0.6426460097760783,46,6,1
675,256,27,24,15,4.511195556477535,1.9172074538455275,16,1,1
676,483,7,17,15,6.511141329913749,0.8620997412502579,39,0,1
677,93,17,40,12,2.0734584252910726,4.743990798037016,43,1,1
678,325,25,47,2,3.979322665788941,2.373933575450793,34,0,1
679,220,18,16,14,5.119228151891871,3.2125871158132515,42,5,1
680,462,5,48,3,1.4178679655796633,3.3844348124217305,36,6,1
681,419,8,42,16,3.732708403890684,0.6302911192977989,16,8,1
682,393,27,44,17,0.977966982759636,0.16323025275633285,27,1,1
683,275,25,33,9,4.198197170168352,2.986066060907764,4,9,1
684,288,25,22,19,2.493980023485125,1.7163098302829793,22,0,1
685,442,22,25,4,1.3544791752082908,3.2315637568751816,15,0,1
686,60,13,32,7,0.564949401755549,1.0114042465006285,28,5,1
687,377,15,11,15,0.5297338686878361,2.4931916146733695,23,7,1
688,310,9,25,7,3.01664779313062,1.0942595286045431,41,6,1
689,96,17,11,4,6.482954543375682,3.870469449730471,4,3,1
690,78,5,46,14,3.718051731100822,4.171157980492427,33,8,1
691,415,18,38,2,5.791941214144107,4.596943995603742,43,0,1
692,143,8,35,4,1.5318805693322501,1.3490733373670576,16,8,1
693,76,18,23,6,1.9353696110802554,2.6048376804585383,43,7,1
694,156,9,8,13,1.0995001737246257,3.5512463649637427,7,2,1
695,425,22,37,4,0.6575916513734814,2.8691840864566776,30,7,1
696,365,28,12,5,6.017135144911481,1.5321845909410365,11,6,1
697,411,25,22,1,1.698036783112551,3.8826883918966013,39,1,1
698,144,18,4,1,6.153240578859308,4.7790150123485295,20,2,1
699,260,7,47,9,9.042298973239815,3.964894760248454,1,2,1
700,156,28,12,6,6.861289803534364,1.410965191240559,33,7,1
701,71,15,20,7,7.743441054434214,2.175697530484722,8,0,1
702,328,28,29,16,7.435113022752706,2.9788503909484954,18,0,1
703,439,6,23,12,2.1190787821893178,4.391157155826861,16,6,1
704,179,25,45,6,9.40214891954714,3.7098469626615573,5,3,1
705,338,23,2,3,9.541175425836647,0.3095785591139749,49,6,1
706,382,22,26,8,6.344610468478026,0.6843008969119241,43,1,1
707,70,21,23,2,3.6763190823597536,0.02019654606315535,15,5,1
708,315,9,20,4,4.014063935040218,2.433207768329747,15,2,1
709,370,21,47,2,3.6440488672094604,4.230289940801906,44,2,1
710,180,17,18,17,5.398448458235114,0.9908424940662669,23,1,1
711,428,26,6,17,1.0256427696701742,3.9100763064900104,44,3,1
712,271,7,42,7,9.870407091798656,1.9292001406474553,32,1,1
713,477,17,33,8,8.693322028679619,0.05657724394272978,11,8,1
714,165,7,28,10,0.25380165276184585,4.930452667145123,23,0,1
715,417,11,23,13,1.1973602915630777,0.6272197980551814,12,7,1
716,267,11,23,17,7.103062426188985,3.8163899526973837,6,3,1
717,376,14,47,8,5.5095789211250406,0.9244422941385244,15,3,1
718,260,6,41,15,5.421500394258574,0.4481490087863682,27,2,1
719,456,9,31,3,8.520137482745596,3.80363562094985,21,7,1
720,280,29,27,17,1.7095750239725338,3.0462455343683095,46,2,1
721,360,20,43,15,0.37757327325946166,3.298497017124526,28,4,1
722,206,22,39,4,9.988254223237245,0.7242323035974074,18,8,1
723,459,28,24,4,5.48453292062835,2.2081395395036116,30,4,1
724,285,7,6,6,9.45650092181117,4.500504240695193,15,5,0
725,299,21,24,7,3.089651224098313,3.3188606104343075,10,9,1
726,84,6,36,19,2.3967455661694648,4.939907890506413,6,3,1
727,434,24,48,3,1.0618806926570934,4.646949396245225,36,7,1
728,89,13,5,4,1.334432178431364,0.6100984098968704,1,8,1
729,494,11,1,11,2.9365451775423477,3.2486949452106915,38,3,0
730,472,10,1,3,2.5489667113769587,3.171923891807081,4,7,0
731,440,10,31,17,0.013429273917289208,4.446332192688778,15,6,1
732,86,9,5,10,9.786992151183288,2.3341255596180206,11,7,0
733,232,20,49,1,3.478095401118544,4.4041916884816,40,8,1
734,299,26,5,15,0.48596586265051034,0.9853590201244422,25,5,1
735,138,7,42,17,4.486026889794919,3.4652739604394482,4,8,1
736,334,16,10,16,2.815813775580287,4.290888203303832,34,4,1
737,90,28,20,13,8.194434439502059,3.9037977063948364,7,2,1
738,56,29,13,17,5.069024197948357,2.1637624324434848,13,0,0
739,330,20,15,18,9.988809513350486,4.406519315605649,3,2,1
740,251,23,47,2,0.03288633111085515,0.8019827212918423,37,4,1
741,72,9,10,13,9.05690160869055,4.989448676125131,48,3,0
742,308,20,3,10,9.030301297952873,1.6003569229928616,28,1,1
743,80,28,9,8,8.8479676642903,3.432311501832754,41,9,1
744,274,22,11,4,9.289341830115621,4.2149616039309805,27,1,1
745,253,20,44,16,1.61759826528168,0.20979276910171318,23,0,1
746,407,28,21,11,3.6032147704792274,0.10602184410693827,45,2,1
747,491,8,6,1,6.805202676975421,3.1013419548003873,25,6,1
748,220,8,7,8,2.256518473861304,2.2079971922914945,38,9,0
749,160,19,49,13,3.7682824744863197,0.6865457972796674,26,0,1
750,188,24,23,3,0.8300876247604172,0.3639418022561658,3,7,1
751,211,7,2,2,6.574114208230423,4.732750103314424,41,6,0
752,356,17,40,13,4.0238147306011465,0.7108825501415056,33,9,1
753,142,6,18,17,8.035894722432262,2.3818344451772018,32,5,1
754,299,8,8,5,7.87000215949086,3.4377793533243786,33,2,1
755,358,10,46,13,4.036453863645898,2.657434844426168,34,2,1
756,302,6,27,8,7.235344205045574,4.062908881590611,34,5,1
757,194,18,7,6,7.254330190734004,2.0918342953287192,30,0,1
758,238,21,1,19,8.787604378617287,3.9791747989023634,13,1,1
759,215,27,15,19,7.074575686479219,4.559602595731335,42,3,1
760,272,9,43,4,3.3406835328936344,4.283024702245105,29,8,1
761,485,7,39,8,6.477846827704363,4.619965637300475,29,8,1
762,79,18,25,14,6.039449797802437,3.842067255877388,24,5,1
763,148,24,45,8,7.959858625720195,1.8739126842025455,36,6,1
764,327,22,19,13,5.883205594852714,4.099805806628301,40,4,1
765,483,10,41,13,9.15822551142221,2.772242384406725,21,0,1
766,385,5,15,12,8.202928416005298,2.628421116192362,1,6,1
767,187,13,23,15,1.5002068289284909,0.9362660471914502,13,3,1
768,463,19,24,4,6.8910924310939095,2.5261646117762204,43,4,1
769,244,8,1,3,5.1876619697105975,1.937914828386635,36,0,0
770,166,23,24,5,3.370958970898296,2.605352733222923,26,1,1
771,404,6,17,13,5.92890326382062,0.7875337090112855,32,4,1
772,146,10,26,16,2.3872121163156814,2.816466620689331,38,0,1
773,179,28,32,3,6.257727197765126,0.7925749873146298,2,7,1
774,98,15,9,15,9.179926697707444,3.683104013796552,7,7,0
775,257,18,44,12,4.14878889747893,1.656912085691327,19,7,1
776,412,23,2,13,8.457884432737874,0.4275133456716529,7,6,1
777,212,11,20,1,3.047209536150394,1.0945694529216266,7,0,1
778,492,8,20,15,3.608069055276315,0.6372948313898341,21,5,1
779,268,14,45,18,0.3483861901838847,4.17103581948839,9,4,1
780,428,14,6,9,3.90205648745225,0.8908079986764456,18,6,0
781,74,5,8,9,2.003850925811077,3.637359759991452,21,5,0
782,240,22,43,6,8.06094845920872,0.8002665736499098,4,3,1
783,483,17,47,8,4.580948361522154,2.4175141764532713,33,5,1
784,456,5,24,19,8.878734055666545,2.948116226290953,25,9,1
785,439,11,45,19,5.670379748306099,2.991995371259479,38,0,1
786,120,9,14,3,0.5279526274054402,1.5233086584947286,35,1,1
787,401,10,38,18,6.793717194973934,3.33399001449139,4,7,1
788,311,20,24,8,5.9553402812667935,2.172388267801768,39,2,1
789,483,27,27,15,5.038981417378206,4.581734091146604,25,2,1
790,474,13,11,15,6.6048515865449176,1.2182661809292195,36,5,0
791,129,15,34,12,7.315499187359426,3.2089803632130884,3,5,1
792,287,16,7,18,6.734042831104436,1.7022969315638,9,7,1
793,447,10,44,13,4.891185766392436,3.477011515732436,30,6,1
794,205,8,25,19,4.83942441843862,3.9284955555659913,12,2,1
795,273,9,8,2,6.24167707931317,0.13151408691894906,31,3,1
796,274,15,38,10,9.468030284538873,1.0482507649159638,33,8,1
797,366,24,6,1,8.061605948591367,3.0982781907149133,1,8,1
798,149,6,39,8,2.818212907267974,0.48384833186812193,12,3,1
799,473,12,5,4,9.165858568030693,3.8613644909335583,5,9,1
800,302,18,44,9,5.056100247153226,4.786682854200803,21,1,1
801,131,8,45,5,1.9252336775641732,4.537747234893949,43,4,1
802,169,7,46,1,7.542430465150534,3.874898650620305,39,3,1
803,352,20,24,2,7.419707258695135,2.596816538815552,21,3,1
804,331,20,4,18,3.2113878392343875,3.9025818549477536,5,6,1
805,400,21,35,11,5.371860415274984,4.3279693658243,47,1,1
806,137,25,33,16,2.3235289454955965,4.088248732028362,9,0,1
807,244,23,27,16,8.995727967609694,1.2325418797743437,29,5,1
808,148,27,44,9,8.09654668978321,3.6428785557170187,0,3,1
809,141,15,20,12,6.463595688137694,0.372768004407133,48,5,1
810,70,8,25,10,0.0429838584759501,3.5062271773349254,23,8,1
811,102,11,29,15,8.781222302919554,2.2398464790916295,42,5,1
812,314,19,1,10,9.52772424063986,1.890371588378651,7,6,1
813,413,25,31,8,6.070399198025738,2.5629295802016525,47,5,1
814,364,29,2,9,6.886793430429547,3.813239202132688,40,7,1
815,97,7,24,7,8.62212934580032,1.511303151421017,45,7,1
816,402,29,19,15,7.678144990451763,3.5837244188111326,46,9,1
817,465,7,5,6,0.05486999188009656,2.8520333195639465,35,4,0
818,214,22,7,12,2.1172066585896596,4.856118196818866,2,2,1
819,492,27,7,10,8.821191351151665,4.343513743241683,19,2,1
820,296,19,35,18,8.095787159519672,1.5541947027648013,18,6,1
821,117,27,18,2,2.0081430054406733,1.893598897181021,16,0,1
822,343,6,40,14,3.6120631425572203,2.2901980951929723,3,1,1
823,341,7,16,4,7.180759045756316,0.9282763525682108,29,8,1
824,489,7,49,15,1.4273744783199394,0.3699333409115152,40,2,1
825,489,22,40,10,2.707151378658695,2.5832793172718924,36,2,1
826,427,19,4,9,4.710077946021047,2.8910700247944314,36,0,1
827,170,29,34,2,3.456877075705248,0.46998216919279967,22,0,1
828,288,28,6,4,2.022121032314762,3.5260751479291907,42,5,1
829,106,18,6,2,3.562421649394454,2.7251454431472903,11,7,1
830,372,25,28,12,5.463318912824202,1.1992856833432763,10,9,1
831,186,17,28,10,6.504188223851451,4.406215933667752,15,2,1
832,298,11,13,18,9.18974713526847,3.0120761953470625,46,4,0
833,495,28,49,15,9.19074850563566,0.3293800756565096,7,5,1
834,253,14,37,5,4.835177856987953,3.722021248974869,11,9,1
835,475,10,4,19,3.8034000929621725,2.4709366212608455,23,8,0
836,57,24,2,18,1.760789881068845,2.4789636748322783,32,8,0
837,62,14,13,16,8.69214088309659,2.003219231144521,48,2,0
838,345,12,2,16,1.2118368187509476,4.426415459728084,2,8,0
839,426,29,39,15,5.536203116912323,4.58842613774948,25,2,1
840,261,15,18,7,6.932519872520986,1.339437273996134,22,7,1
841,172,17,7,12,7.536401738790312,2.4760927807082527,3,0,1
842,284,11,1,16,0.21975688954116168,3.8137638193178915,12,8,0
843,308,8,34,16,3.4519872261642357,0.11837003825133419,24,0,1
844,479,29,16,18,7.969804649272559,3.3590848434313885,20,5,1
845,434,29,30,19,5.23397365790575,0.7303087507676875,31,8,1
846,181,27,36,4,0.08071144353704263,1.870265361388792,26,5,1
847,178,17,7,9,0.04974456292380802,0.7278505382137324,15,3,1
848,94,29,25,18,8.702317085514093,1.188227479942171,49,5,1
849,290,17,23,13,7.7427400598671845,3.9837390140429054,8,8,1
850,464,6,32,4,3.7873383538629293,4.914614911530774,2,5,1
851,102,8,39,8,1.7606153457075358,4.71519273257925,30,6,1
852,411,7,22,7,6.042879520768242,4.802815429226188,22,6,1
853,303,20,23,7,6.971011104175142,1.4091724162962964,15,8,1
854,119,27,5,8,7.497979420017964,0.11459376513540287,9,2,1
855,313,7,35,8,0.37058962720865396,1.193596266450908,24,5,1
856,378,6,30,11,1.5771027644582436,4.721425418096473,12,3,1
857,150,21,31,14,1.0887058510197367,0.7087510017235116,18,8,1
858,396,26,36,3,2.4652695599729357,2.4578838644048946,46,5,1
859,161,27,3,17,1.677919205674968,3.517728633085529,12,7,1
860,309,10,33,14,2.869521207988589,1.0824079480299504,2,0,1
861,236,21,41,1,2.729879965197035,2.467285292313113,5,0,1
862,473,23,30,6,9.971856017901477,4.213273758275707,15,1,1
863,394,11,43,17,8.414181558805536,2.9211078833828825,44,9,1
864,304,11,48,2,8.493870455451216,4.5340051292787225,44,6,1
865,54,9,14,6,9.437620319139352,1.1461947196222693,2,2,1
866,252,7,6,11,6.792588275643117,4.8344264631390645,14,2,0
867,258,6,19,18,3.399241083110993,1.80042749483455,37,2,1
868,212,15,10,11,1.7021775845269826,0.4004910123640887,9,8,1
869,139,17,17,3,4.2390257888370995,4.857148833411663,26,9,1
870,80,29,16,13,5.879581839640316,1.0093737278571857,12,7,1
871,253,16,4,16,0.018607288524669086,2.9934636223689344,5,3,1
872,140,22,29,9,1.6998648045919185,3.574196693050771,20,5,1
873,213,26,16,11,0.4402913130091257,4.1176673896761145,33,3,1
874,174,24,20,18,5.046095785345557,1.801480456450596,38,2,1
875,388,20,39,14,1.7843922811081647,0.9890928050767178,24,6,1
876,486,9,20,3,9.845391585580437,0.738978172516287,17,5,1
877,61,5,18,4,4.45738444271289,0.9008883742435259,10,8,1
878,235,17,35,13,3.130992664877894,2.7224373041367866,15,7,1
879,277,27,36,10,0.005828511912546741,1.4942020908198872,2,6,1
880,302,27,7,6,7.5316289422735085,2.5726644774494685,6,1,1
881,448,12,36,13,1.3485639263468507,0.20174131627282654,42,2,1
882,192,19,15,7,3.0111126882806873,1.4781071172316111,4,1,1
883,109,6,30,12,9.80450754415397,3.209222477888432,33,6,1
884,248,9,43,13,0.6128595732879605,3.918248444741188,14,9,1
885,310,11,25,3,6.763161172241423,0.7678151723140725,14,7,1
886,412,22,47,9,1.930523833106459,3.6437992716054217,4,5,1
887,441,28,6,12,1.439885051359583,2.378794895501535,40,9,1
888,315,5,15,2,0.03784154570515175,4.793278525668077,29,6,1
889,106,6,20,18,6.973348539320929,1.7384753390291052,13,7,1
890,142,18,11,2,8.211723092007603,2.870461127148978,34,5,1
891,87,20,37,5,8.603066995900557,0.058682554988186975,46,1,1
892,66,10,7,7,0.049417369584485726,0.4818730065928323,44,5,0
893,223,20,43,3,7.9100842801091,3.0700410748871754,21,8,1
894,122,26,11,13,3.0953757141947005,2.8254657164416312,28,7,1
895,110,9,37,13,1.8428553946346593,0.21045039438799262,33,9,1
896,476,26,7,5,7.132165250500532,3.4815069311219746,48,8,1
897,438,19,42,10,8.854017698285526,1.1606118523741755,44,8,1
898,132,24,37,8,5.781875073928131,2.1216190984527845,43,4,1
899,318,26,47,12,0.5303527268470798,4.4221249188136875,18,9,1
900,334,20,25,16,1.2779846966611497,3.1426924077349043,31,1,1
901,260,22,12,5,2.742723322094985,4.821656702969774,5,3,1
902,192,20,27,3,1.8391443689483977,2.6145515359457083,9,8,1
903,298,29,1,9,8.27652889121281,1.3132732058253505,12,5,1
904,438,13,5,14,2.959285377761527,2.5237814243326055,28,8,0
905,159,25,4,7,7.876857946093771,3.339059361621406,3,5,1
906,81,10,31,17,6.256563033945159,2.17910076353903,24,5,1
907,316,7,31,10,4.384430549631788,4.946736826094062,13,6,1
908,174,6,1,2,4.440672120495713,0.17640948998804418,32,9,0
909,361,7,36,16,0.31970297006687187,0.1931337180368503,13,7,1
910,412,5,24,3,8.477112744756592,1.6007016224844621,11,2,1
911,346,19,48,8,5.0518809863205485,2.0445584255963034,48,1,1
912,352,20,30,7,5.9789486309086595,3.6486374930105443,16,9,1
913,498,21,7,5,7.966685534805133,2.819878393672457,4,4,1
914,65,8,48,11,9.2701594935466,3.1676351315149787,47,2,1
915,423,8,31,19,5.082096355689277,3.836224245283839,42,9,1
916,417,10,49,12,8.816870691933499,1.4659571958046063,25,3,1
917,310,20,43,4,3.6088123000312464,1.3434341039653186,6,0,1
918,63,25,45,8,0.9166926667769038,0.2928074985678075,47,6,1
919,464,15,45,6,6.666840195172465,1.8822738369728027,17,9,1
920,87,16,34,15,8.63118154474286,3.962100397781309,8,6,1
921,95,12,12,11,0.8526005123639602,2.2535447907193613,37,6,1
922,221,8,17,11,5.237377911378257,0.16294325245855168,29,7,1
923,438,7,14,1,3.8432853891998517,2.634839327905113,1,4,1
924,275,17,34,8,7.023727634812302,0.2294337189151624,5,1,1
925,320,24,6,2,0.30244452387875986,4.199161457547468,17,3,1
926,117,18,9,14,4.801223245479457,4.579199693096243,8,0,1
927,293,23,12,18,2.862761177773149,1.1748926803323345,41,4,1
928,282,7,20,1,2.1183609008597095,0.8971361632637692,35,6,1
929,187,28,33,11,2.706492364382118,2.1613901791466335,3,1,1
930,106,24,31,5,0.11092408503479145,4.043728466972057,40,6,1
931,352,10,10,6,3.9230227902149806,3.3635111777263833,9,4,1
932,377,18,21,3,2.445089120640651,4.1346379162510685,9,3,1
933,392,9,25,15,3.57451962320018,1.6510155880898032,46,7,1
934,439,17,28,4,6.942784804719004,2.3140571217180623,13,3,1
935,393,6,7,10,2.7333110134193572,3.9234843006268583,4,7,0
936,253,19,47,12,1.1968826562612545,0.2792408259418,37,3,1
937,62,9,6,12,4.277751492777158,1.3223500289417318,14,7,0
938,208,29,39,11,3.978549758753418,1.452548792678669,11,1,1
939,108,12,7,19,0.6214168616296212,2.554476237624226,6,7,0
940,83,21,2,8,0.4499588397817189,1.7897305216046189,25,7,0
941,114,11,8,15,2.4245498092148274,3.0715982200094505,31,8,0
942,309,22,5,7,9.476366644602397,3.1814558052254247,28,1,1
943,111,12,10,5,1.5927263965832783,4.777980029140313,45,8,1
944,152,16,36,7,9.981309270696888,3.1247842840255218,6,6,1
945,101,15,1,14,9.385544268355048,3.395148257871214,17,4,1
946,363,27,17,3,4.789312921609482,4.318330873128865,21,0,1
947,466,13,36,9,0.7782164168072647,3.104682342593048,2,2,1
948,372,10,49,11,5.8356682360206875,4.19919282954096,36,2,1
949,412,27,14,12,7.150276034159066,1.1032603210189518,3,4,1
950,452,29,25,18,7.666035262146505,3.117128466278118,39,9,1
951,138,10,5,4,5.804852956424567,0.7797279452723377,49,6,1
952,263,24,36,1,9.904178660900925,2.898733384257573,26,7,1
953,390,28,28,16,7.8753914785331265,1.5802847283306258,49,8,1
954,484,23,26,17,2.9624084991679753,2.8632164395089923,14,3,1
955,431,28,45,7,7.378982646272309,1.7932899321762945,8,5,1
956,302,23,41,9,5.6229958353040335,4.691411612474976,48,7,1
957,266,24,30,7,3.9469859939324214,3.215517117665012,42,9,1
958,183,28,25,10,1.1896506392387618,3.504117525271702,30,9,1
959,378,13,24,15,7.420281512026277,1.7697122627050592,36,0,1
960,239,24,16,14,5.261369387273641,4.852146829235513,19,1,1
961,370,23,37,14,2.5682020049555234,4.5387664301710355,5,9,1
962,90,22,30,17,3.3623178860266334,1.145401308736969,12,4,1
963,453,17,39,2,5.2688005064401535,0.08436257690657922,28,5,1
964,345,8,27,10,2.8660879911912196,3.569034532497723,33,1,1
965,222,16,48,17,1.984955443108678,3.2590745890472785,29,4,1
966,313,22,3,6,1.717360363182887,0.9287977902107286,48,4,1
967,262,16,40,11,8.382050336696448,1.6391725276804192,19,8,1
968,400,9,18,1,3.1746015179286333,0.29002917965401886,16,4,1
969,362,27,11,1,4.256233628935027,2.213360374604059,43,4,1
970,182,29,9,19,8.54006153142249,4.587327404678952,10,4,1
971,326,22,17,19,2.2327152510505366,3.8988631984961195,49,5,1
972,139,11,21,12,0.9298991089522968,3.634429992808536,36,8,1
973,145,13,19,1,3.296819599409504,0.6982405392183577,11,0,1
974,124,12,46,5,8.11619805570767,3.635653470016905,33,9,1
975,409,12,24,7,0.8287115075767504,2.099189646875215,21,7,1
976,282,12,22,1,4.002588490427337,4.694691144798111,3,9,1
977,216,28,4,18,8.452787103833217,2.587465155177247,42,9,1
978,449,21,38,15,1.568721828708145,2.8272961930082134,38,5,1
979,400,29,7,3,0.1024046842465487,0.4007638647801015,35,1,1
980,378,26,46,15,9.718156567859946,4.611513579036078,29,0,1
981,67,9,8,9,3.0978273549612356,0.7180274082196086,38,5,0
982,432,29,18,13,7.668748195965044,3.517768766292249,15,2,1
983,357,7,2,7,9.849864732588422,3.1771529375223384,23,3,0
984,128,9,7,2,0.456950208110255,3.6771637843882683,48,4,1
985,168,18,33,16,5.272847854092407,0.3728153784708155,43,5,1
986,214,13,30,17,0.25633590455046873,3.879167272393951,15,3,1
987,429,9,31,14,8.611607535002591,3.249195077182743,40,0,1
988,495,26,30,9,1.6767307296473266,3.8292314362219826,1,9,1
989,221,9,6,11,3.280628163045871,1.3728478169607077,22,6,0
990,442,19,9,8,7.180370672087997,0.45330810130972454,8,8,1
991,323,11,47,17,3.4653380909439946,2.3164731704956503,8,7,1
992,86,11,7,14,1.847960358010865,3.770380480226705,16,6,0
993,173,27,5,16,4.316021782655996,0.6539222617904727,6,2,1
994,388,20,42,8,6.884774449535522,4.26340092341587,10,6,1
995,147,15,23,17,8.747775462810822,1.0612283104896758,6,7,1
996,473,29,10,6,3.2264831165473273,4.003645068754126,37,3,1
997,129,26,49,5,2.6429142761624904,0.9914928444852994,31,4,1
998,421,17,14,6,5.573167703837472,4.254436117254754,9,6,1
999,103,26,28,1,9.304513781187044,2.9155055204807083,31,2,1
