,language,file_size,lines_of_code,branches,comments,complexity,num_functions,num_dependencies,vcs,release_cycle,code_reviews,unit_test_coverage,mutation_score,code_smells,vulnerabilities,code_quality_metrics,label
0,Java,6138,527,6,73,5,30,94,Git,monthly,78,0.56,0.94,True,True,0.92,0
1,C++,99,816,63,70,51,60,60,Mercurial,weekly,35,0.61,0.66,True,True,0.71,0
2,JavaScript,7971,832,4,2,43,47,18,SVN,weekly,61,0.72,0.74,False,False,0.58,1
3,Java,6428,721,47,31,19,19,26,SVN,weekly,24,0.86,0.48,True,True,0.66,1
4,Java,444,377,55,46,13,30,32,SVN,weekly,44,1.0,0.76,True,False,0.78,0
5,Python,5104,13,41,87,57,16,36,Git,daily,63,1.0,0.76,True,False,0.96,0
6,JavaScript,3389,180,7,60,77,95,73,Mercurial,weekly,95,0.81,0.78,True,False,0.85,0
7,JavaScript,294,423,53,50,66,77,2,Git,weekly,31,0.76,0.42,False,True,0.7,0
8,JavaScript,8463,755,80,55,96,93,59,SVN,weekly,23,0.59,0.74,False,True,0.57,1
9,Python,5376,977,62,31,58,70,30,SVN,daily,8,0.78,0.26,True,True,0.85,0
10,C++,4136,928,30,92,16,73,21,SVN,weekly,58,0.8,0.22,True,False,0.89,0
11,Python,2398,962,13,24,3,27,1,Mercurial,weekly,71,0.68,0.23,True,True,0.68,1
12,C++,7325,593,76,19,48,1,82,Git,monthly,31,0.87,0.91,False,True,0.88,0
13,Java,6759,370,43,13,86,65,22,Mercurial,weekly,43,0.57,0.71,False,False,0.59,1
14,JavaScript,2125,158,18,33,65,69,42,Git,weekly,99,0.57,0.98,False,True,0.96,0
15,JavaScript,6487,384,18,91,4,72,59,Mercurial,daily,7,0.65,0.47,True,True,0.54,1
16,Java,5097,386,45,82,76,88,58,Git,weekly,60,0.7,0.14,True,True,0.51,1
17,JavaScript,9361,726,69,61,17,38,68,Git,weekly,44,0.71,0.5,True,True,0.89,0
18,Java,7347,775,40,16,100,68,84,SVN,weekly,81,0.68,0.21,True,True,0.74,0
19,JavaScript,3050,19,72,30,65,67,83,Mercurial,monthly,54,0.73,0.3,True,False,0.75,0
20,Python,7796,491,4,89,79,82,61,Mercurial,weekly,32,0.81,0.42,True,False,0.91,0
21,Python,8212,879,80,14,69,11,30,SVN,weekly,100,0.73,0.45,True,False,0.9,0
22,JavaScript,2537,589,83,55,100,99,40,Mercurial,daily,21,0.63,0.22,True,True,0.84,0
23,JavaScript,7286,379,6,95,90,91,83,Mercurial,daily,10,0.78,0.84,False,False,0.53,1
24,Java,5881,105,26,80,27,54,64,Mercurial,monthly,77,0.54,0.83,True,True,0.64,1
25,Java,2853,244,54,53,70,8,86,Git,weekly,86,0.85,0.26,True,True,0.84,0
26,Java,530,714,30,82,95,7,5,Git,monthly,91,0.5,0.55,True,True,0.91,0
27,Java,7739,153,80,15,68,97,98,Mercurial,daily,86,0.86,0.87,True,True,0.73,0
28,Java,1681,872,78,93,36,56,5,Mercurial,monthly,96,0.64,0.74,True,False,0.58,1
29,Java,9806,144,62,72,72,7,28,SVN,weekly,27,0.58,0.18,True,True,0.56,1
30,Python,8688,311,5,56,13,71,44,Mercurial,daily,56,0.62,0.27,False,True,0.79,0
31,C++,30,727,90,55,64,70,96,Mercurial,daily,68,0.82,0.14,True,False,0.69,1
32,C++,1297,323,23,68,59,62,18,Git,monthly,1,0.83,0.53,False,True,0.87,0
33,JavaScript,6211,913,13,82,48,35,9,SVN,daily,74,0.84,0.41,False,True,0.9,0
34,Java,7281,850,23,77,73,33,92,Git,daily,70,0.67,0.14,True,False,0.72,0
35,JavaScript,6262,152,45,18,27,54,54,SVN,daily,13,0.65,0.72,False,True,0.92,0
36,Python,4049,278,32,74,88,54,89,SVN,weekly,97,0.72,0.55,True,False,0.74,0
37,JavaScript,5733,28,61,29,37,24,13,Git,weekly,24,0.78,0.22,True,True,0.73,0
38,Java,925,779,6,78,90,93,96,SVN,daily,63,0.84,0.53,False,True,0.68,1
39,Java,8824,682,81,43,53,20,23,SVN,monthly,4,0.84,0.54,True,True,0.71,0
40,JavaScript,1779,855,28,48,73,32,100,Git,monthly,71,0.53,0.79,False,False,0.56,1
41,JavaScript,4622,707,83,11,37,58,92,Git,monthly,59,0.6,0.42,False,True,0.91,0
42,JavaScript,4571,10,77,49,75,72,92,SVN,monthly,99,0.72,0.96,False,True,0.72,0
43,C++,6890,587,21,17,36,42,11,Mercurial,monthly,73,0.78,0.55,False,True,0.7,0
44,Java,3583,507,51,82,48,43,85,Git,daily,25,0.83,0.13,True,False,0.7,0
45,C++,7241,414,93,76,74,72,43,Mercurial,monthly,81,0.72,0.32,False,True,0.57,1
46,JavaScript,3786,285,10,69,63,73,18,SVN,daily,5,0.57,0.63,True,False,0.73,0
47,C++,7448,458,93,96,88,14,44,SVN,monthly,22,0.76,0.22,True,True,0.89,0
48,C++,821,871,31,45,20,52,92,SVN,monthly,49,0.82,0.6,True,True,0.88,0
49,Java,1572,231,25,18,74,44,89,Mercurial,monthly,56,0.57,0.43,True,True,0.63,1
50,C++,8826,200,7,27,51,97,8,SVN,daily,24,0.61,0.93,False,True,0.96,0
51,Python,6528,431,86,89,27,98,89,SVN,monthly,3,0.5,0.17,True,False,0.6,1
52,Java,6093,953,40,31,63,32,13,SVN,daily,38,0.86,0.35,True,False,0.87,0
53,C++,831,72,11,92,89,92,11,Git,weekly,29,0.93,0.44,True,True,0.92,0
54,JavaScript,4970,407,61,100,41,47,39,SVN,daily,5,0.77,0.17,False,True,0.55,1
55,JavaScript,3376,146,94,21,34,25,82,Mercurial,monthly,37,0.87,0.79,True,True,0.75,0
56,Python,6458,252,95,76,43,60,21,Mercurial,weekly,32,0.98,0.66,True,False,0.85,0
57,C++,943,710,65,65,13,50,6,Mercurial,weekly,59,0.63,0.49,False,False,0.83,0
58,Python,5189,731,84,80,80,46,6,Git,monthly,8,0.97,0.72,True,False,0.77,0
59,JavaScript,2210,21,37,73,22,36,33,Git,daily,43,0.76,0.18,False,True,0.92,0
60,Python,2175,602,45,45,35,49,21,Mercurial,monthly,29,0.9,0.45,False,False,0.91,0
61,Java,2611,694,44,7,71,64,12,Mercurial,daily,97,0.86,0.32,True,False,0.61,1
62,Java,7221,596,49,48,81,26,72,SVN,monthly,48,0.62,0.45,False,False,0.62,1
63,C++,7133,454,21,93,50,73,20,Git,daily,52,0.58,0.62,True,False,0.72,0
64,C++,548,943,21,25,83,23,68,Mercurial,weekly,4,0.98,0.8,False,False,0.55,1
65,Python,843,201,28,80,67,71,49,Mercurial,daily,1,0.57,0.66,True,False,0.6,1
66,C++,5598,332,92,29,31,12,55,Mercurial,weekly,24,0.68,0.51,True,False,0.53,1
67,Python,9026,675,8,56,33,21,92,SVN,monthly,6,0.8,0.51,False,False,0.6,1
68,Python,6711,637,62,49,5,100,16,SVN,monthly,40,0.66,0.89,True,False,0.85,0
69,JavaScript,1856,952,68,96,35,58,10,Mercurial,monthly,30,0.64,0.5,True,True,0.84,0
70,C++,4908,718,98,22,91,96,55,Git,weekly,76,0.66,0.34,False,False,0.85,0
71,C++,4378,30,47,59,33,43,38,Mercurial,daily,85,0.6,0.77,True,False,0.74,0
72,Java,2205,705,5,59,36,11,12,SVN,daily,86,0.64,0.78,False,True,0.82,0
73,C++,9440,868,44,17,99,35,39,Git,daily,62,0.79,0.41,False,False,0.53,1
74,Java,9732,389,14,17,73,63,72,SVN,daily,58,0.73,0.33,True,True,0.54,1
75,C++,1377,66,36,41,91,30,46,Mercurial,daily,38,0.6,0.59,False,True,0.87,0
76,JavaScript,9732,235,6,27,4,5,86,SVN,monthly,8,0.79,0.84,True,False,0.53,1
77,JavaScript,2764,91,84,30,54,1,2,Mercurial,monthly,18,0.58,0.73,True,True,0.8,0
78,C++,5538,80,40,12,23,61,17,SVN,monthly,4,0.59,0.54,False,True,1.0,0
79,Python,4220,12,29,56,79,9,42,Git,monthly,28,0.76,0.57,True,False,0.55,1
80,Java,9175,666,86,23,19,73,20,Git,daily,5,0.76,0.54,False,False,0.93,0
81,JavaScript,4820,869,30,86,36,70,85,Git,daily,97,0.76,0.8,True,True,0.78,0
82,Python,4186,963,93,94,30,34,39,Mercurial,weekly,87,0.75,0.68,True,True,0.79,0
83,Java,8655,598,78,89,80,15,31,Mercurial,monthly,88,0.82,0.18,True,True,0.62,1
84,Python,1490,779,2,19,49,75,39,Mercurial,monthly,27,0.79,0.12,True,True,0.97,0
85,JavaScript,1813,485,88,21,26,21,73,Mercurial,monthly,70,0.69,0.41,False,True,0.63,1
86,Java,484,673,44,37,96,22,80,Mercurial,weekly,68,0.67,0.92,True,False,0.74,0
87,Java,4691,641,20,83,5,31,50,Git,daily,95,0.72,0.91,False,True,0.81,0
88,Python,5585,922,74,77,19,10,62,Mercurial,daily,73,0.73,0.63,True,False,0.59,1
89,Python,8323,257,27,48,46,83,65,Mercurial,weekly,70,0.83,0.28,True,False,0.8,0
90,Java,8891,982,35,92,53,41,61,Mercurial,monthly,57,0.91,0.23,False,True,0.95,0
91,C++,8212,667,58,94,94,56,9,Git,monthly,90,0.87,0.77,True,True,0.67,1
92,JavaScript,6705,947,97,18,6,67,67,SVN,daily,55,0.85,0.72,False,True,0.84,0
93,C++,7576,940,88,15,69,2,29,Git,monthly,12,0.87,0.16,False,True,0.72,0
94,Java,153,667,76,95,44,4,29,Git,weekly,48,0.58,0.74,True,False,1.0,0
95,C++,9704,900,94,6,64,91,100,Git,daily,73,0.92,0.77,True,True,0.7,0
96,JavaScript,1498,196,54,28,65,81,30,Mercurial,daily,32,0.72,0.24,False,True,0.94,0
97,C++,9119,435,48,69,76,95,94,SVN,weekly,8,0.62,0.5,True,True,0.81,0
98,Python,3218,298,63,56,31,71,31,SVN,daily,98,0.64,0.47,False,True,0.78,0
99,JavaScript,5928,759,27,84,86,10,76,SVN,daily,25,0.71,0.26,True,False,0.75,0
100,Python,8600,268,18,87,57,74,78,SVN,weekly,2,0.58,0.7,True,False,0.68,1
101,C++,8906,988,6,37,16,99,24,Git,daily,35,0.81,0.53,False,True,0.92,0
102,Java,2546,289,11,96,2,33,26,Git,monthly,2,0.93,0.32,False,True,0.66,1
103,Python,6782,278,13,78,70,47,34,Mercurial,daily,25,0.59,0.68,False,True,0.61,1
104,Python,638,23,34,77,68,78,18,Git,daily,34,0.69,0.54,False,True,0.99,0
105,Java,3288,496,85,37,35,78,40,Mercurial,weekly,27,0.74,0.7,True,False,0.96,0
106,C++,7064,130,94,23,97,83,7,SVN,daily,91,0.69,0.76,False,True,0.57,1
107,C++,4033,929,71,61,60,36,1,SVN,monthly,37,0.91,0.5,True,True,0.72,0
108,Java,3139,602,92,97,34,49,15,Git,daily,92,0.56,0.72,False,False,0.96,0
109,JavaScript,4030,444,10,57,9,26,24,Git,daily,86,0.72,0.49,False,True,0.54,1
110,JavaScript,337,696,42,91,13,66,14,Git,daily,37,0.89,0.38,False,False,0.73,0
111,Java,6762,523,90,71,79,98,93,Git,daily,66,0.56,0.51,True,True,0.92,0
112,C++,7903,795,36,25,86,15,54,Mercurial,monthly,48,0.96,0.77,False,True,0.6,1
113,Python,4851,341,62,94,92,24,64,Git,weekly,40,0.51,0.26,True,False,0.55,1
114,JavaScript,4409,866,92,24,49,37,6,SVN,monthly,58,0.62,0.76,False,False,0.78,0
115,Java,4403,137,65,89,45,75,36,Mercurial,weekly,17,0.63,0.71,False,False,0.52,1
116,C++,4116,308,79,85,78,77,97,Git,monthly,34,0.85,0.18,False,False,0.95,0
117,JavaScript,1064,319,55,69,73,8,10,SVN,daily,4,0.63,0.71,True,True,0.74,0
118,Java,9553,165,96,75,94,81,53,Git,weekly,29,0.57,0.17,False,True,0.97,0
119,C++,747,680,13,14,1,99,54,SVN,daily,68,0.5,0.82,True,True,0.85,0
120,Python,1807,284,6,48,66,66,50,Mercurial,daily,61,0.8,0.48,True,True,0.85,0
121,Python,8666,941,13,45,54,77,55,Git,weekly,4,0.53,0.34,True,False,0.99,0
122,JavaScript,2931,573,13,87,32,61,71,SVN,daily,67,0.55,0.77,False,True,0.72,0
123,Python,7338,946,83,79,94,49,48,Git,monthly,21,0.62,0.27,False,False,0.61,1
124,C++,7364,940,88,92,3,66,71,SVN,daily,57,0.92,0.84,True,True,0.84,0
125,Python,6880,380,28,48,32,28,16,SVN,monthly,61,0.54,0.1,False,False,0.54,1
126,C++,6052,259,55,92,1,40,59,Git,weekly,44,0.62,0.43,True,False,0.95,0
127,Java,4599,725,29,12,12,73,35,Git,daily,39,0.79,0.13,True,False,0.62,1
128,Python,4258,104,79,77,34,69,46,SVN,daily,22,0.73,0.43,False,False,0.61,1
129,Python,844,478,57,65,81,10,50,Mercurial,weekly,87,0.89,0.87,True,True,0.6,1
130,JavaScript,2171,892,66,21,92,82,92,Mercurial,weekly,2,0.84,0.73,False,True,0.79,0
131,JavaScript,827,423,97,8,50,68,63,Mercurial,daily,76,0.63,0.97,False,True,0.79,0
132,C++,5354,409,78,73,1,8,43,SVN,weekly,69,0.59,0.77,True,False,0.92,0
133,JavaScript,5679,884,59,98,18,46,26,Git,monthly,47,0.92,0.39,False,False,0.52,1
134,C++,3999,803,54,81,27,56,45,Mercurial,monthly,86,0.95,0.18,False,True,0.52,1
135,Python,240,327,78,38,81,64,3,Mercurial,daily,64,0.76,0.16,True,False,0.99,0
136,JavaScript,53,959,98,62,80,57,68,SVN,weekly,38,1.0,0.59,False,False,0.67,1
137,Python,6793,318,75,87,47,91,37,Mercurial,weekly,41,0.6,0.16,True,False,0.56,1
138,JavaScript,7787,896,62,100,45,56,17,SVN,monthly,54,0.6,0.27,False,False,0.52,1
139,Python,8920,46,52,2,95,41,87,Mercurial,daily,17,0.58,0.71,True,False,0.85,0
140,Java,9162,587,24,74,28,89,86,Git,daily,4,0.82,0.27,False,False,0.67,1
141,C++,5731,702,61,72,20,71,67,Git,weekly,8,0.68,0.74,True,True,0.72,0
142,Python,9812,459,33,60,31,55,18,Git,monthly,18,0.94,0.44,True,False,0.81,0
143,C++,5718,780,51,97,77,32,5,SVN,weekly,30,0.82,0.36,False,False,0.52,1
144,JavaScript,9607,737,37,8,68,9,4,Git,weekly,66,0.8,0.89,False,True,0.63,1
145,JavaScript,837,308,27,85,10,73,11,Git,monthly,49,0.81,0.72,False,False,0.74,0
146,JavaScript,7743,83,46,14,43,54,38,Mercurial,daily,97,0.83,0.75,False,True,0.79,0
147,C++,1899,802,55,4,63,22,51,Git,monthly,11,0.52,0.41,False,False,0.67,1
148,C++,6957,525,69,9,41,55,9,Mercurial,weekly,91,0.62,0.75,False,False,0.82,0
149,JavaScript,9219,554,6,40,11,55,55,SVN,daily,67,0.57,0.61,False,True,0.63,1
150,JavaScript,8774,843,44,8,60,8,20,Git,monthly,9,0.8,0.77,False,True,0.73,0
151,C++,5205,761,100,87,26,93,27,SVN,daily,56,0.76,0.37,False,False,0.82,0
152,C++,9271,627,12,40,25,40,97,Git,weekly,24,0.8,0.86,True,True,0.63,1
153,Python,8637,140,61,60,59,10,53,Git,daily,1,0.62,0.94,True,False,0.63,1
154,JavaScript,183,105,84,90,27,71,95,Git,daily,84,0.51,0.96,False,False,0.99,0
155,Java,9108,950,12,36,41,89,30,Mercurial,daily,23,0.68,0.34,False,True,0.74,0
156,Python,5549,792,80,61,97,88,97,Git,daily,97,0.52,0.22,False,True,0.88,0
157,C++,3584,433,98,88,91,94,82,Mercurial,daily,90,0.67,0.4,False,False,0.66,1
158,JavaScript,1066,82,64,37,91,37,3,Mercurial,monthly,5,0.92,0.97,True,True,0.83,0
159,Java,8506,753,49,52,39,81,5,Git,monthly,2,0.73,0.81,True,False,0.85,0
160,Java,3676,774,79,20,97,1,50,Git,daily,30,0.93,0.17,False,False,0.52,1
161,C++,6543,406,58,100,62,88,16,Mercurial,monthly,80,0.66,0.96,False,False,0.63,1
162,Python,6027,903,9,12,28,32,88,SVN,daily,61,0.84,0.93,False,False,0.56,1
163,Java,7783,469,23,54,75,59,57,SVN,daily,15,0.93,0.16,False,True,0.98,0
164,Python,7058,504,43,39,24,39,87,SVN,daily,89,0.95,0.93,True,True,0.57,1
165,JavaScript,3296,210,92,15,71,77,43,Mercurial,weekly,22,0.89,0.64,True,False,0.73,0
166,C++,1127,440,18,26,66,24,92,Mercurial,weekly,17,0.98,0.15,False,False,0.69,1
167,Python,1638,879,93,99,38,70,88,Git,daily,29,0.69,0.95,False,True,0.81,0
168,Python,9187,514,1,77,95,61,37,Git,weekly,54,0.78,0.6,True,True,0.82,0
169,JavaScript,3454,450,18,45,16,65,95,Git,daily,2,0.89,0.41,False,False,0.7,0
170,Python,1242,683,96,25,18,73,58,Mercurial,weekly,5,0.93,0.42,True,True,0.98,0
171,Python,8846,620,27,6,66,36,3,Mercurial,monthly,71,0.59,0.98,False,False,0.93,0
172,C++,3322,221,5,90,86,70,48,SVN,weekly,86,0.55,0.51,False,True,0.82,0
173,C++,5708,464,75,9,58,21,73,Mercurial,monthly,86,0.68,0.94,False,True,0.58,1
174,JavaScript,855,880,16,9,32,67,37,Git,daily,32,0.8,0.17,False,False,0.82,0
175,Python,8962,395,70,27,10,3,81,Git,monthly,91,0.65,0.48,True,True,0.97,0
176,Python,5833,340,72,65,79,28,23,Mercurial,daily,2,0.76,0.65,True,False,0.6,1
177,Java,9158,246,88,76,97,51,7,SVN,weekly,98,0.88,0.8,True,True,0.85,0
178,JavaScript,4920,360,25,19,19,5,18,Git,monthly,98,0.75,0.76,False,True,0.74,0
179,C++,9324,718,69,35,28,65,30,Git,monthly,44,0.56,0.45,False,True,0.63,1
180,Python,7888,955,20,37,27,35,15,SVN,weekly,20,0.52,0.73,True,True,0.83,0
181,Python,1320,865,24,50,76,70,61,Mercurial,daily,21,0.51,0.77,False,False,0.52,1
182,JavaScript,8933,15,84,59,82,37,82,SVN,monthly,60,0.89,0.15,False,True,0.69,1
183,JavaScript,9040,739,99,16,4,99,94,Mercurial,weekly,48,0.97,0.24,True,True,0.85,0
184,JavaScript,8940,650,88,48,25,37,88,Mercurial,weekly,55,0.9,0.76,True,False,0.71,0
185,Python,1397,18,38,4,31,33,47,SVN,daily,44,0.62,0.31,False,False,0.88,0
186,Python,4008,559,6,84,31,81,70,SVN,daily,37,0.5,0.82,False,False,0.53,1
187,Python,1751,429,80,11,99,40,67,Mercurial,daily,5,0.83,0.85,False,False,0.83,0
188,Java,5062,193,35,59,83,44,98,Mercurial,weekly,18,0.92,0.55,True,True,0.52,1
189,Java,4087,682,97,62,77,59,3,Mercurial,weekly,16,0.73,0.79,True,True,0.68,1
190,C++,2412,271,88,90,44,32,19,Git,daily,95,0.86,0.27,True,False,0.61,1
191,JavaScript,667,976,100,64,85,66,20,Git,daily,31,0.91,0.13,False,False,0.66,1
192,JavaScript,2607,581,83,70,67,56,47,Git,daily,13,0.81,0.92,True,False,0.96,0
193,JavaScript,9573,909,71,85,47,4,56,Git,weekly,37,0.79,0.72,False,False,0.96,0
194,Python,3400,961,90,47,71,4,4,Git,daily,30,0.69,0.52,True,False,0.61,1
195,JavaScript,4231,744,12,13,21,65,70,Git,monthly,63,0.8,0.5,False,True,0.71,0
196,Python,6774,989,41,81,57,11,98,SVN,monthly,41,0.58,0.83,True,True,0.52,1
197,JavaScript,2817,42,12,27,52,46,56,SVN,daily,81,0.91,0.56,False,False,0.5,1
198,Python,8577,71,31,26,69,65,7,Git,daily,23,0.67,0.79,False,True,0.7,0
199,Java,5047,787,97,68,42,43,3,Git,weekly,79,0.61,0.95,True,False,0.9,0
200,Python,640,527,82,65,25,87,66,Git,weekly,100,0.87,0.45,True,True,0.91,0
201,Python,6144,953,4,45,61,72,39,Mercurial,daily,2,0.98,0.81,True,False,0.54,1
202,C++,7842,952,79,39,35,68,16,Mercurial,monthly,93,0.91,0.61,True,False,0.64,1
203,C++,1977,150,88,47,47,49,77,Git,daily,43,0.92,0.23,True,False,0.7,0
204,Java,9008,506,65,60,4,33,76,Git,weekly,96,0.59,0.19,True,True,0.52,1
205,C++,1086,576,9,30,14,67,76,SVN,daily,86,0.7,0.92,True,True,0.98,0
206,Python,8976,389,95,56,32,9,54,Git,daily,65,0.76,0.75,True,True,0.54,1
207,C++,5891,284,88,98,5,68,44,SVN,weekly,34,0.92,0.61,False,False,0.54,1
208,JavaScript,8077,936,90,29,9,67,35,SVN,weekly,44,0.85,0.67,False,False,0.95,0
209,Python,9942,46,52,5,24,62,13,Mercurial,daily,51,0.85,0.39,True,False,0.59,1
210,Python,8578,406,77,59,77,79,46,Mercurial,daily,24,0.52,0.52,False,True,0.58,1
211,Java,8661,616,87,53,76,97,15,Mercurial,daily,79,0.81,0.47,False,False,0.65,1
212,C++,2750,450,22,77,96,11,66,Git,monthly,7,0.64,0.59,False,False,0.56,1
213,Python,8694,762,85,91,62,95,93,SVN,weekly,86,0.79,0.93,False,False,0.91,0
214,C++,4910,839,45,50,16,24,16,Mercurial,weekly,83,0.83,0.91,True,False,0.64,1
215,Java,4280,967,8,75,28,37,96,SVN,daily,35,0.91,0.6,False,True,0.67,1
216,Java,7597,827,15,93,65,68,52,SVN,daily,37,0.77,0.12,False,False,0.83,0
217,Python,926,563,87,81,47,100,9,SVN,daily,64,0.82,0.41,True,False,0.87,0
218,Java,7157,481,16,96,41,27,77,Mercurial,weekly,45,0.91,0.17,False,True,0.54,1
219,C++,8751,336,19,46,89,77,57,Mercurial,monthly,9,0.98,0.54,False,True,0.91,0
220,Java,846,931,60,84,18,33,43,Mercurial,daily,85,0.92,0.52,True,True,0.63,1
221,Python,1807,228,30,68,13,54,88,Mercurial,daily,29,0.53,0.77,False,True,0.74,0
222,JavaScript,1870,37,57,26,22,66,91,Mercurial,daily,37,0.61,0.88,True,True,0.78,0
223,JavaScript,9009,48,67,10,87,48,95,Git,daily,36,0.84,0.12,False,False,0.51,1
224,Java,3351,797,34,39,16,1,15,Git,daily,53,0.69,0.93,True,True,0.91,0
225,Java,4185,796,68,85,6,41,1,Git,weekly,80,0.93,0.99,True,True,0.68,1
226,Java,1115,121,41,98,69,19,29,Mercurial,weekly,55,0.9,0.95,False,False,0.94,0
227,C++,4627,471,70,74,9,26,31,Mercurial,monthly,78,0.56,0.85,False,True,0.83,0
228,C++,4911,142,87,38,47,90,3,SVN,monthly,81,0.91,0.3,True,False,0.81,0
229,JavaScript,5449,891,93,12,81,88,16,Git,weekly,8,0.87,0.41,True,True,0.56,1
230,JavaScript,9335,547,95,2,83,11,69,Git,weekly,15,0.96,0.5,False,False,0.6,1
231,Java,1773,884,89,82,67,52,34,Mercurial,daily,79,0.65,0.27,False,True,0.64,1
232,Java,2755,350,88,99,75,76,9,SVN,monthly,88,0.87,0.68,True,True,0.87,0
233,JavaScript,2784,854,65,93,71,79,15,Git,monthly,28,0.92,0.33,True,True,0.65,1
234,JavaScript,5406,964,81,90,70,30,74,SVN,weekly,99,0.99,0.68,False,False,0.91,0
235,Python,4877,192,46,37,73,27,70,Mercurial,monthly,25,0.58,0.49,False,True,0.8,0
236,Java,3914,923,20,84,75,72,85,SVN,daily,89,0.92,0.57,False,True,0.67,1
237,Python,2848,567,75,98,28,1,29,Git,monthly,44,0.89,0.66,True,True,0.69,1
238,Java,6631,563,1,68,4,94,93,SVN,daily,85,0.95,0.43,True,True,0.81,0
239,Python,1137,736,90,87,72,10,61,SVN,weekly,95,0.57,0.5,False,False,0.53,1
240,Java,2054,277,1,34,17,34,92,Mercurial,daily,88,0.94,0.76,False,True,0.93,0
241,C++,6410,86,50,9,7,68,94,Git,daily,89,0.72,0.71,True,True,0.6,1
242,Java,6428,269,89,3,34,77,51,Git,daily,21,0.87,0.66,True,True,0.78,0
243,Python,6914,871,25,88,27,99,22,Mercurial,daily,79,0.87,0.89,False,False,0.74,0
244,JavaScript,8945,732,62,50,99,5,66,SVN,daily,17,0.79,0.48,False,True,0.85,0
245,Java,5956,773,17,11,15,33,75,SVN,monthly,96,0.69,0.42,False,True,0.79,0
246,Java,8005,367,10,8,14,36,82,SVN,weekly,92,0.71,0.89,True,True,0.97,0
247,C++,4738,662,32,98,32,26,72,Git,monthly,4,0.6,0.31,True,False,0.62,1
248,Python,9589,326,4,90,52,45,4,SVN,monthly,44,0.64,0.82,True,True,0.93,0
249,JavaScript,9530,473,76,46,26,21,17,Mercurial,monthly,99,0.57,0.61,True,False,0.99,0
250,Python,4242,43,89,22,78,55,80,SVN,daily,95,0.9,0.81,False,True,0.5,1
251,Java,4100,462,61,60,74,68,13,Git,weekly,5,0.96,0.85,True,False,0.88,0
252,Python,9082,328,83,35,36,23,33,Mercurial,monthly,96,0.81,0.68,True,False,0.88,0
253,C++,5879,763,57,31,47,39,100,Git,monthly,10,0.58,0.96,False,True,0.86,0
254,Python,9318,698,93,44,43,96,29,Git,weekly,44,0.91,0.26,True,False,0.54,1
255,JavaScript,1663,769,17,61,62,38,59,Git,monthly,73,0.79,0.42,False,True,0.93,0
256,JavaScript,7775,162,36,100,37,70,29,Mercurial,weekly,18,0.7,0.15,False,False,0.66,1
257,C++,7711,863,99,58,29,48,19,Git,daily,84,0.89,0.25,True,True,0.68,1
258,JavaScript,3130,224,26,97,4,19,57,SVN,monthly,40,0.96,0.33,True,True,0.58,1
259,C++,7709,842,74,15,94,21,25,SVN,monthly,35,0.73,0.53,True,True,0.88,0
260,Java,3312,765,39,88,61,29,77,SVN,daily,89,0.96,0.58,False,False,0.86,0
261,Python,73,496,27,14,65,7,9,Git,monthly,44,0.94,0.8,False,False,0.85,0
262,C++,7719,84,78,45,69,80,56,Mercurial,monthly,84,0.73,0.83,False,False,0.67,1
263,JavaScript,6573,276,2,63,68,80,6,SVN,weekly,72,0.55,0.56,False,True,0.82,0
264,Python,8686,609,64,43,81,15,76,Git,monthly,92,0.59,0.44,True,True,0.61,1
265,C++,7399,648,82,30,81,62,44,SVN,weekly,84,0.94,0.62,True,False,0.54,1
266,Python,9900,894,24,52,58,51,85,Mercurial,monthly,53,0.94,0.85,False,True,0.71,0
267,JavaScript,970,992,91,38,69,13,9,SVN,daily,28,0.81,0.4,False,False,0.8,0
268,Java,3974,122,41,28,100,62,13,Git,monthly,25,0.81,0.59,False,False,0.67,1
269,C++,5505,532,72,67,19,37,44,SVN,daily,100,0.51,0.98,True,False,0.65,1
270,Java,5404,165,44,7,62,77,59,Git,weekly,22,0.86,0.3,True,True,0.55,1
271,JavaScript,1978,301,27,89,89,10,55,Git,weekly,93,0.79,0.9,False,False,0.86,0
272,JavaScript,6043,309,8,26,15,42,19,Mercurial,daily,79,0.66,0.97,True,False,0.6,1
273,Java,6306,249,22,72,13,71,85,SVN,daily,47,0.95,0.28,True,True,0.86,0
274,Python,9348,718,54,64,51,10,97,SVN,weekly,44,0.71,0.82,False,False,0.75,0
275,C++,1228,960,43,39,38,70,94,Mercurial,monthly,65,0.84,0.83,False,True,0.63,1
276,Python,2424,548,15,43,76,81,72,Mercurial,daily,60,0.78,0.51,False,True,0.85,0
277,Python,7811,762,42,18,86,63,72,Git,daily,72,0.88,0.32,True,False,0.68,1
278,C++,9155,571,5,35,68,7,66,SVN,monthly,91,0.82,0.94,False,True,0.9,0
279,Python,3178,998,75,62,77,51,7,Git,monthly,62,0.67,0.73,False,False,0.91,0
280,JavaScript,2229,117,56,44,70,75,13,SVN,monthly,56,0.76,0.14,True,True,0.67,1
281,Python,6726,114,59,32,1,2,88,SVN,weekly,59,0.78,0.22,False,False,0.87,0
282,C++,6329,115,43,38,7,84,71,Git,daily,31,0.6,0.89,False,True,0.89,0
283,Python,3485,44,74,59,49,91,56,SVN,daily,73,0.53,0.52,False,False,0.6,1
284,Java,153,29,75,98,68,84,7,Git,daily,63,0.8,0.58,False,False,0.76,0
285,JavaScript,2155,200,6,90,51,71,12,SVN,monthly,20,0.61,0.46,True,True,0.51,1
286,Java,8769,73,94,100,70,74,20,Mercurial,weekly,50,0.97,0.49,True,False,0.62,1
287,Python,5068,591,5,14,97,47,67,Git,monthly,75,0.98,0.9,False,False,0.82,0
288,C++,1001,976,74,80,15,35,98,Git,daily,78,0.87,0.68,False,False,0.86,0
289,Python,4699,228,88,71,20,96,9,SVN,weekly,93,0.57,0.93,False,False,0.51,1
290,JavaScript,1819,247,95,14,48,74,29,SVN,monthly,25,0.77,0.79,True,True,0.99,0
291,JavaScript,3790,814,78,84,73,53,32,Git,monthly,73,0.9,0.77,True,False,0.85,0
292,JavaScript,2641,48,27,53,80,68,27,Mercurial,weekly,85,0.61,0.38,False,False,0.66,1
293,Python,5440,938,2,33,11,100,71,SVN,daily,17,0.74,0.69,False,True,0.6,1
294,C++,8902,720,58,31,65,36,94,SVN,weekly,96,0.66,0.16,True,False,0.92,0
295,JavaScript,9603,432,50,99,91,59,8,SVN,monthly,45,0.94,0.75,False,False,0.5,1
296,C++,4053,459,26,93,31,42,37,Mercurial,weekly,1,0.6,0.22,False,False,0.83,0
297,Python,3888,852,99,59,95,15,71,Git,weekly,36,0.51,0.54,False,True,0.63,1
298,C++,5066,616,75,9,12,96,70,SVN,monthly,62,0.71,0.46,False,True,0.87,0
299,Java,2111,678,39,90,94,98,94,Git,monthly,46,0.91,0.9,False,True,0.82,0
300,C++,4469,618,32,93,15,94,56,SVN,monthly,19,0.59,0.46,False,False,0.83,0
301,C++,4573,471,37,54,8,51,73,Git,weekly,60,0.54,0.4,True,True,0.73,0
302,Python,9206,108,75,25,59,57,98,SVN,daily,79,0.75,0.58,True,False,0.93,0
303,Java,2759,384,89,59,88,69,92,Git,monthly,58,0.69,0.72,False,False,0.68,1
304,JavaScript,3402,895,11,53,68,1,100,Git,weekly,95,0.63,0.68,True,True,0.63,1
305,JavaScript,6812,146,92,82,65,83,5,Git,weekly,33,0.93,0.9,True,True,0.84,0
306,Java,5325,614,78,3,52,68,15,Git,daily,95,0.55,0.44,True,True,0.57,1
307,Python,3079,751,1,19,63,61,75,Git,monthly,95,0.58,0.15,True,False,0.94,0
308,Python,8164,27,11,78,78,15,57,SVN,daily,34,0.82,0.77,True,False,0.72,0
309,C++,2580,644,12,94,15,10,80,SVN,weekly,88,0.64,0.92,False,True,0.77,0
310,Python,5042,329,76,93,31,76,27,Git,weekly,15,0.61,0.14,True,True,0.94,0
311,JavaScript,9701,608,15,27,30,68,94,SVN,monthly,45,0.88,0.32,False,True,0.94,0
312,Java,5723,151,12,13,52,76,66,SVN,monthly,54,0.6,0.12,False,False,0.89,0
313,Python,6812,965,62,98,28,60,16,Git,monthly,68,0.98,0.73,True,True,0.87,0
314,Python,6251,371,100,52,29,58,38,Mercurial,monthly,55,0.59,0.97,True,False,0.63,1
315,C++,592,498,55,50,70,100,43,SVN,weekly,78,0.63,0.67,False,True,0.99,0
316,JavaScript,1274,966,79,80,97,36,54,Git,weekly,6,1.0,0.45,True,True,0.58,1
317,Java,4087,46,72,51,87,87,94,Git,daily,45,0.55,0.62,True,False,0.96,0
318,Python,243,896,34,96,59,65,18,Mercurial,daily,31,0.62,0.44,True,True,0.5,1
319,C++,7050,287,59,2,85,56,52,SVN,weekly,28,0.87,0.66,False,True,0.62,1
320,Java,3646,462,24,40,86,71,44,SVN,weekly,72,0.75,0.24,False,False,0.5,1
321,JavaScript,778,698,8,28,37,84,41,Git,weekly,28,0.64,0.79,True,False,0.72,0
322,Python,5810,628,66,94,64,81,31,Mercurial,monthly,40,0.65,0.2,False,False,0.98,0
323,JavaScript,9881,464,44,64,81,22,68,Git,daily,33,0.66,0.86,False,False,0.95,0
324,C++,1451,649,85,74,63,42,95,SVN,monthly,74,0.72,0.66,False,False,0.68,1
325,Java,7318,582,2,59,15,75,31,SVN,daily,10,0.92,0.46,False,True,0.94,0
326,Python,5484,762,62,3,27,24,93,SVN,monthly,57,0.85,0.23,True,False,0.85,0
327,C++,9448,25,38,36,4,32,26,SVN,monthly,44,0.85,0.77,False,False,0.95,0
328,Python,5452,197,82,50,94,84,86,Mercurial,monthly,18,0.59,0.83,False,False,0.71,0
329,Python,4905,793,6,43,8,59,48,SVN,daily,27,0.65,0.26,False,True,0.64,1
330,Java,9645,240,26,73,8,37,25,Git,weekly,79,0.71,0.18,True,False,0.54,1
331,Java,2976,446,95,58,27,92,90,Git,monthly,95,0.83,0.49,True,False,0.94,0
332,JavaScript,7226,862,5,34,72,48,72,Git,monthly,86,0.8,0.25,False,False,0.86,0
333,Java,9377,756,49,36,30,43,97,SVN,weekly,52,0.94,0.94,True,True,0.59,1
334,Java,8928,778,79,1,14,73,51,SVN,daily,81,0.72,0.23,False,True,0.99,0
335,C++,9525,695,70,78,24,38,75,SVN,monthly,99,0.59,0.46,False,True,0.72,0
336,Java,3709,389,28,37,45,55,43,Git,weekly,16,0.74,0.59,True,False,0.98,0
337,C++,5346,899,58,9,66,35,82,SVN,weekly,52,0.86,0.8,True,False,0.89,0
338,JavaScript,6621,996,20,99,22,97,84,SVN,daily,12,0.84,0.5,False,True,0.78,0
339,Python,3889,934,77,69,70,33,63,Git,monthly,19,0.52,0.45,True,False,0.53,1
340,Java,5435,293,47,59,61,15,63,Mercurial,weekly,75,0.57,0.71,False,False,0.98,0
341,C++,5749,728,63,1,52,80,43,Mercurial,weekly,8,0.57,0.11,False,False,1.0,0
342,JavaScript,8120,741,46,48,18,94,85,Git,monthly,69,0.9,0.6,True,True,0.61,1
343,Java,3970,536,50,82,19,39,58,SVN,weekly,27,0.53,0.49,True,False,0.9,0
344,JavaScript,3519,632,50,51,8,71,13,Mercurial,daily,57,0.76,0.54,True,True,0.72,0
345,Python,2445,828,40,85,79,21,21,Mercurial,weekly,5,0.79,0.35,True,False,0.85,0
346,JavaScript,4096,218,88,80,42,68,81,Mercurial,monthly,67,0.81,0.16,True,False,0.86,0
347,Java,9026,704,60,56,48,38,73,Git,weekly,73,0.78,0.95,False,False,0.6,1
348,Java,1032,30,18,51,66,21,10,Mercurial,daily,33,0.79,0.66,True,False,0.71,0
349,Python,1154,380,51,11,72,13,25,Mercurial,daily,31,0.68,0.94,True,True,0.9,0
350,JavaScript,8614,181,48,13,72,21,58,SVN,monthly,70,0.69,0.23,False,True,0.7,0
351,Python,428,511,78,66,90,48,53,Mercurial,daily,11,0.92,0.15,True,True,0.53,1
352,Python,5415,407,71,36,76,3,77,SVN,monthly,64,0.58,0.84,False,True,0.55,1
353,JavaScript,6502,197,78,36,98,10,85,Git,weekly,26,0.75,0.95,True,False,0.94,0
354,Python,9409,842,82,23,50,34,55,Git,weekly,78,0.64,0.27,False,True,0.97,0
355,JavaScript,2367,957,27,63,76,52,51,SVN,monthly,89,0.78,0.16,True,True,0.79,0
356,Java,2897,818,16,71,54,24,10,Mercurial,daily,41,0.61,0.13,True,False,0.81,0
357,C++,8643,509,27,92,98,11,95,SVN,daily,17,0.81,0.58,True,False,0.51,1
358,Python,7468,581,90,89,72,9,79,Git,daily,60,0.52,0.12,False,False,0.83,0
359,C++,8478,658,67,2,43,97,96,Git,weekly,75,0.52,0.17,True,True,0.94,0
360,Python,5663,463,97,34,7,30,85,SVN,daily,5,0.97,0.59,True,True,0.59,1
361,JavaScript,1614,441,12,12,92,47,83,Git,daily,92,0.74,0.52,False,False,0.8,0
362,Python,1815,706,89,1,12,80,59,Git,weekly,66,0.69,0.82,False,False,0.65,1
363,C++,8271,219,16,88,59,52,71,Git,weekly,6,0.82,0.73,True,True,0.9,0
364,JavaScript,8796,818,38,34,29,76,81,Mercurial,monthly,54,0.96,0.61,True,True,0.86,0
365,Python,9513,612,51,67,53,35,20,SVN,daily,29,0.54,0.35,True,False,0.68,1
366,Java,2051,544,32,27,4,25,5,Git,monthly,23,0.8,0.63,False,True,0.57,1
367,C++,5308,132,94,77,66,93,55,Git,weekly,79,0.64,0.93,True,True,0.53,1
368,JavaScript,2622,935,21,88,78,28,76,Git,daily,20,0.94,0.23,False,True,0.56,1
369,C++,4438,712,20,15,95,35,39,Git,monthly,6,0.88,0.59,False,False,0.68,1
370,JavaScript,5344,972,59,41,94,11,59,SVN,weekly,75,0.97,0.76,False,False,0.89,0
371,Python,143,95,91,85,46,18,96,Mercurial,weekly,20,0.59,0.5,False,True,0.6,1
372,Java,3740,399,77,98,60,100,99,SVN,weekly,50,0.98,0.52,False,False,0.86,0
373,C++,4094,124,29,38,37,13,24,Git,monthly,92,0.97,0.25,False,False,0.72,0
374,C++,2097,406,82,73,64,29,50,SVN,weekly,92,0.79,0.46,False,False,0.89,0
375,Python,1062,591,38,68,14,94,53,Git,daily,97,1.0,0.88,True,True,0.81,0
376,Java,1110,969,31,89,35,90,99,SVN,weekly,65,0.53,0.11,False,False,0.55,1
377,Java,5453,878,15,68,9,47,88,SVN,weekly,81,0.92,0.54,False,True,0.56,1
378,Java,3663,22,79,43,28,57,54,SVN,monthly,58,1.0,0.4,False,True,0.76,0
379,C++,2622,254,91,50,84,3,65,Mercurial,monthly,17,0.6,0.95,True,False,0.76,0
380,C++,1257,18,68,86,63,81,43,SVN,daily,98,0.98,0.78,False,False,0.71,0
381,JavaScript,3791,272,21,12,13,1,91,SVN,monthly,13,0.6,0.5,False,True,0.72,0
382,Python,2657,989,35,95,81,87,74,Mercurial,weekly,73,0.6,0.5,True,False,0.9,0
383,Java,1674,787,90,54,34,17,36,SVN,weekly,100,0.75,0.35,True,True,0.78,0
384,C++,7724,973,11,19,50,44,94,SVN,daily,100,0.92,0.62,False,True,0.99,0
385,C++,1779,1000,8,63,53,11,30,Mercurial,weekly,24,0.58,0.46,False,False,0.71,0
386,Java,956,618,18,83,12,36,91,Mercurial,weekly,47,0.74,0.77,True,False,0.85,0
387,Java,4408,968,56,16,97,67,32,SVN,monthly,21,0.68,0.57,True,False,0.67,1
388,JavaScript,2300,274,67,95,57,99,53,SVN,monthly,90,1.0,0.48,False,False,0.78,0
389,Java,7881,496,46,63,71,96,13,Git,monthly,60,0.82,0.51,True,False,0.72,0
390,C++,3131,242,3,78,80,87,74,Mercurial,weekly,75,0.76,0.9,False,True,0.88,0
391,JavaScript,637,450,18,76,3,81,95,Git,weekly,35,0.77,0.51,False,True,0.79,0
392,JavaScript,4184,435,35,67,23,97,13,Git,monthly,58,0.6,0.65,False,False,0.81,0
393,JavaScript,1818,747,73,10,39,41,73,Git,monthly,15,0.85,0.23,True,False,0.72,0
394,Python,7031,124,92,3,49,73,48,Mercurial,monthly,94,0.74,0.79,True,False,0.67,1
395,C++,9564,283,73,48,85,19,71,Git,daily,46,0.6,0.44,False,False,0.67,1
396,C++,5490,807,68,82,31,64,71,Git,daily,57,0.63,0.79,False,False,0.64,1
397,C++,4331,750,98,53,33,17,68,Git,daily,99,0.71,0.17,False,False,0.69,1
398,JavaScript,164,38,23,11,55,52,11,SVN,weekly,95,0.55,0.94,False,False,0.8,0
399,Python,7660,507,20,73,80,62,68,Git,monthly,24,0.75,0.93,True,False,0.93,0
400,C++,3810,292,13,74,32,96,16,Mercurial,weekly,23,0.85,0.59,False,True,0.61,1
401,JavaScript,7182,254,31,83,85,42,68,Git,monthly,19,0.91,0.24,True,True,0.77,0
402,Python,225,932,93,60,83,46,74,Git,daily,24,0.74,0.43,True,False,0.99,0
403,C++,4255,66,56,77,98,34,61,SVN,daily,2,0.72,0.56,True,True,0.78,0
404,C++,3054,403,79,69,6,44,32,SVN,monthly,53,0.86,0.15,False,False,0.72,0
405,Python,2103,853,43,85,21,79,65,Mercurial,daily,39,0.54,0.89,False,True,0.62,1
406,C++,5545,525,20,29,82,20,42,Git,weekly,38,0.93,0.5,False,True,0.6,1
407,Java,4640,169,37,61,49,44,7,Mercurial,monthly,31,0.62,0.57,False,False,0.52,1
408,C++,272,646,64,55,91,52,44,SVN,daily,33,0.56,0.43,True,False,0.82,0
409,Java,9690,348,49,99,44,84,33,Mercurial,monthly,33,0.76,0.7,True,True,0.78,0
410,JavaScript,3357,1000,72,49,4,89,87,Mercurial,monthly,80,0.95,0.51,False,True,0.69,1
411,Python,4843,989,90,17,28,83,23,Mercurial,daily,21,0.65,0.29,False,False,0.63,1
412,JavaScript,6049,58,64,35,6,89,76,SVN,daily,28,0.74,0.95,False,True,0.61,1
413,Python,1425,791,56,92,11,26,95,Mercurial,weekly,83,0.87,0.93,False,True,0.9,0
414,Java,6023,450,88,53,40,98,92,SVN,monthly,38,0.81,0.28,False,True,0.59,1
415,JavaScript,4329,299,83,80,100,14,78,Mercurial,weekly,41,0.84,0.13,False,True,0.75,0
416,Python,5505,47,1,26,98,75,13,Mercurial,weekly,8,0.74,0.93,False,False,0.61,1
417,Java,3140,276,82,83,63,89,82,Mercurial,daily,46,0.77,0.64,False,True,0.81,0
418,Java,603,880,84,17,88,33,22,SVN,monthly,1,0.88,0.58,False,False,0.81,0
419,Python,6458,456,17,72,74,93,59,Mercurial,monthly,66,0.87,0.47,True,True,0.8,0
420,Java,8505,175,41,96,55,91,88,Mercurial,monthly,1,0.74,0.78,False,False,0.62,1
421,JavaScript,3219,292,99,66,54,89,86,SVN,weekly,84,0.98,0.77,False,True,0.77,0
422,JavaScript,648,752,44,17,36,44,65,Mercurial,weekly,78,0.95,0.51,False,False,0.6,1
423,C++,7755,638,89,44,80,84,83,SVN,monthly,6,0.88,0.31,True,False,0.95,0
424,JavaScript,6882,994,50,63,23,18,33,Git,daily,35,1.0,0.9,True,True,0.9,0
425,C++,2592,190,41,15,38,15,38,Mercurial,monthly,5,0.87,0.22,False,True,0.72,0
426,JavaScript,924,852,19,41,1,30,70,Git,weekly,70,0.72,0.23,True,True,0.63,1
427,C++,4741,531,42,76,3,84,55,Git,daily,84,0.97,0.53,False,False,0.76,0
428,C++,4801,839,79,69,44,76,40,Mercurial,daily,48,0.98,0.87,False,True,0.52,1
429,Python,4554,614,89,39,77,95,80,Git,weekly,45,0.69,0.59,True,True,0.51,1
430,Python,5272,428,69,1,93,77,62,Git,weekly,15,0.65,0.49,True,False,0.56,1
431,C++,6396,177,65,96,40,80,43,Git,weekly,33,0.73,0.17,True,False,0.69,1
432,Java,781,350,95,60,11,62,96,SVN,monthly,71,0.85,0.44,True,True,0.98,0
433,Java,9629,169,5,96,5,18,30,Mercurial,daily,63,0.88,0.8,True,True,0.97,0
434,JavaScript,1471,928,16,37,58,50,1,SVN,daily,93,0.85,0.35,False,True,0.54,1
435,Python,882,289,4,89,1,8,88,Mercurial,monthly,5,0.9,0.67,False,False,0.58,1
436,Java,412,220,47,5,97,91,90,Mercurial,monthly,67,0.8,0.98,True,True,1.0,0
437,Java,8951,592,17,91,51,37,34,SVN,monthly,35,0.64,0.48,False,False,0.75,0
438,Python,1188,852,36,43,52,72,33,Mercurial,monthly,88,0.71,0.97,True,False,0.69,1
439,Python,5532,246,3,47,2,54,28,Mercurial,daily,87,0.75,0.54,True,True,0.95,0
440,Python,6291,228,14,100,83,13,14,Mercurial,daily,12,0.98,0.78,False,True,0.6,1
441,Java,6394,352,81,71,23,88,38,Mercurial,weekly,3,0.72,0.26,False,False,0.99,0
442,Python,7903,810,13,49,49,8,66,Git,weekly,25,0.74,0.9,True,True,0.85,0
443,Java,7905,639,2,68,19,31,67,Mercurial,weekly,16,0.95,0.17,False,True,0.81,0
444,JavaScript,3883,76,45,12,77,30,60,Mercurial,weekly,36,0.82,0.22,True,False,0.96,0
445,Python,8,147,42,92,48,41,67,SVN,monthly,74,0.96,0.64,True,False,0.87,0
446,Python,9942,463,3,17,6,33,5,Git,monthly,47,0.9,0.37,True,True,0.56,1
447,JavaScript,3572,283,46,51,13,89,29,Mercurial,monthly,10,0.66,0.3,False,True,0.86,0
448,JavaScript,3651,932,80,27,9,11,38,Mercurial,weekly,30,0.71,0.31,True,False,0.59,1
449,Java,859,319,51,16,96,19,82,SVN,daily,88,0.59,0.3,False,False,0.55,1
450,Python,9676,854,6,30,66,1,45,Mercurial,daily,87,0.78,0.71,False,True,0.54,1
451,JavaScript,8819,846,12,98,25,94,98,Git,weekly,74,0.96,0.52,True,True,0.94,0
452,Java,5989,733,59,31,22,20,19,SVN,weekly,61,0.78,0.45,False,True,0.91,0
453,C++,2425,213,92,31,33,35,22,SVN,weekly,11,0.9,0.43,True,False,1.0,0
454,Python,1435,370,89,74,16,15,60,Git,weekly,63,0.94,0.12,False,False,0.85,0
455,JavaScript,7118,127,61,33,66,100,49,Mercurial,daily,83,0.58,0.75,False,True,0.69,1
456,Python,5694,521,9,25,94,79,56,SVN,weekly,51,0.76,0.39,False,False,0.51,1
457,Java,8336,818,55,100,63,6,15,Git,monthly,85,0.8,0.62,False,True,0.5,1
458,Python,665,203,14,7,60,84,34,Mercurial,monthly,29,0.61,0.11,False,False,0.92,0
459,Python,6721,385,45,77,65,11,19,Git,monthly,55,0.9,0.92,False,True,0.61,1
460,JavaScript,2690,113,60,66,62,94,89,Git,monthly,12,0.6,0.55,False,False,0.95,0
461,Python,9860,103,15,55,43,37,8,Git,weekly,86,0.95,0.41,True,False,0.71,0
462,Java,7120,779,31,94,50,19,73,Git,weekly,40,0.86,0.17,True,False,0.96,0
463,Java,1466,492,63,17,15,42,93,SVN,daily,85,0.69,0.45,False,True,0.76,0
464,C++,8496,915,91,42,30,6,29,Mercurial,daily,74,0.6,0.29,False,True,0.58,1
465,Java,2221,764,89,36,30,89,37,SVN,monthly,76,0.66,0.74,True,True,0.88,0
466,C++,362,558,57,30,6,93,64,Git,monthly,19,0.59,1.0,False,False,0.59,1
467,Java,7096,953,94,14,87,83,91,Git,weekly,64,0.62,0.58,True,True,0.77,0
468,JavaScript,2313,373,88,82,26,92,71,Git,daily,29,0.95,0.52,True,True,0.62,1
469,Python,6115,168,62,34,36,11,38,Mercurial,monthly,81,0.66,0.71,False,False,0.68,1
470,JavaScript,6987,956,12,7,1,52,85,Git,daily,1,0.91,0.28,True,True,0.52,1
471,C++,3903,94,23,86,7,24,83,Mercurial,daily,17,0.59,0.26,False,True,0.66,1
472,C++,6986,781,75,97,8,6,44,Mercurial,weekly,49,0.92,0.85,False,False,0.88,0
473,C++,6397,230,26,45,31,48,21,Mercurial,weekly,30,0.65,0.16,True,False,0.63,1
474,JavaScript,7403,756,8,11,10,29,85,SVN,monthly,81,0.91,0.31,False,False,0.9,0
475,JavaScript,4602,248,56,97,35,12,71,SVN,monthly,27,0.54,0.99,False,True,0.91,0
476,Python,130,998,89,50,37,86,96,SVN,daily,56,0.88,0.16,False,True,0.56,1
477,Java,3891,150,54,70,86,71,96,SVN,monthly,76,0.85,0.95,True,True,0.79,0
478,C++,4282,659,12,59,83,75,18,Git,weekly,15,0.58,0.14,True,False,0.96,0
479,Python,1271,275,89,82,75,31,99,Git,daily,53,0.59,0.59,True,False,0.87,0
480,Python,494,141,9,64,56,55,56,SVN,daily,67,0.68,0.94,False,True,0.76,0
481,JavaScript,1543,718,2,52,60,80,56,SVN,daily,67,0.61,0.17,False,False,0.84,0
482,Python,7175,939,11,50,70,3,65,Git,monthly,50,0.91,0.24,False,True,0.61,1
483,Python,25,884,5,59,63,39,72,SVN,monthly,38,0.79,0.55,True,True,0.75,0
484,C++,5676,824,79,92,12,85,24,Git,monthly,36,0.61,0.54,False,True,0.59,1
485,Java,5984,651,84,20,56,42,97,Mercurial,daily,29,0.9,0.37,True,False,0.83,0
486,JavaScript,8306,975,34,57,50,77,39,SVN,weekly,58,0.94,0.22,False,True,0.59,1
487,JavaScript,8725,610,5,26,63,2,61,Mercurial,daily,13,0.73,0.68,True,True,0.64,1
488,JavaScript,2352,468,59,66,32,82,86,Git,weekly,7,0.66,0.73,True,False,0.51,1
489,C++,8054,201,70,98,55,37,66,SVN,daily,72,0.64,0.36,False,False,0.67,1
490,Java,6305,810,96,15,4,37,78,Git,daily,92,0.64,0.99,False,True,0.91,0
491,Python,4331,125,10,16,49,52,67,Mercurial,daily,19,0.7,0.41,False,True,0.94,0
492,Java,6517,505,50,4,22,51,51,Mercurial,daily,22,0.83,0.32,True,False,0.88,0
493,C++,7531,984,23,2,62,17,39,Mercurial,daily,87,0.55,0.75,True,True,0.53,1
494,Python,8874,143,29,50,93,10,74,SVN,monthly,72,0.81,0.16,False,False,0.81,0
495,JavaScript,3208,476,80,18,99,99,3,Git,daily,44,0.99,0.53,False,True,0.88,0
496,JavaScript,8854,209,90,39,58,52,26,SVN,monthly,56,0.78,0.79,False,False,0.91,0
497,C++,8506,127,39,87,21,54,41,SVN,daily,3,0.68,0.37,True,True,0.76,0
498,C++,3468,903,78,28,35,27,4,Git,weekly,66,0.85,0.81,True,True,0.52,1
499,C++,3782,351,37,85,92,3,4,Git,daily,22,0.52,0.74,True,False,0.56,1
500,Python,2201,366,74,66,17,30,57,Mercurial,weekly,26,0.95,0.32,True,False,0.69,1
501,Python,8587,683,64,4,38,64,39,SVN,daily,91,0.55,0.9,True,False,0.95,0
502,Python,5511,532,58,15,59,26,86,SVN,monthly,45,0.72,0.17,True,True,0.97,0
503,Java,4555,796,85,6,3,6,50,Git,weekly,93,0.9,0.27,False,False,0.84,0
504,Java,5554,104,17,21,68,6,40,SVN,monthly,64,0.63,0.18,False,True,0.99,0
505,Java,9378,685,25,6,6,67,63,Mercurial,monthly,72,0.92,0.97,True,False,0.89,0
506,Java,3869,375,20,40,81,86,64,SVN,monthly,24,0.67,0.64,False,True,0.93,0
507,JavaScript,2960,176,37,14,77,8,48,Mercurial,weekly,64,0.98,0.78,True,True,0.69,1
508,Python,1890,960,91,60,53,87,7,SVN,weekly,17,0.64,0.83,False,True,0.62,1
509,JavaScript,5346,700,34,96,63,12,64,Git,weekly,36,0.68,0.83,False,True,0.92,0
510,JavaScript,4510,22,70,30,32,97,96,Mercurial,monthly,74,0.67,0.79,True,True,0.7,0
511,C++,4400,99,73,89,95,9,96,SVN,monthly,95,0.81,0.47,True,False,0.69,1
512,Python,7888,415,17,53,60,12,22,Git,monthly,34,0.64,0.64,False,False,0.81,0
513,JavaScript,6008,755,68,96,30,48,32,Mercurial,weekly,92,0.65,0.17,False,False,0.91,0
514,C++,9302,735,32,85,84,2,47,Git,daily,46,0.94,0.93,True,False,0.77,0
515,Java,6694,761,84,36,67,88,6,Mercurial,monthly,52,0.74,0.27,True,True,0.72,0
516,Python,7769,570,36,45,74,37,53,Mercurial,monthly,66,0.92,0.97,True,False,0.9,0
517,C++,9459,580,51,95,96,15,65,Mercurial,monthly,3,0.73,0.46,False,False,0.57,1
518,JavaScript,5518,747,50,92,94,72,96,SVN,weekly,46,0.91,0.27,True,True,0.76,0
519,JavaScript,7833,254,50,31,96,70,49,Mercurial,daily,3,0.89,0.53,False,False,0.86,0
520,C++,7448,932,99,21,39,79,65,Git,monthly,4,0.62,0.84,False,False,0.99,0
521,Java,2752,587,79,41,73,76,54,Mercurial,daily,47,0.88,0.52,False,False,0.94,0
522,JavaScript,9789,804,85,67,63,81,97,Git,monthly,33,0.55,0.62,False,False,0.61,1
523,C++,4289,829,55,21,53,37,47,SVN,monthly,72,0.54,0.45,True,False,0.54,1
524,JavaScript,4605,213,16,50,74,37,12,SVN,weekly,19,0.66,0.82,False,True,0.84,0
525,JavaScript,924,901,1,36,17,68,60,Git,daily,82,0.7,0.27,False,True,0.56,1
526,Python,4669,627,63,7,94,13,96,Mercurial,weekly,85,0.67,0.33,True,True,0.51,1
527,Java,7417,677,2,62,86,87,22,Git,weekly,43,0.67,0.4,True,True,0.95,0
528,C++,7674,81,39,21,25,17,12,Git,weekly,98,0.66,0.88,False,False,0.51,1
529,JavaScript,4470,640,54,59,39,49,24,SVN,daily,74,0.9,0.32,False,False,0.74,0
530,JavaScript,474,629,22,44,50,85,46,SVN,weekly,12,0.51,0.54,False,True,0.56,1
531,Python,2812,442,44,6,29,7,49,Mercurial,daily,62,0.97,0.21,False,True,0.78,0
532,C++,6634,829,65,45,50,80,98,SVN,weekly,34,0.6,0.31,True,True,0.99,0
533,C++,3600,510,65,63,87,100,83,SVN,weekly,70,0.65,0.35,True,True,0.53,1
534,Java,5236,283,53,64,57,29,50,Mercurial,weekly,100,0.86,0.29,True,False,0.87,0
535,Java,4779,877,87,41,81,76,31,SVN,weekly,38,0.96,0.39,False,False,0.87,0
536,Python,7912,977,51,86,22,29,80,Git,monthly,38,0.83,0.38,False,False,0.59,1
537,C++,8556,294,71,4,34,82,36,Mercurial,monthly,39,0.92,0.45,False,False,0.6,1
538,JavaScript,7079,401,37,29,71,7,72,Git,monthly,53,0.57,0.61,False,True,0.69,1
539,Python,8094,966,9,88,32,93,54,Git,monthly,11,0.58,0.17,True,True,0.82,0
540,JavaScript,5245,83,37,79,98,43,79,Git,daily,13,0.92,0.79,True,False,0.62,1
541,JavaScript,2507,64,63,63,20,10,62,Mercurial,daily,20,0.7,0.68,True,False,0.75,0
542,JavaScript,9631,747,41,76,87,60,4,Mercurial,daily,88,0.57,0.61,True,True,0.73,0
543,C++,477,967,68,65,81,99,60,Git,daily,26,0.56,0.5,True,False,0.52,1
544,JavaScript,4732,350,54,36,64,22,83,Git,monthly,57,0.87,0.16,True,True,0.91,0
545,JavaScript,6981,376,61,71,77,31,99,Mercurial,monthly,75,0.68,0.21,False,False,0.87,0
546,JavaScript,6679,252,59,79,55,34,16,Git,weekly,39,0.97,0.72,True,False,0.54,1
547,Python,5296,640,61,97,63,30,66,Mercurial,monthly,89,0.86,0.63,True,True,0.77,0
548,Python,3259,602,100,8,65,10,53,Mercurial,daily,60,0.62,0.34,True,False,0.87,0
549,Python,9249,810,100,54,72,35,11,Git,monthly,3,0.87,0.92,False,False,0.82,0
550,Python,2356,194,67,87,71,89,58,Mercurial,monthly,11,0.67,0.95,False,False,0.88,0
551,Java,1436,641,100,4,97,6,12,Mercurial,monthly,61,0.87,0.57,True,True,0.98,0
552,Python,5225,421,26,12,78,15,25,SVN,daily,54,0.75,0.62,False,False,0.81,0
553,JavaScript,8974,14,8,18,19,61,13,SVN,weekly,71,0.77,0.58,False,False,0.89,0
554,Python,5619,466,60,76,35,30,62,Git,weekly,64,0.66,0.99,False,False,0.79,0
555,C++,3501,679,84,89,70,100,72,Mercurial,daily,26,0.57,0.86,False,True,0.74,0
556,Java,3342,607,22,27,7,71,27,Mercurial,monthly,65,0.69,0.94,False,False,0.9,0
557,Java,5901,757,93,12,2,52,53,Git,monthly,37,0.67,0.13,False,True,0.85,0
558,C++,7182,508,42,99,22,72,51,Git,daily,15,0.97,0.9,False,False,0.91,0
559,Java,6829,418,16,3,98,73,5,Git,weekly,90,0.96,0.3,True,False,0.66,1
560,C++,8970,434,53,63,57,78,21,SVN,daily,90,0.98,0.76,True,False,0.69,1
561,C++,1153,888,26,12,80,46,75,SVN,weekly,63,0.5,0.33,True,False,0.88,0
562,Java,468,454,83,17,29,63,31,Mercurial,monthly,19,0.96,0.22,False,False,0.62,1
563,Java,7261,976,26,54,91,82,7,Git,monthly,42,0.51,0.28,True,True,0.78,0
564,C++,1182,590,89,42,38,25,99,Git,daily,96,0.71,0.43,True,False,0.94,0
565,Python,1340,52,95,24,92,4,78,Git,daily,76,0.75,0.42,True,True,0.89,0
566,JavaScript,6575,659,11,19,95,11,98,Mercurial,monthly,14,0.76,0.12,True,False,0.69,1
567,JavaScript,1032,461,60,32,49,28,20,Mercurial,monthly,3,0.96,0.99,True,True,0.98,0
568,Java,8365,922,47,81,44,92,26,Mercurial,daily,18,0.72,0.88,False,False,0.52,1
569,Python,7135,980,96,10,51,46,55,Git,monthly,24,0.93,0.28,False,True,1.0,0
570,C++,5945,193,64,26,99,62,14,Mercurial,daily,84,0.9,0.17,False,True,0.63,1
571,Python,5258,371,59,53,80,63,4,Mercurial,monthly,34,0.96,0.72,True,False,0.94,0
572,JavaScript,3661,660,43,26,42,40,23,Mercurial,daily,33,0.95,0.5,False,True,0.67,1
573,Python,4510,927,19,69,88,18,55,Git,weekly,2,0.54,0.21,False,True,0.84,0
574,Python,341,13,54,54,14,30,5,Git,daily,100,0.68,0.54,False,True,0.79,0
575,Python,8468,198,64,31,73,5,2,SVN,weekly,43,0.64,0.31,False,True,0.66,1
576,C++,3868,533,41,56,75,21,18,Git,monthly,35,0.73,0.82,True,False,0.69,1
577,C++,4408,964,50,94,98,39,45,Git,weekly,86,0.55,0.3,True,True,0.84,0
578,Java,7660,906,34,13,99,100,29,Mercurial,daily,71,0.61,0.3,True,False,0.79,0
579,Java,1278,707,31,22,85,64,88,SVN,weekly,52,0.53,0.49,False,False,0.51,1
580,JavaScript,3081,435,30,4,77,21,100,Mercurial,monthly,33,0.83,0.18,False,True,0.8,0
581,Python,9096,609,73,82,30,78,95,Mercurial,monthly,77,0.61,0.18,True,True,0.57,1
582,JavaScript,1467,636,58,29,3,59,76,Git,weekly,44,0.67,0.4,True,False,0.99,0
583,Python,3957,866,64,16,25,94,94,Mercurial,weekly,66,0.72,0.85,True,True,0.56,1
584,C++,9532,355,19,42,92,8,64,SVN,weekly,68,0.87,0.42,False,False,0.92,0
585,JavaScript,6124,247,29,100,93,77,28,SVN,weekly,74,0.66,0.45,False,False,0.82,0
586,JavaScript,1725,601,2,86,12,13,85,Git,weekly,94,0.65,0.15,False,False,0.95,0
587,JavaScript,4865,37,78,79,27,51,47,Mercurial,weekly,100,0.68,0.76,True,True,0.75,0
588,Java,6799,897,56,27,17,12,54,Git,monthly,17,0.77,0.8,True,True,0.94,0
589,Python,2545,161,46,26,70,46,9,Mercurial,daily,51,0.56,0.59,False,True,0.68,1
590,C++,1777,81,47,40,82,76,95,SVN,monthly,92,0.72,0.59,True,True,0.87,0
591,C++,4600,538,3,74,66,6,64,SVN,monthly,85,0.83,0.8,False,False,0.75,0
592,Python,7835,853,91,61,90,65,3,Mercurial,monthly,69,0.53,0.37,False,False,0.62,1
593,Python,4289,635,98,3,9,76,11,Git,daily,20,0.78,0.3,True,False,0.65,1
594,Java,9003,864,14,28,57,96,15,SVN,weekly,32,0.52,0.25,False,True,0.94,0
595,Python,4022,172,17,2,24,75,43,SVN,weekly,14,0.92,0.13,False,True,0.72,0
596,C++,8526,328,38,26,11,23,26,Mercurial,daily,52,0.91,0.95,True,False,0.99,0
597,C++,7531,384,94,99,43,38,41,Mercurial,daily,56,0.93,0.74,False,False,0.87,0
598,Java,99,342,97,97,75,60,52,SVN,weekly,29,0.89,0.65,False,False,0.85,0
599,C++,3577,680,64,5,28,42,91,Mercurial,daily,94,0.64,0.53,False,False,0.75,0
600,Java,5756,898,12,44,40,56,59,Git,monthly,58,0.69,0.18,False,True,0.9,0
601,Python,4963,537,84,100,63,31,67,Git,monthly,96,0.69,0.45,True,True,0.67,1
602,C++,1474,625,43,100,79,92,30,Mercurial,weekly,33,0.92,0.34,True,False,0.92,0
603,JavaScript,6392,331,4,81,6,6,16,SVN,monthly,47,0.51,0.95,False,False,0.84,0
604,Java,5749,927,92,82,71,92,48,Git,weekly,65,0.81,0.54,True,True,0.7,0
605,Python,6293,391,54,80,4,36,34,Git,daily,4,0.75,0.73,False,True,0.54,1
606,C++,9870,142,23,88,43,80,17,Git,monthly,77,0.86,0.11,False,False,0.67,1
607,C++,7543,770,94,31,63,60,15,Git,daily,3,0.91,0.18,True,False,0.64,1
608,JavaScript,3049,902,83,40,34,21,10,SVN,monthly,60,0.78,0.29,False,True,0.63,1
609,JavaScript,2316,53,35,59,50,8,24,Git,daily,3,0.95,0.25,False,True,0.63,1
610,JavaScript,241,375,76,46,32,12,98,Mercurial,weekly,29,0.8,0.41,True,True,0.54,1
611,Java,5474,510,24,43,62,74,12,Mercurial,weekly,24,0.65,0.31,False,True,0.56,1
612,C++,4508,94,99,67,1,45,82,Mercurial,monthly,33,0.6,0.12,False,True,0.57,1
613,Python,4866,124,72,28,45,68,15,SVN,monthly,83,0.85,0.34,True,False,0.92,0
614,Python,7219,777,65,12,25,12,19,Git,monthly,25,0.93,0.42,False,True,0.54,1
615,JavaScript,3674,205,20,61,37,36,72,SVN,monthly,4,0.72,0.37,True,False,0.7,0
616,Java,2666,226,51,93,43,33,85,Mercurial,monthly,77,0.72,0.98,False,True,0.52,1
617,JavaScript,1176,94,64,91,92,9,40,Git,daily,55,0.68,0.74,True,True,0.92,0
618,C++,3347,333,90,27,69,19,96,Git,weekly,47,0.9,0.28,True,True,0.54,1
619,Python,3818,512,58,16,75,12,14,Mercurial,daily,14,0.69,0.16,False,False,0.87,0
620,Python,7783,506,13,61,50,43,23,SVN,daily,63,0.68,0.29,False,True,0.92,0
621,Python,9752,514,72,59,19,70,82,Git,daily,33,0.81,0.34,True,True,0.58,1
622,C++,8611,201,37,9,96,4,24,Git,daily,60,0.65,0.61,False,True,0.58,1
623,Java,3717,479,59,65,47,8,71,Git,daily,95,0.63,0.47,False,False,0.79,0
624,Java,6605,104,23,97,55,79,1,SVN,daily,80,0.82,0.33,False,True,0.62,1
625,JavaScript,5022,459,73,46,81,91,68,Git,monthly,57,0.51,0.6,True,False,0.58,1
626,Python,1461,226,18,34,73,56,70,Mercurial,daily,72,0.73,0.48,False,False,0.81,0
627,C++,3883,947,47,19,6,56,22,Mercurial,weekly,99,0.93,0.12,True,True,0.55,1
628,Java,7580,317,87,45,58,84,43,Mercurial,daily,52,0.95,0.81,False,False,0.75,0
629,JavaScript,4476,461,76,34,36,38,57,Git,monthly,18,0.93,0.52,False,True,0.88,0
630,C++,9789,333,57,52,77,96,92,SVN,daily,31,0.7,0.55,False,False,0.88,0
631,JavaScript,1349,659,12,2,2,23,75,Git,daily,54,0.98,0.26,True,True,0.64,1
632,JavaScript,7460,229,83,60,95,23,95,Mercurial,weekly,93,0.67,0.98,True,True,0.93,0
633,Python,332,293,40,73,5,29,51,Mercurial,weekly,79,1.0,0.98,False,True,0.77,0
634,JavaScript,8652,826,82,18,64,78,75,Mercurial,monthly,52,0.63,0.71,False,True,0.86,0
635,C++,2441,195,45,61,67,72,51,Git,daily,21,0.96,0.41,False,False,0.77,0
636,Java,5169,508,57,85,1,90,17,Git,daily,79,0.93,0.2,True,True,0.59,1
637,C++,4247,647,13,16,11,89,10,Mercurial,weekly,5,0.93,0.49,True,False,0.78,0
638,Java,4220,524,36,25,11,23,87,Mercurial,weekly,66,0.98,0.94,False,False,0.58,1
639,Python,7343,229,12,50,25,80,73,Mercurial,weekly,39,0.93,0.86,False,False,0.62,1
640,JavaScript,6418,787,10,46,78,83,90,Git,weekly,54,0.67,0.67,False,False,0.94,0
641,C++,4279,257,65,30,37,14,2,Git,monthly,9,0.65,0.54,False,True,0.84,0
642,Java,2897,397,57,75,45,29,84,Mercurial,weekly,99,0.73,0.96,False,False,0.9,0
643,Java,1506,243,87,75,59,20,87,SVN,monthly,46,0.88,0.24,True,False,0.77,0
644,JavaScript,4860,76,75,95,59,55,15,Git,daily,32,0.7,0.14,True,True,0.68,1
645,C++,9382,72,74,35,62,55,13,Git,weekly,27,0.61,0.3,True,False,0.74,0
646,Java,2543,200,94,80,41,54,76,Git,daily,40,0.95,0.43,False,False,0.96,0
647,C++,6311,688,29,4,34,23,65,Mercurial,weekly,7,0.63,0.52,False,False,0.88,0
648,JavaScript,4668,26,35,39,21,47,68,Mercurial,monthly,12,0.69,0.56,False,True,0.59,1
649,Python,2345,652,1,17,71,87,95,Git,monthly,4,0.87,0.47,False,True,0.53,1
650,Python,3784,366,88,55,21,68,72,SVN,monthly,58,0.91,0.88,True,True,0.86,0
651,C++,3071,946,49,3,69,71,16,Git,daily,77,0.98,0.37,False,True,0.87,0
652,Java,5107,735,7,30,80,26,45,Mercurial,daily,34,0.53,0.84,False,True,0.57,1
653,Java,5415,853,62,66,75,54,93,SVN,monthly,68,0.63,0.41,True,True,0.73,0
654,C++,7681,553,61,5,24,71,22,Git,daily,12,0.73,0.55,True,True,0.53,1
655,Python,6925,193,16,75,60,10,7,Mercurial,monthly,52,0.88,0.71,False,False,0.89,0
656,JavaScript,3045,218,85,98,29,69,31,Git,daily,28,0.54,0.97,True,False,0.7,0
657,C++,6944,27,15,66,1,24,81,Git,daily,16,0.99,0.36,False,False,0.51,1
658,Java,1618,324,10,60,18,96,35,SVN,daily,42,0.97,0.43,False,True,0.83,0
659,JavaScript,1672,317,33,5,95,80,54,Git,monthly,96,0.87,0.41,True,False,0.71,0
660,Java,5555,714,43,91,32,37,35,Mercurial,monthly,42,0.62,0.96,False,False,0.75,0
661,C++,4543,965,23,32,78,36,38,Git,weekly,40,0.87,0.73,True,True,0.64,1
662,JavaScript,3386,352,38,77,59,86,1,Mercurial,weekly,79,0.61,0.69,True,True,0.84,0
663,C++,4420,842,64,2,43,49,67,Git,daily,98,0.74,0.67,False,False,0.68,1
664,Java,9976,977,43,93,62,12,13,Git,weekly,58,0.57,0.29,True,True,0.89,0
665,Python,9730,609,48,97,54,75,61,Mercurial,monthly,93,0.68,0.24,True,True,0.76,0
666,C++,3164,366,48,77,79,4,91,Git,weekly,32,0.94,0.61,False,True,0.85,0
667,JavaScript,2620,36,35,40,11,31,40,Mercurial,monthly,72,0.83,0.76,True,True,0.53,1
668,JavaScript,7450,417,63,89,66,15,88,SVN,monthly,75,1.0,0.89,False,False,0.8,0
669,C++,8892,27,45,31,39,66,50,Git,monthly,69,0.72,0.67,True,False,0.6,1
670,Java,2156,408,47,73,81,8,78,SVN,daily,87,0.73,0.96,True,True,0.55,1
671,Java,1266,455,9,58,53,3,65,Git,daily,88,0.6,0.73,False,False,0.89,0
672,Python,3403,338,42,10,35,34,97,SVN,weekly,32,0.76,0.41,False,False,0.55,1
673,C++,5572,643,88,93,43,30,68,SVN,monthly,99,0.85,0.24,True,True,0.83,0
674,JavaScript,2215,231,66,15,95,85,5,Git,daily,98,0.66,0.14,True,True,0.76,0
675,JavaScript,529,251,84,59,15,40,17,Mercurial,weekly,15,0.55,0.17,True,True,0.69,1
676,Java,1492,129,86,57,1,99,60,Git,monthly,7,0.81,0.41,True,True,0.74,0
677,Python,3928,616,80,47,21,81,42,Mercurial,daily,43,0.69,0.91,True,True,0.52,1
678,C++,7726,729,50,83,51,54,14,Mercurial,weekly,81,0.95,0.8,False,True,0.87,0
679,C++,1582,275,57,22,65,83,19,Mercurial,monthly,81,0.94,0.28,True,False,0.51,1
680,C++,4208,719,23,58,22,94,93,Git,daily,56,0.57,0.47,False,False,0.65,1
681,Python,9436,75,69,11,64,58,87,SVN,weekly,37,0.53,0.71,False,True,0.76,0
682,C++,5783,642,14,93,86,26,85,Git,daily,61,0.79,0.51,True,True,0.76,0
683,C++,3437,223,13,61,11,10,83,SVN,monthly,38,0.82,0.41,True,False,0.67,1
684,Python,5993,633,24,78,28,98,50,Git,weekly,14,0.51,0.82,True,False,0.75,0
685,JavaScript,229,498,83,13,49,67,47,Mercurial,daily,90,0.63,0.49,True,False,0.66,1
686,JavaScript,4868,714,63,87,76,45,41,Mercurial,monthly,71,0.53,0.54,True,False,0.97,0
687,Python,5856,453,19,51,45,41,94,Git,monthly,78,0.56,0.27,False,True,1.0,0
688,C++,3851,909,88,49,41,42,44,Git,weekly,30,0.89,0.17,False,False,0.74,0
689,JavaScript,7420,161,12,46,34,27,48,Git,weekly,25,0.87,0.56,True,False,0.94,0
690,Python,5229,364,24,97,8,15,66,SVN,daily,66,0.57,0.88,False,True,0.85,0
691,JavaScript,4285,482,42,7,32,68,98,Mercurial,monthly,71,0.53,0.99,True,True,0.69,1
692,Python,4397,435,95,95,100,8,34,SVN,weekly,7,0.57,0.75,False,True,0.55,1
693,JavaScript,8126,153,54,66,69,87,1,Mercurial,monthly,79,0.7,0.75,True,False,0.85,0
694,Python,2291,639,50,52,42,40,68,SVN,daily,88,0.53,0.57,True,True,0.76,0
695,Java,548,783,2,65,37,21,10,SVN,monthly,48,0.68,0.44,False,False,0.62,1
696,C++,8789,740,69,99,66,3,46,Mercurial,weekly,2,0.93,0.98,True,True,0.67,1
697,C++,9865,558,48,1,70,67,35,Git,weekly,29,0.88,0.3,False,True,0.93,0
698,Java,7434,133,62,28,81,12,35,Mercurial,monthly,12,0.5,0.28,False,True,0.74,0
699,JavaScript,10000,79,59,48,22,76,89,Mercurial,weekly,18,0.68,0.74,True,True,0.57,1
700,Python,4011,811,74,48,64,4,32,SVN,daily,27,0.8,0.54,False,True,0.72,0
701,JavaScript,8405,654,82,24,72,40,74,Mercurial,weekly,3,0.82,0.34,True,True,0.53,1
702,Java,8042,48,100,75,7,2,18,Mercurial,weekly,99,0.71,0.86,False,False,0.91,0
703,Python,3219,997,36,100,100,70,15,Git,daily,10,0.85,0.58,True,True,0.66,1
704,Python,4529,499,53,48,52,53,12,Git,daily,42,0.54,0.47,False,True,0.89,0
705,JavaScript,3656,862,63,43,79,45,83,Mercurial,daily,15,0.62,0.5,False,True,0.97,0
706,Java,1136,395,94,47,82,12,85,SVN,daily,15,0.98,0.55,False,True,0.92,0
707,C++,4309,196,51,27,97,52,51,Git,monthly,58,0.85,0.31,False,False,0.55,1
708,Java,4730,262,21,48,93,38,83,SVN,daily,41,0.82,0.34,False,False,1.0,0
709,Python,843,344,14,22,81,19,82,Git,daily,46,0.77,0.57,False,True,0.54,1
710,Python,5285,857,35,32,29,21,28,Mercurial,daily,14,0.76,0.44,True,False,0.74,0
711,C++,3711,332,24,89,57,74,47,Git,weekly,71,0.77,0.92,False,False,0.51,1
712,Python,4664,773,15,58,93,95,94,Mercurial,daily,68,0.55,0.38,True,False,0.62,1
713,Java,12,165,15,52,13,89,5,SVN,weekly,15,0.82,0.77,True,False,0.6,1
714,Java,743,264,61,84,93,82,71,SVN,monthly,69,0.54,0.71,False,True,0.87,0
715,Java,8086,945,28,27,24,10,37,SVN,weekly,32,0.59,0.62,True,False,0.53,1
716,C++,7043,156,97,1,42,96,34,SVN,weekly,48,0.51,0.91,True,False,0.74,0
717,Java,518,1000,94,19,69,13,92,Mercurial,monthly,11,0.62,0.3,True,True,0.71,0
718,Java,8259,974,58,43,32,51,93,Git,weekly,56,0.87,0.78,False,False,0.57,1
719,Java,1215,817,13,48,46,20,12,SVN,daily,73,0.97,0.17,False,False,0.53,1
720,JavaScript,813,476,16,82,68,51,85,Mercurial,weekly,74,0.92,0.96,False,False,0.55,1
721,Python,3641,736,61,90,14,56,91,Mercurial,monthly,79,0.95,0.22,False,True,0.72,0
722,Java,9213,42,69,28,24,44,67,Mercurial,weekly,3,0.57,0.11,True,True,0.81,0
723,Python,4869,603,81,88,26,14,73,SVN,weekly,85,0.83,0.88,True,False,0.56,1
724,Java,5089,301,8,92,90,33,74,Mercurial,weekly,26,0.69,0.98,False,False,0.92,0
725,Java,5789,481,54,14,83,53,75,Git,monthly,48,0.83,0.92,False,False,0.8,0
726,JavaScript,2999,366,60,76,64,15,6,Mercurial,weekly,92,0.83,0.72,True,False,1.0,0
727,JavaScript,7101,263,64,15,90,91,28,Mercurial,monthly,22,0.51,0.36,True,False,0.71,0
728,JavaScript,6044,429,49,10,97,95,93,Git,weekly,6,0.64,0.37,True,True,0.99,0
729,Python,8916,80,92,30,6,23,60,Mercurial,weekly,70,0.9,0.37,False,False,0.83,0
730,Java,3116,346,52,61,37,87,81,SVN,monthly,10,0.57,0.89,False,False,0.53,1
731,JavaScript,6692,188,88,17,63,89,30,SVN,daily,32,0.91,0.2,False,True,0.85,0
732,JavaScript,1986,15,92,20,8,49,17,Mercurial,weekly,96,0.64,0.43,True,False,0.86,0
733,C++,397,624,17,87,87,11,43,Git,monthly,59,0.64,0.8,True,False,0.86,0
734,C++,5901,457,90,58,50,31,8,SVN,daily,33,0.98,0.35,True,True,0.52,1
735,Python,3835,352,6,70,95,47,84,SVN,daily,24,0.91,0.96,False,False,0.91,0
736,Java,6325,50,96,78,26,59,59,Mercurial,weekly,24,0.5,0.63,False,False,0.66,1
737,Python,1574,44,30,83,83,79,36,SVN,weekly,87,0.6,0.67,True,True,0.93,0
738,C++,8394,353,20,39,10,39,2,SVN,weekly,57,0.74,0.63,True,True,0.93,0
739,Python,5061,669,52,97,96,71,30,Mercurial,monthly,31,0.98,0.73,False,False,0.84,0
740,Java,5329,298,19,57,45,94,38,SVN,weekly,6,0.65,0.96,True,True,0.78,0
741,Java,8097,551,14,31,11,75,1,Mercurial,daily,59,0.77,0.94,False,False,0.63,1
742,C++,1526,873,59,43,26,77,3,SVN,weekly,49,0.87,0.78,True,False,0.53,1
743,JavaScript,1128,734,59,55,88,16,43,SVN,monthly,92,0.84,0.52,False,False,0.7,0
744,C++,8827,511,46,15,18,69,51,SVN,weekly,31,0.69,0.22,True,True,0.54,1
745,C++,285,10,10,36,56,42,71,Mercurial,daily,71,0.56,0.38,False,True,0.84,0
746,Python,4341,891,58,41,21,2,80,Mercurial,daily,20,0.73,0.34,True,False,0.51,1
747,JavaScript,3468,425,64,100,99,48,56,Git,weekly,29,0.88,0.1,False,False,0.71,0
748,Python,9620,517,91,95,42,98,59,Git,weekly,71,0.73,0.42,True,False,0.91,0
749,Java,2663,952,54,9,75,39,93,Git,daily,27,0.98,0.29,True,True,0.65,1
750,JavaScript,9897,537,81,71,86,63,71,Git,daily,31,0.52,0.36,False,True,0.84,0
751,C++,8031,294,18,61,44,56,85,SVN,daily,67,0.71,0.31,False,False,0.84,0
752,Java,1454,576,51,24,50,33,14,Git,daily,57,0.64,0.41,False,True,0.84,0
753,C++,6786,701,34,14,12,70,9,SVN,monthly,3,0.73,0.38,False,False,0.61,1
754,C++,906,287,92,12,78,79,8,Mercurial,monthly,50,0.93,0.69,True,True,0.94,0
755,C++,8984,789,8,14,58,40,50,SVN,weekly,67,0.54,0.29,False,False,0.55,1
756,Python,7406,397,46,88,80,43,27,Git,monthly,74,0.63,0.32,True,False,0.54,1
757,C++,8535,980,30,96,51,99,2,Git,daily,75,0.81,0.54,True,False,0.6,1
758,C++,4304,677,79,10,36,76,90,Mercurial,daily,28,0.93,0.86,False,False,0.62,1
759,Java,4084,748,23,1,53,67,79,Git,weekly,15,0.74,0.53,True,True,0.55,1
760,Python,9358,832,8,38,70,28,71,Mercurial,monthly,62,0.89,0.95,True,False,0.66,1
761,C++,8139,788,19,57,35,98,47,Mercurial,monthly,11,0.58,0.32,False,True,0.64,1
762,JavaScript,6980,521,35,70,94,13,12,Mercurial,monthly,79,0.52,0.68,True,False,0.9,0
763,Python,6435,883,20,33,11,59,24,SVN,daily,85,0.7,0.33,False,True,0.61,1
764,JavaScript,8735,815,88,2,34,16,47,Mercurial,monthly,71,0.79,0.15,False,True,0.78,0
765,Java,5830,152,3,99,87,95,32,Mercurial,weekly,95,0.52,0.2,True,False,0.88,0
766,Java,5143,920,14,64,59,89,46,Git,daily,9,0.57,0.55,False,False,0.65,1
767,Java,2010,848,5,87,45,77,88,Git,weekly,1,0.84,0.94,True,True,0.89,0
768,Java,7492,716,24,61,67,52,51,Mercurial,daily,79,0.52,0.86,True,False,0.57,1
769,JavaScript,2385,152,91,76,46,11,85,SVN,monthly,35,0.7,0.55,True,False,0.74,0
770,JavaScript,2232,102,32,11,72,84,22,SVN,monthly,93,0.8,0.95,True,True,0.83,0
771,Python,3026,963,86,89,12,25,69,SVN,daily,49,0.63,0.45,True,True,0.7,0
772,JavaScript,9418,803,84,75,22,66,76,Git,monthly,51,0.92,0.35,True,False,0.85,0
773,Python,7378,846,66,28,97,91,80,Git,daily,74,0.69,0.45,True,True,0.92,0
774,Java,6645,114,6,14,17,38,44,Git,weekly,23,0.8,0.2,False,False,0.9,0
775,Python,4169,248,95,17,4,79,51,Git,weekly,75,0.54,0.69,False,False,0.52,1
776,Java,5164,977,49,57,5,14,3,Git,weekly,76,0.8,0.49,True,False,0.53,1
777,Python,1857,700,15,72,9,37,6,SVN,weekly,66,0.63,0.48,False,True,0.64,1
778,Python,6179,831,72,71,90,76,23,Mercurial,monthly,98,0.88,0.17,True,True,0.65,1
779,Python,1634,166,54,67,43,9,1,Mercurial,weekly,26,0.85,0.91,False,False,0.77,0
780,Python,7351,675,100,46,93,85,85,Git,monthly,58,0.59,0.84,False,True,0.55,1
781,Java,8950,216,69,57,17,51,40,Mercurial,weekly,88,0.8,0.45,False,True,0.59,1
782,Python,2994,208,58,64,51,75,96,Git,monthly,91,0.99,0.88,True,False,0.54,1
783,C++,7738,778,46,41,23,85,93,Mercurial,monthly,44,0.55,0.74,False,True,0.56,1
784,Python,3385,564,9,57,49,25,75,SVN,weekly,59,0.8,0.68,False,False,0.9,0
785,JavaScript,6189,948,65,4,37,48,83,SVN,daily,30,0.57,0.26,True,True,0.78,0
786,Java,9298,21,68,13,91,75,64,Git,weekly,18,0.83,0.23,True,False,0.88,0
787,Java,9804,314,27,60,57,61,60,Git,monthly,47,0.91,0.34,True,True,0.59,1
788,JavaScript,1533,391,63,93,66,61,100,Git,weekly,94,0.97,0.93,True,False,0.51,1
789,Python,7152,898,32,65,10,45,24,SVN,daily,64,0.79,0.77,False,False,0.68,1
790,Java,8572,381,20,62,22,38,32,SVN,weekly,28,0.78,0.43,True,True,0.6,1
791,Java,7938,739,8,47,52,50,79,Mercurial,daily,46,0.5,0.17,True,False,1.0,0
792,C++,4928,196,36,92,71,64,79,Git,daily,7,0.96,0.3,True,True,0.8,0
793,Java,6479,871,50,78,57,72,100,Mercurial,daily,87,1.0,0.62,False,True,0.67,1
794,Java,5811,235,7,87,54,29,50,Mercurial,monthly,52,0.66,0.28,True,True,0.58,1
795,JavaScript,8215,219,19,73,38,3,59,Git,daily,54,0.92,0.79,False,True,0.74,0
796,Python,3788,770,50,56,41,49,63,Git,weekly,22,0.93,0.91,True,True,0.93,0
797,Python,5429,546,95,72,75,43,26,SVN,daily,56,0.75,0.68,False,False,0.6,1
798,Java,9834,220,58,50,48,92,49,Mercurial,monthly,56,0.68,0.87,True,True,0.78,0
799,C++,9213,444,21,49,32,3,26,Mercurial,monthly,29,0.57,0.15,False,True,0.54,1
800,Java,4255,792,48,83,22,41,90,Mercurial,monthly,74,0.56,0.18,True,False,0.8,0
801,C++,4148,645,18,2,79,25,73,SVN,monthly,27,0.63,0.36,True,False,0.97,0
802,Python,8336,83,86,84,35,31,92,Mercurial,weekly,84,0.58,0.39,True,True,0.88,0
803,C++,1626,848,3,22,62,67,12,Mercurial,monthly,7,0.95,0.31,False,False,0.85,0
804,Python,534,527,78,34,11,71,14,SVN,monthly,51,0.54,0.11,True,True,0.6,1
805,Java,5090,286,68,79,20,98,15,Git,daily,93,0.93,0.43,True,False,0.98,0
806,Java,7322,730,33,69,52,8,12,SVN,daily,21,0.6,0.55,True,True,0.81,0
807,Python,175,905,77,49,89,30,6,SVN,daily,89,0.97,0.43,True,True,0.68,1
808,Python,7389,244,30,68,52,63,7,SVN,daily,35,0.52,0.57,False,True,0.52,1
809,Java,4830,173,48,80,60,33,86,SVN,daily,21,0.67,0.59,False,False,0.98,0
810,Java,2668,942,67,66,46,99,94,Mercurial,daily,64,0.97,0.65,False,False,0.76,0
811,JavaScript,3391,512,50,39,26,32,13,SVN,weekly,97,0.54,0.2,True,False,0.9,0
812,Python,1560,422,99,99,67,5,24,SVN,weekly,98,0.66,0.79,False,True,0.77,0
813,JavaScript,5239,531,100,77,45,65,51,SVN,daily,17,0.74,0.75,True,False,0.79,0
814,C++,4512,811,27,19,96,7,49,Mercurial,monthly,32,0.66,0.26,True,True,0.57,1
815,JavaScript,936,782,54,95,83,64,15,Mercurial,daily,54,0.52,0.46,True,True,0.73,0
816,Java,9707,978,85,83,71,79,92,Git,weekly,91,0.78,0.62,False,True,0.79,0
817,JavaScript,5493,887,62,93,60,30,52,SVN,monthly,43,0.7,0.62,True,True,0.8,0
818,C++,6443,483,1,9,34,10,39,Mercurial,monthly,29,0.63,0.93,True,False,0.81,0
819,Python,6871,180,40,60,46,61,86,SVN,daily,83,0.52,0.53,False,False,0.67,1
820,Java,5810,211,76,55,61,72,68,Git,weekly,83,0.78,0.88,True,True,1.0,0
821,JavaScript,1220,802,23,79,89,31,92,SVN,weekly,91,0.89,0.84,True,True,0.61,1
822,JavaScript,9735,894,98,11,79,31,83,Git,monthly,18,0.69,0.43,True,False,0.87,0
823,JavaScript,1027,78,88,59,84,89,48,SVN,monthly,87,0.55,0.15,False,False,0.72,0
824,Python,9707,868,92,25,54,89,38,Git,weekly,12,0.77,0.7,False,True,0.65,1
825,Java,4387,807,36,29,68,91,76,Git,monthly,74,0.55,0.27,False,False,0.67,1
826,Java,8360,226,56,35,43,21,59,Git,daily,98,0.74,0.33,False,True,0.98,0
827,Python,1676,833,79,47,27,44,60,Git,weekly,31,0.57,0.15,True,False,0.88,0
828,Java,8847,949,32,89,38,1,26,Mercurial,monthly,69,0.83,0.8,False,True,0.75,0
829,Python,7252,720,65,15,4,54,25,Mercurial,daily,86,0.89,0.49,False,False,0.54,1
830,C++,1007,419,55,39,94,61,7,SVN,monthly,98,0.73,0.16,True,False,0.78,0
831,Python,3888,15,8,36,28,1,61,Git,weekly,56,0.75,0.28,False,True,0.76,0
832,C++,2280,660,2,54,5,10,24,Git,daily,73,0.83,0.85,True,False,0.79,0
833,Python,4689,87,27,73,85,29,57,SVN,daily,23,0.61,0.48,False,False,0.56,1
834,Java,1760,520,63,60,93,38,86,SVN,monthly,7,1.0,0.95,False,True,0.8,0
835,Python,9934,309,30,24,12,61,39,Mercurial,weekly,22,0.81,0.5,False,True,0.79,0
836,JavaScript,6691,326,24,31,1,50,52,Git,weekly,79,0.58,0.57,False,True,0.64,1
837,Java,615,237,5,27,11,46,21,Mercurial,daily,59,0.92,0.88,True,False,0.63,1
838,Java,4345,308,87,96,45,55,30,Mercurial,weekly,11,0.51,0.67,True,False,0.78,0
839,Python,5978,524,1,91,8,84,72,Mercurial,weekly,27,0.88,0.63,False,False,0.62,1
840,Java,8697,200,32,96,16,83,48,SVN,weekly,64,0.85,0.73,False,False,0.78,0
841,Java,7518,682,11,30,21,90,12,Mercurial,weekly,95,0.96,0.17,True,False,0.69,1
842,Java,8136,267,74,69,5,19,92,SVN,daily,15,0.86,0.13,False,False,0.97,0
843,JavaScript,8056,552,36,50,19,50,27,Git,daily,56,0.97,0.44,False,True,0.63,1
844,Python,7692,602,34,60,57,28,80,Git,monthly,41,0.69,0.33,True,True,0.89,0
845,Python,6946,690,71,12,77,18,23,Git,monthly,70,0.51,0.12,True,False,0.92,0
846,Java,2062,734,55,14,61,100,97,Git,daily,47,0.55,0.28,False,False,0.73,0
847,JavaScript,9893,749,18,51,60,20,86,SVN,daily,67,0.8,0.13,True,True,0.55,1
848,C++,6566,183,52,100,53,58,7,SVN,monthly,80,0.79,0.48,True,True,0.68,1
849,Java,1290,651,69,6,38,97,36,SVN,monthly,66,0.87,0.37,True,True,0.66,1
850,Java,9848,488,40,26,35,42,29,Mercurial,weekly,68,0.73,0.5,True,False,0.92,0
851,Java,4970,633,30,78,64,60,18,Mercurial,daily,28,0.91,0.99,False,True,0.87,0
852,Python,6958,80,63,72,88,92,49,Git,monthly,1,0.87,0.22,True,False,0.94,0
853,Java,5596,123,93,40,70,72,35,Mercurial,monthly,74,0.85,0.83,False,False,0.69,1
854,JavaScript,5191,487,36,34,53,31,11,Mercurial,monthly,72,0.67,0.95,True,True,0.63,1
855,C++,990,322,20,55,87,20,68,Mercurial,daily,99,0.79,0.29,True,True,0.85,0
856,Python,1327,761,92,41,44,10,19,Git,monthly,42,0.51,0.69,False,False,0.75,0
857,Python,2200,747,52,89,33,79,18,Git,weekly,76,0.91,0.33,True,False,0.54,1
858,Python,46,117,81,32,46,98,42,SVN,daily,10,0.54,0.16,False,False,0.8,0
859,JavaScript,5542,582,37,10,49,92,79,Git,weekly,90,0.74,0.45,True,True,0.67,1
860,JavaScript,5408,793,70,100,96,64,14,SVN,weekly,31,0.61,0.11,True,True,0.77,0
861,C++,7612,897,19,53,90,38,71,Git,daily,48,0.67,0.44,True,True,0.61,1
862,Python,3894,498,26,65,80,72,83,Mercurial,daily,45,0.69,0.57,False,True,0.77,0
863,JavaScript,9381,26,53,53,1,29,4,Git,monthly,10,0.74,0.18,False,False,0.51,1
864,Python,875,206,40,76,90,29,84,Mercurial,daily,64,0.77,0.98,True,False,0.7,0
865,Python,9658,587,36,40,73,2,22,Git,monthly,53,0.74,0.25,False,False,0.96,0
866,Java,601,409,31,48,100,2,9,Git,monthly,52,0.6,0.54,False,True,0.52,1
867,JavaScript,306,64,28,38,6,44,42,Git,weekly,77,0.85,0.32,True,True,0.7,0
868,JavaScript,6461,745,35,58,82,6,42,Mercurial,monthly,93,0.59,0.51,False,True,0.7,0
869,Python,2877,262,91,94,99,77,94,Mercurial,daily,62,0.77,0.29,False,False,0.61,1
870,Java,7301,86,38,45,94,44,20,Mercurial,monthly,81,0.88,0.61,True,True,0.95,0
871,Java,5941,186,11,79,35,80,62,SVN,daily,69,0.72,0.75,True,True,0.96,0
872,JavaScript,3818,819,20,79,9,66,42,SVN,daily,43,0.98,0.2,False,False,0.58,1
873,Java,4658,417,62,88,61,33,83,SVN,weekly,38,0.8,0.45,True,True,0.99,0
874,Python,3081,645,69,18,97,58,91,SVN,daily,8,0.88,0.38,False,True,0.51,1
875,Python,2959,289,46,61,1,76,39,Mercurial,weekly,69,0.91,0.16,True,True,0.78,0
876,C++,2514,342,84,24,13,12,14,Mercurial,weekly,21,0.82,0.54,False,False,0.95,0
877,C++,7793,638,47,27,100,86,42,Mercurial,monthly,12,0.73,0.59,False,False,0.77,0
878,Java,5581,640,73,85,11,73,82,SVN,monthly,52,0.51,0.53,True,True,0.82,0
879,C++,5169,561,17,23,34,57,18,Git,daily,42,0.98,0.76,False,False,0.84,0
880,Python,5443,925,49,21,9,64,77,Git,daily,62,0.64,0.45,False,True,0.9,0
881,C++,3852,143,49,31,2,38,23,Mercurial,monthly,24,0.97,0.22,False,False,0.56,1
882,Java,4003,961,100,54,51,61,25,Mercurial,daily,47,0.85,0.65,True,False,0.66,1
883,Java,8434,668,51,76,18,19,60,Mercurial,daily,1,0.85,0.9,False,True,0.52,1
884,Python,9673,687,71,46,46,24,91,Git,daily,69,1.0,0.29,True,False,0.61,1
885,JavaScript,3254,406,37,93,19,29,66,SVN,weekly,84,0.79,0.49,False,False,0.91,0
886,Java,3209,642,8,21,59,1,79,SVN,daily,99,0.86,0.23,True,False,0.51,1
887,Java,505,893,76,89,84,78,4,SVN,monthly,63,0.88,0.68,True,True,0.62,1
888,Java,1640,549,55,2,71,84,68,SVN,daily,17,0.92,0.64,False,False,0.65,1
889,Python,4140,887,2,42,18,17,92,Git,weekly,58,0.54,0.16,True,False,0.6,1
890,Python,7876,700,97,23,26,3,92,Git,monthly,46,0.64,0.6,False,True,0.55,1
891,Java,8209,205,59,74,6,18,70,Mercurial,monthly,92,0.88,0.4,True,True,0.64,1
892,Java,2873,637,22,82,79,14,25,Git,daily,43,0.67,0.54,True,True,0.81,0
893,JavaScript,7902,933,20,59,74,32,79,Git,weekly,41,0.57,0.81,False,False,0.68,1
894,JavaScript,7072,747,38,91,73,7,96,Mercurial,weekly,17,0.94,0.76,True,True,0.87,0
895,Python,3778,893,16,94,3,100,31,Mercurial,monthly,93,0.65,0.15,False,False,0.92,0
896,JavaScript,5079,53,75,2,95,51,22,SVN,monthly,44,0.78,0.32,True,True,0.53,1
897,Python,4471,65,36,18,41,10,81,Git,weekly,83,0.6,0.85,True,True,0.61,1
898,JavaScript,5963,68,23,86,29,52,90,Git,monthly,92,0.82,0.63,False,False,0.66,1
899,JavaScript,5190,103,48,79,70,85,41,Git,monthly,56,0.95,0.58,True,True,0.71,0
900,C++,587,588,80,42,62,53,39,Mercurial,daily,25,0.59,0.31,True,True,0.55,1
901,C++,7010,251,45,54,23,31,91,Mercurial,weekly,29,0.63,0.84,False,False,0.94,0
902,Java,742,534,32,43,14,45,49,Mercurial,daily,58,0.64,0.49,True,False,0.8,0
903,Java,3370,830,2,25,100,31,44,SVN,monthly,33,0.78,0.68,False,False,0.94,0
904,C++,6408,987,8,6,15,57,88,SVN,weekly,84,0.82,0.51,False,False,0.59,1
905,C++,4012,583,64,52,39,58,39,SVN,weekly,87,0.59,0.4,True,True,0.69,1
906,JavaScript,6082,144,81,2,10,82,81,Git,daily,33,0.83,0.5,False,False,0.67,1
907,JavaScript,9933,474,41,31,31,76,39,Git,monthly,44,0.77,0.73,True,True,0.98,0
908,Python,8907,811,17,91,96,27,73,SVN,daily,89,0.83,0.74,True,True,0.55,1
909,Java,4099,673,6,6,56,56,34,Git,monthly,29,0.55,0.59,True,True,0.88,0
910,Python,3286,81,70,3,80,57,6,SVN,weekly,61,0.5,0.92,False,True,0.82,0
911,Python,7488,970,30,95,26,75,23,Mercurial,daily,54,0.76,0.74,False,True,0.68,1
912,Java,4524,669,48,79,24,37,85,Mercurial,monthly,27,0.77,0.5,False,True,0.58,1
913,Java,7734,350,27,8,64,33,43,Git,monthly,44,0.96,0.96,False,False,0.6,1
914,C++,6755,421,82,94,61,17,12,Mercurial,weekly,58,0.73,0.56,False,False,0.69,1
915,JavaScript,7081,129,44,69,31,24,64,Git,weekly,43,0.98,0.91,False,False,0.58,1
916,C++,2006,915,23,36,68,78,55,Git,weekly,40,0.68,0.44,False,False,0.7,0
917,Python,5679,364,72,19,28,100,84,SVN,weekly,21,0.72,0.93,True,False,0.63,1
918,Java,4953,855,48,7,77,51,44,Mercurial,daily,34,0.66,0.81,False,True,0.72,0
919,C++,3848,560,76,36,68,8,7,SVN,monthly,83,0.67,0.38,False,False,0.8,0
920,Java,3832,683,41,21,40,95,68,SVN,weekly,6,0.9,0.33,False,False,0.61,1
921,Python,7434,815,36,66,5,53,47,Mercurial,daily,69,0.58,0.88,False,False,0.76,0
922,Java,5494,607,98,93,52,39,85,Git,monthly,61,0.9,0.29,True,False,0.8,0
923,Java,7761,427,31,3,73,35,90,SVN,daily,54,0.71,0.75,True,False,0.68,1
924,Java,2429,335,57,36,89,74,32,Git,weekly,45,0.86,0.61,True,False,0.57,1
925,C++,1603,862,84,87,6,90,93,SVN,weekly,97,0.89,0.6,True,True,0.51,1
926,Java,5772,497,77,51,9,58,94,Git,daily,83,0.81,0.83,False,True,0.74,0
927,JavaScript,7303,910,14,26,93,100,89,SVN,daily,52,0.85,0.29,False,False,0.7,0
928,C++,6993,358,39,77,55,32,44,Git,monthly,20,0.96,0.3,True,True,0.72,0
929,C++,7752,81,16,58,83,34,36,SVN,monthly,45,0.93,0.56,False,True,0.62,1
930,C++,9590,85,98,39,25,57,84,Git,daily,66,0.56,0.87,False,True,0.72,0
931,JavaScript,7413,563,56,79,44,60,100,Mercurial,daily,18,0.51,0.26,False,False,0.86,0
932,Python,7188,409,34,54,5,64,12,Git,daily,50,0.56,0.28,False,True,0.62,1
933,Java,8344,432,79,40,23,91,23,Mercurial,weekly,57,0.83,0.62,True,False,0.69,1
934,Python,270,129,12,22,76,37,91,Mercurial,weekly,25,0.51,0.4,True,True,1.0,0
935,JavaScript,3237,604,92,56,82,95,3,Mercurial,weekly,31,0.94,0.48,True,False,0.65,1
936,JavaScript,2047,681,2,32,31,3,51,SVN,daily,27,0.74,0.59,True,True,0.79,0
937,Java,4173,52,89,9,18,93,8,SVN,weekly,46,0.62,0.53,True,False,0.68,1
938,Java,8565,75,31,20,74,8,32,SVN,daily,43,0.77,0.46,False,True,0.78,0
939,Python,2770,545,72,37,16,74,48,SVN,weekly,77,0.71,0.85,False,True,0.89,0
940,C++,6920,455,91,47,33,4,43,Git,monthly,83,0.9,0.34,True,False,0.51,1
941,Python,7095,227,35,60,46,77,48,Git,daily,60,0.92,0.94,True,False,0.85,0
942,Java,6739,545,96,44,55,81,51,SVN,daily,69,0.78,0.11,True,True,0.87,0
943,Java,5286,451,3,95,48,54,46,Git,weekly,55,0.84,0.46,True,True,0.85,0
944,Java,723,270,70,25,7,84,51,Git,daily,14,0.92,0.69,False,True,0.53,1
945,JavaScript,6959,445,60,66,77,36,33,SVN,daily,100,0.74,0.13,False,True,0.51,1
946,C++,8524,303,56,35,49,24,33,Git,weekly,40,0.83,0.27,False,False,0.55,1
947,Python,2275,36,88,72,72,91,67,Git,weekly,16,0.83,0.9,True,False,0.61,1
948,Python,4624,350,43,2,48,28,59,Mercurial,daily,14,0.72,0.34,True,True,0.73,0
949,JavaScript,4254,817,21,81,51,1,50,Git,weekly,80,0.56,0.6,True,False,0.7,0
950,Java,6311,973,44,72,74,100,99,Git,monthly,23,0.67,0.86,True,True,0.78,0
951,Java,6113,751,82,100,94,89,11,Mercurial,daily,89,0.59,0.5,True,False,0.54,1
952,JavaScript,2906,252,58,50,20,16,41,Git,monthly,61,0.82,0.65,True,False,0.78,0
953,Python,2058,549,33,8,94,40,46,Git,monthly,91,0.71,0.24,False,False,0.5,1
954,C++,1068,423,86,36,92,29,50,SVN,weekly,54,0.99,0.57,True,True,0.86,0
955,C++,1396,694,54,49,87,22,11,SVN,daily,85,0.5,0.64,True,False,0.71,0
956,Python,8126,640,51,14,8,63,99,Mercurial,weekly,91,0.53,0.48,False,False,0.84,0
957,Java,596,111,22,71,93,40,34,SVN,monthly,51,0.93,0.57,True,False,0.53,1
958,Java,2458,463,59,8,4,32,23,Git,weekly,50,0.72,0.64,False,True,0.62,1
959,Java,497,104,54,3,31,45,24,Git,monthly,14,0.93,0.16,False,True,0.82,0
960,Python,6827,577,77,18,3,16,8,SVN,daily,69,0.68,0.12,False,True,0.88,0
961,Python,4404,38,2,39,11,53,50,SVN,monthly,89,0.89,0.5,False,False,0.96,0
962,Python,481,84,17,93,62,34,35,Mercurial,daily,59,0.61,0.99,True,False,0.94,0
963,JavaScript,2557,595,52,3,57,16,4,Mercurial,weekly,88,0.64,0.13,False,False,0.65,1
964,Python,8812,697,31,22,56,64,46,SVN,daily,76,0.99,0.87,True,True,0.92,0
965,Java,3814,222,98,100,43,71,66,Mercurial,monthly,76,1.0,0.18,True,True,0.95,0
966,Python,8649,954,81,33,91,25,100,SVN,weekly,50,0.76,0.79,False,True,0.97,0
967,Python,7137,567,43,91,86,31,4,SVN,weekly,75,0.53,0.62,False,False,0.82,0
968,JavaScript,9808,831,37,28,88,91,6,Mercurial,monthly,2,0.99,0.5,False,False,0.66,1
969,JavaScript,3164,855,93,9,83,59,42,SVN,monthly,95,0.8,0.8,False,False,0.85,0
970,Python,7758,425,100,32,68,24,33,SVN,daily,19,0.81,0.71,False,False,0.58,1
971,C++,3378,732,14,35,2,17,36,Mercurial,daily,91,0.56,0.5,True,True,0.91,0
972,C++,3660,816,42,10,90,25,70,Git,weekly,18,0.54,0.42,True,True,0.68,1
973,Java,8187,489,40,84,19,34,8,Git,monthly,52,0.83,0.23,True,False,0.68,1
974,C++,4308,400,74,46,47,64,92,SVN,monthly,74,0.62,0.38,True,False,0.58,1
975,Python,1585,179,77,7,7,74,67,Git,monthly,6,0.7,0.61,False,False,0.69,1
976,C++,3612,350,87,36,35,79,13,Mercurial,daily,5,0.64,0.17,False,False,0.75,0
977,Java,3044,320,87,47,47,14,41,Git,monthly,73,0.63,0.27,True,True,0.52,1
978,Python,6424,229,17,1,17,99,82,SVN,daily,46,0.91,0.4,True,True,0.9,0
979,JavaScript,7125,843,61,73,93,2,70,Git,weekly,72,0.52,0.78,False,True,0.65,1
980,JavaScript,4432,867,77,71,78,86,34,SVN,monthly,70,0.83,0.7,True,True,0.81,0
981,Java,7702,837,33,94,76,81,93,SVN,monthly,56,0.83,0.51,True,True,0.9,0
982,JavaScript,7781,676,23,85,97,8,31,SVN,daily,49,0.8,0.32,True,True,0.58,1
983,JavaScript,2521,675,13,66,29,24,27,Mercurial,daily,31,0.97,0.48,True,True,0.93,0
984,C++,3385,331,4,64,28,32,12,SVN,monthly,31,0.55,0.4,False,True,0.74,0
985,Java,522,671,38,26,97,22,96,Mercurial,weekly,53,0.56,0.52,True,True,0.82,0
986,Java,2006,723,35,28,52,93,88,SVN,monthly,7,0.84,0.48,False,True,0.93,0
987,C++,1175,713,72,62,84,12,6,Mercurial,monthly,39,0.64,0.92,False,True,0.93,0
988,C++,2761,377,23,93,63,10,48,Mercurial,weekly,70,0.98,0.83,True,False,0.8,0
989,Python,2579,650,47,31,91,71,89,SVN,monthly,56,0.93,0.18,True,False,0.51,1
990,Java,4719,102,52,1,6,84,8,Git,weekly,76,0.81,0.14,False,True,0.75,0
991,Java,4714,758,25,25,62,86,28,Mercurial,daily,80,0.89,0.57,True,False,0.91,0
992,Java,6177,567,45,15,56,31,86,Git,weekly,64,0.87,0.11,True,True,0.99,0
993,JavaScript,9768,344,10,10,95,37,32,Git,monthly,58,0.64,0.62,True,False,0.54,1
994,C++,3403,213,43,51,75,28,95,SVN,daily,98,0.75,0.31,True,True,0.63,1
995,JavaScript,7521,357,69,51,5,80,100,Mercurial,daily,71,0.57,0.6,False,False,0.57,1
996,Java,385,499,47,74,16,41,37,Mercurial,weekly,87,0.98,0.8,True,False,0.56,1
997,Python,8076,646,59,4,97,7,26,SVN,weekly,56,0.87,0.49,False,True,0.58,1
998,Java,7357,994,22,5,91,83,63,SVN,weekly,68,0.92,0.12,False,False,0.77,0
999,Python,3860,611,87,80,10,30,4,Mercurial,monthly,98,0.69,0.34,False,True,0.79,0
