,Age,Race,Location,Time,Weather,Severity,Record,Weapon,Injuries,Relationship,label
0,10,Hispanic,Chicago,5,Rainy,3,0,1,0,Unknown,1
1,5,Asian,Houston,5,Rainy,1,0,0,0,Unknown,1
2,61,White,Phoenix,2,Snowy,5,1,1,1,Victim,1
3,78,Asian,New York,5,Clear,3,0,0,1,Unknown,0
4,26,Other,Houston,3,Snowy,2,0,1,0,Victim,0
5,73,Black,Phoenix,2,Snowy,1,1,0,1,Defendant,0
6,66,Asian,Houston,5,Snowy,5,0,1,1,Victim,1
7,62,Hispanic,New York,5,Clear,5,0,1,0,Victim,1
8,23,Black,Houston,1,Snowy,5,1,1,0,Victim,1
9,45,Black,Chicago,5,Snowy,1,1,1,0,Victim,0
10,34,Black,Houston,5,Cloudy,1,1,1,1,Victim,0
11,65,Hispanic,New York,3,Cloudy,2,1,0,0,Unknown,0
12,39,Hispanic,Phoenix,4,Snowy,4,0,1,0,Unknown,1
13,49,White,Los Angeles,4,Rainy,3,0,1,0,Defendant,1
14,6,Other,Phoenix,2,Cloudy,5,1,0,0,Victim,1
15,77,Other,Los Angeles,4,Rainy,1,1,1,0,Unknown,1
16,25,Other,New York,4,Snowy,5,1,0,0,Unknown,1
17,47,Other,New York,4,Clear,5,0,0,1,Victim,1
18,15,Hispanic,Los Angeles,4,Clear,2,0,1,0,Defendant,0
19,41,Hispanic,Chicago,2,Cloudy,4,0,0,1,Victim,1
20,59,Black,Houston,3,Rainy,2,1,0,1,Defendant,1
21,57,Hispanic,Chicago,3,Rainy,4,0,0,0,Unknown,1
22,56,Black,Los Angeles,1,Rainy,2,1,1,0,Victim,1
23,73,Black,New York,5,Cloudy,5,0,0,1,Victim,1
24,14,Hispanic,New York,1,Cloudy,3,1,0,0,Defendant,0
25,9,Asian,New York,1,Cloudy,4,1,1,0,Victim,1
26,13,Hispanic,Phoenix,4,Clear,1,0,0,0,Defendant,0
27,35,Asian,Houston,2,Cloudy,4,0,1,0,Victim,1
28,27,White,New York,3,Rainy,2,1,0,0,Victim,1
29,74,Asian,New York,3,Cloudy,3,0,0,0,Defendant,0
30,54,Other,Phoenix,2,Rainy,1,0,1,1,Unknown,1
31,57,Black,Phoenix,1,Rainy,5,0,0,0,Unknown,1
32,6,Other,Phoenix,5,Clear,2,1,0,1,Defendant,0
33,33,Asian,New York,1,Clear,3,0,1,1,Defendant,0
34,32,Black,Phoenix,4,Snowy,2,1,1,1,Unknown,0
35,20,Other,Los Angeles,1,Cloudy,4,0,1,0,Defendant,1
36,72,White,New York,3,Rainy,1,1,1,1,Unknown,1
37,53,Other,New York,5,Snowy,2,0,0,1,Victim,0
38,38,Black,Chicago,2,Rainy,4,1,1,1,Defendant,1
39,55,Black,Phoenix,1,Cloudy,2,0,0,1,Defendant,0
40,73,Hispanic,Houston,3,Rainy,4,0,1,1,Victim,1
41,27,Other,New York,3,Rainy,4,0,1,0,Unknown,1
42,4,Hispanic,Phoenix,2,Rainy,1,1,0,0,Unknown,1
43,77,Asian,Houston,5,Clear,5,0,0,0,Unknown,1
44,50,Hispanic,Houston,5,Snowy,2,0,0,1,Unknown,0
45,6,Black,New York,5,Snowy,1,1,0,1,Defendant,0
46,73,Hispanic,Houston,3,Rainy,5,1,1,1,Defendant,1
47,71,White,Chicago,5,Rainy,1,1,1,1,Victim,1
48,15,Asian,Chicago,3,Clear,2,1,0,0,Victim,0
49,42,Hispanic,Los Angeles,1,Cloudy,5,0,0,0,Defendant,1
50,63,Asian,Chicago,5,Snowy,4,1,1,1,Victim,1
51,75,Other,Phoenix,1,Rainy,1,1,1,1,Victim,1
52,57,Other,New York,2,Rainy,1,0,1,1,Unknown,1
53,6,Other,Chicago,1,Snowy,2,1,0,0,Victim,0
54,46,Hispanic,New York,5,Snowy,2,1,1,1,Defendant,0
55,39,Other,New York,2,Cloudy,3,0,1,0,Defendant,0
56,27,Asian,Los Angeles,1,Snowy,1,1,1,0,Unknown,0
57,35,Black,New York,3,Rainy,3,1,1,0,Unknown,1
58,65,White,Houston,3,Rainy,1,1,0,0,Victim,1
59,61,Hispanic,Chicago,2,Rainy,5,0,0,1,Defendant,1
60,11,Asian,Phoenix,3,Rainy,2,1,0,0,Unknown,1
61,21,White,Houston,1,Snowy,1,1,0,0,Defendant,0
62,7,Hispanic,New York,1,Snowy,3,0,0,1,Defendant,0
63,66,Other,Los Angeles,1,Clear,4,1,1,0,Victim,1
64,23,White,Chicago,2,Cloudy,2,1,1,1,Victim,0
65,75,Asian,New York,5,Snowy,3,0,0,0,Victim,0
66,27,Hispanic,Chicago,5,Rainy,2,0,1,0,Defendant,1
67,6,Hispanic,Phoenix,4,Clear,2,1,0,0,Defendant,0
68,31,Hispanic,Houston,1,Clear,3,1,0,1,Unknown,0
69,37,Other,Chicago,5,Snowy,2,1,0,0,Victim,0
70,43,White,Chicago,4,Rainy,2,0,0,1,Victim,1
71,26,Other,New York,2,Snowy,2,0,0,0,Unknown,0
72,21,Other,Phoenix,4,Clear,3,0,1,0,Victim,0
73,26,Other,Houston,5,Snowy,1,0,1,1,Defendant,0
74,7,Black,Houston,2,Cloudy,5,1,1,0,Unknown,1
75,1,White,Los Angeles,4,Clear,4,0,0,1,Victim,1
76,8,White,Chicago,1,Clear,2,0,1,0,Defendant,0
77,37,Hispanic,Phoenix,2,Clear,3,0,1,1,Victim,0
78,28,Other,Houston,5,Cloudy,3,1,1,0,Defendant,0
79,7,Black,Houston,3,Rainy,1,0,0,1,Victim,1
80,20,Asian,Los Angeles,2,Cloudy,4,0,1,0,Unknown,1
81,40,Asian,Chicago,1,Snowy,5,1,0,0,Unknown,1
82,27,Hispanic,Houston,5,Clear,3,0,0,0,Victim,0
83,46,Asian,Houston,2,Clear,5,1,1,0,Defendant,1
84,34,Hispanic,Houston,5,Clear,4,0,0,1,Unknown,1
85,34,Hispanic,Los Angeles,1,Rainy,2,1,1,0,Defendant,1
86,30,Other,Houston,5,Clear,4,1,1,0,Victim,1
87,74,Hispanic,Houston,1,Rainy,4,1,1,0,Defendant,1
88,34,Black,New York,5,Rainy,5,0,1,1,Unknown,1
89,3,White,Houston,3,Cloudy,3,0,0,1,Unknown,0
90,28,Hispanic,Chicago,5,Cloudy,2,0,1,1,Unknown,0
91,54,Black,Houston,1,Rainy,2,1,0,1,Unknown,1
92,59,White,New York,5,Rainy,3,0,0,1,Defendant,1
93,64,Hispanic,Los Angeles,4,Snowy,5,1,1,1,Victim,1
94,67,Asian,Chicago,3,Rainy,2,0,1,1,Defendant,1
95,37,Asian,Houston,5,Snowy,1,1,0,0,Victim,0
96,44,Asian,Houston,1,Clear,5,1,0,1,Unknown,1
97,22,Hispanic,New York,4,Clear,4,1,0,0,Defendant,1
98,56,Other,Chicago,4,Rainy,4,0,1,0,Victim,1
99,66,Other,Houston,4,Rainy,2,1,0,0,Victim,1
100,41,Asian,Phoenix,1,Snowy,2,0,1,1,Victim,0
101,64,Other,Houston,5,Rainy,1,0,0,1,Unknown,1
102,32,White,Houston,4,Cloudy,1,1,0,1,Unknown,0
103,66,Black,Houston,4,Rainy,2,1,1,1,Victim,1
104,7,Other,Houston,2,Cloudy,3,0,1,1,Unknown,0
105,41,Hispanic,Phoenix,3,Snowy,3,1,0,1,Defendant,0
106,36,Asian,New York,5,Cloudy,2,1,0,0,Victim,0
107,11,Other,Phoenix,5,Cloudy,3,0,1,1,Defendant,0
108,64,Black,Los Angeles,2,Clear,4,1,1,1,Defendant,1
109,33,White,New York,1,Clear,1,0,0,0,Victim,0
110,69,Asian,Chicago,2,Cloudy,2,0,0,0,Victim,0
111,23,Other,Houston,3,Snowy,1,0,1,1,Victim,0
112,70,Asian,Los Angeles,1,Rainy,1,0,0,0,Defendant,1
113,58,Other,Chicago,3,Snowy,1,1,1,1,Unknown,0
114,65,White,New York,5,Clear,3,0,0,0,Victim,0
115,48,Hispanic,New York,3,Rainy,2,0,1,0,Unknown,1
116,78,White,Houston,2,Snowy,3,0,0,0,Victim,0
117,76,Black,Phoenix,4,Cloudy,3,0,0,1,Victim,0
118,1,Other,Phoenix,1,Clear,1,0,1,0,Victim,0
119,29,Asian,New York,3,Cloudy,2,1,1,1,Defendant,0
120,67,Other,Phoenix,2,Clear,1,1,1,0,Victim,0
121,62,Hispanic,Chicago,3,Cloudy,3,0,1,1,Defendant,0
122,71,Hispanic,Chicago,4,Snowy,4,1,0,0,Unknown,1
123,79,Other,Phoenix,1,Cloudy,4,1,1,1,Unknown,1
124,55,White,New York,4,Clear,1,1,0,1,Unknown,0
125,64,Asian,Chicago,2,Cloudy,1,0,1,1,Unknown,0
126,31,White,Phoenix,1,Rainy,4,0,0,0,Defendant,1
127,21,Black,Houston,2,Rainy,4,0,0,1,Unknown,1
128,3,Hispanic,New York,3,Cloudy,3,1,1,0,Unknown,0
129,64,Hispanic,Los Angeles,2,Rainy,3,0,0,0,Unknown,1
130,46,White,New York,2,Rainy,4,0,0,1,Defendant,1
131,54,Black,Chicago,3,Rainy,3,0,0,1,Unknown,1
132,20,Hispanic,Phoenix,5,Cloudy,2,0,1,1,Victim,0
133,27,Hispanic,Phoenix,2,Rainy,1,0,0,1,Defendant,1
134,56,Hispanic,New York,2,Cloudy,4,1,0,0,Victim,1
135,7,Black,Los Angeles,1,Rainy,1,1,0,1,Unknown,1
136,2,White,Houston,5,Cloudy,1,0,1,1,Defendant,0
137,68,White,New York,2,Rainy,4,0,1,0,Victim,1
138,46,Other,Phoenix,5,Clear,5,1,0,0,Defendant,1
139,20,Hispanic,Los Angeles,3,Cloudy,4,0,0,1,Unknown,1
140,8,Black,Houston,3,Clear,2,1,1,0,Unknown,0
141,64,Black,Phoenix,4,Clear,1,0,0,0,Defendant,0
142,19,Black,Chicago,1,Rainy,2,0,1,0,Unknown,1
143,54,Asian,Houston,4,Clear,3,0,0,0,Unknown,0
144,70,Asian,Chicago,5,Rainy,5,1,0,1,Unknown,1
145,19,Hispanic,Phoenix,4,Clear,3,0,0,1,Unknown,0
146,47,White,Los Angeles,5,Snowy,4,1,0,1,Defendant,1
147,74,Other,Los Angeles,3,Snowy,2,1,0,0,Defendant,0
148,63,White,Phoenix,2,Cloudy,3,1,0,0,Unknown,0
149,70,Black,Phoenix,3,Clear,1,1,0,1,Defendant,0
150,78,Other,New York,2,Cloudy,4,0,1,1,Victim,1
151,61,Other,Los Angeles,2,Rainy,2,1,0,0,Victim,1
152,64,Black,Phoenix,4,Snowy,2,0,1,0,Victim,0
153,62,Other,Los Angeles,5,Snowy,5,0,1,1,Defendant,1
154,2,Black,Chicago,2,Clear,2,0,0,0,Defendant,0
155,69,Other,Los Angeles,4,Snowy,2,0,1,1,Victim,0
156,7,Other,Los Angeles,1,Rainy,1,0,0,0,Unknown,1
157,63,Hispanic,New York,4,Rainy,2,1,1,1,Unknown,1
158,47,Hispanic,New York,5,Snowy,1,0,1,1,Defendant,0
159,29,Hispanic,New York,1,Snowy,2,0,1,0,Unknown,0
160,67,Black,New York,2,Clear,1,0,0,0,Unknown,0
161,5,Other,Phoenix,1,Rainy,5,0,1,0,Defendant,1
162,3,Black,Phoenix,4,Snowy,2,1,0,1,Victim,0
163,45,Hispanic,Chicago,1,Snowy,3,1,1,0,Unknown,0
164,18,Black,Houston,3,Cloudy,4,0,0,1,Victim,1
165,58,Hispanic,Houston,1,Rainy,3,0,0,1,Victim,1
166,28,White,Phoenix,3,Snowy,2,1,1,0,Victim,0
167,71,White,Los Angeles,3,Rainy,5,1,0,0,Victim,1
168,62,Other,Phoenix,2,Rainy,4,0,0,0,Defendant,1
169,50,Black,Phoenix,1,Clear,1,1,1,1,Defendant,0
170,22,Other,New York,3,Cloudy,5,0,0,1,Unknown,1
171,5,Hispanic,Houston,3,Cloudy,3,1,0,1,Unknown,0
172,66,White,Los Angeles,1,Rainy,4,1,1,0,Defendant,1
173,51,Other,Los Angeles,4,Rainy,1,0,0,1,Defendant,1
174,38,Hispanic,Phoenix,4,Rainy,4,0,0,0,Defendant,1
175,49,White,Houston,2,Rainy,1,0,0,1,Defendant,1
176,31,Asian,Chicago,2,Cloudy,1,0,0,0,Victim,0
177,71,Black,New York,1,Clear,5,0,1,0,Unknown,1
178,3,Black,Phoenix,1,Cloudy,1,1,1,1,Victim,0
179,79,Asian,Chicago,1,Clear,4,1,1,1,Unknown,1
180,74,White,New York,5,Snowy,2,1,1,1,Victim,0
181,55,Asian,Houston,2,Clear,4,0,1,0,Defendant,1
182,5,Black,Houston,3,Snowy,1,0,0,0,Unknown,0
183,79,Asian,Houston,5,Rainy,4,1,0,0,Unknown,1
184,29,Other,Houston,2,Rainy,3,0,0,0,Unknown,1
185,36,Hispanic,New York,4,Snowy,5,1,0,1,Victim,1
186,53,Other,Phoenix,5,Clear,4,0,0,0,Unknown,1
187,47,Asian,Houston,2,Rainy,1,1,0,1,Defendant,1
188,77,Hispanic,Chicago,5,Clear,2,0,1,0,Victim,0
189,74,Black,Houston,4,Cloudy,2,1,0,0,Unknown,0
190,15,Black,Los Angeles,3,Rainy,1,0,0,1,Unknown,1
191,49,Hispanic,Los Angeles,1,Clear,3,1,0,0,Defendant,0
192,63,Asian,Phoenix,1,Clear,4,1,1,0,Unknown,1
193,3,White,New York,3,Clear,2,1,1,1,Defendant,0
194,14,Hispanic,Houston,1,Snowy,1,1,1,0,Unknown,0
195,65,Black,New York,2,Rainy,4,1,0,0,Victim,1
196,27,Asian,Houston,3,Cloudy,4,0,0,0,Victim,1
197,62,Asian,Houston,3,Snowy,1,1,0,1,Unknown,0
198,9,Hispanic,Los Angeles,5,Rainy,4,1,0,1,Unknown,1
199,54,White,New York,4,Rainy,2,1,1,1,Defendant,1
200,31,Black,Chicago,3,Clear,5,1,1,1,Victim,1
201,31,Asian,Los Angeles,5,Cloudy,4,1,0,0,Unknown,1
202,31,Black,Chicago,1,Snowy,4,1,0,0,Defendant,1
203,44,Other,Phoenix,4,Clear,4,1,1,1,Defendant,1
204,51,White,New York,1,Clear,5,0,1,0,Unknown,1
205,43,Black,New York,1,Rainy,3,1,1,1,Defendant,1
206,8,White,Houston,3,Snowy,3,0,1,1,Unknown,0
207,59,White,Chicago,4,Snowy,5,1,1,1,Unknown,1
208,23,Hispanic,Houston,2,Rainy,4,1,1,0,Defendant,1
209,24,Asian,New York,3,Snowy,4,1,0,1,Victim,1
210,26,Other,Los Angeles,4,Cloudy,5,0,1,0,Victim,1
211,26,White,New York,5,Clear,3,0,1,1,Victim,0
212,35,Hispanic,Houston,4,Clear,1,1,1,0,Defendant,0
213,45,Other,New York,1,Clear,2,0,1,1,Defendant,0
214,19,Asian,New York,1,Clear,3,1,1,1,Victim,0
215,20,White,New York,1,Rainy,3,0,1,0,Unknown,1
216,75,Asian,Phoenix,3,Cloudy,4,0,0,0,Victim,1
217,72,Hispanic,Chicago,1,Snowy,2,1,1,0,Unknown,0
218,29,Black,New York,5,Rainy,3,1,1,0,Defendant,1
219,36,Other,New York,1,Rainy,5,1,0,0,Victim,1
220,68,Asian,Chicago,3,Cloudy,2,0,0,0,Unknown,0
221,5,Other,New York,2,Clear,5,1,0,1,Defendant,1
222,57,Other,Phoenix,2,Clear,1,1,1,1,Unknown,0
223,32,White,New York,4,Rainy,1,1,1,0,Unknown,1
224,4,White,New York,1,Snowy,3,0,0,1,Victim,0
225,17,Asian,Phoenix,4,Cloudy,2,0,0,0,Unknown,0
226,29,Asian,Chicago,3,Snowy,2,0,0,1,Victim,0
227,46,Asian,Houston,1,Snowy,4,0,1,0,Victim,1
228,62,Other,Phoenix,2,Clear,3,0,0,0,Defendant,0
229,7,Asian,New York,1,Rainy,3,1,1,1,Unknown,1
230,70,Other,Chicago,1,Cloudy,4,0,1,0,Victim,1
231,46,Asian,New York,3,Clear,2,0,1,1,Victim,0
232,23,White,Houston,3,Clear,4,0,1,1,Defendant,1
233,31,Black,Los Angeles,1,Cloudy,1,1,1,1,Defendant,0
234,70,Hispanic,Phoenix,1,Clear,5,0,0,0,Unknown,1
235,68,White,Los Angeles,1,Rainy,2,0,1,0,Unknown,1
236,41,Hispanic,Houston,2,Snowy,1,0,0,1,Victim,0
237,11,Other,Houston,1,Cloudy,2,0,1,1,Unknown,0
238,48,White,Phoenix,5,Rainy,5,1,0,0,Defendant,1
239,46,Hispanic,Phoenix,3,Snowy,2,0,1,0,Victim,0
240,31,Other,Chicago,5,Clear,3,1,1,0,Unknown,0
241,79,Black,Chicago,5,Clear,1,0,0,1,Unknown,0
242,32,Black,Chicago,4,Clear,4,0,1,1,Defendant,1
243,40,White,Los Angeles,4,Clear,3,0,1,0,Defendant,0
244,34,Other,Chicago,5,Clear,3,1,1,1,Defendant,0
245,9,Asian,Houston,5,Snowy,3,0,1,0,Unknown,0
246,77,Black,Phoenix,2,Clear,1,1,0,1,Defendant,0
247,51,Black,Los Angeles,1,Clear,1,0,0,0,Defendant,0
248,62,Black,Los Angeles,2,Clear,4,1,0,1,Victim,1
249,15,Other,Houston,5,Rainy,5,0,0,1,Defendant,1
250,35,Other,Houston,2,Clear,1,1,1,0,Victim,0
251,11,Black,New York,1,Clear,1,0,1,1,Defendant,0
252,13,Other,New York,1,Rainy,2,1,0,0,Victim,1
253,25,Hispanic,New York,5,Cloudy,1,0,1,0,Defendant,0
254,22,Asian,Los Angeles,4,Rainy,4,1,1,0,Victim,1
255,12,Hispanic,Houston,5,Rainy,4,0,1,1,Victim,1
256,14,Hispanic,Los Angeles,3,Rainy,1,1,0,1,Unknown,1
257,79,Asian,Los Angeles,2,Cloudy,1,0,0,1,Defendant,0
258,77,White,Los Angeles,5,Snowy,5,0,1,0,Unknown,1
259,65,Hispanic,New York,5,Rainy,3,0,0,1,Unknown,1
260,17,Other,New York,1,Clear,1,1,1,0,Unknown,0
261,35,Other,Los Angeles,4,Rainy,2,0,0,1,Victim,1
262,49,Black,Chicago,4,Cloudy,2,1,1,1,Defendant,0
263,54,White,Houston,3,Snowy,3,0,1,1,Unknown,0
264,17,Hispanic,Chicago,4,Rainy,1,1,0,1,Unknown,1
265,33,Other,Chicago,5,Cloudy,1,1,0,0,Unknown,0
266,66,Hispanic,Houston,5,Clear,3,1,1,0,Unknown,0
267,29,Other,Chicago,4,Snowy,5,0,0,0,Defendant,1
268,46,Hispanic,Phoenix,2,Clear,5,1,1,0,Defendant,1
269,3,Asian,Houston,1,Cloudy,4,1,1,1,Unknown,1
270,41,Other,Los Angeles,5,Rainy,3,0,1,0,Victim,1
271,26,Black,Houston,1,Cloudy,5,1,0,0,Defendant,1
272,76,White,Los Angeles,1,Cloudy,5,1,1,1,Defendant,1
273,75,Hispanic,Chicago,5,Clear,3,1,1,0,Defendant,0
274,41,White,Houston,4,Cloudy,1,1,0,1,Unknown,0
275,22,Asian,Phoenix,4,Snowy,4,0,1,1,Victim,1
276,49,Hispanic,Houston,5,Clear,2,1,1,1,Defendant,0
277,10,Asian,New York,1,Cloudy,5,0,1,0,Defendant,1
278,60,Asian,Houston,5,Snowy,1,1,1,0,Defendant,0
279,7,Black,New York,2,Snowy,3,1,0,1,Unknown,0
280,51,Other,Phoenix,5,Cloudy,1,0,0,1,Victim,0
281,7,Other,Phoenix,3,Cloudy,3,0,1,1,Defendant,0
282,70,Hispanic,Houston,1,Cloudy,3,0,0,1,Victim,0
283,47,Hispanic,New York,4,Rainy,5,1,0,1,Defendant,1
284,29,White,New York,2,Clear,5,1,1,0,Victim,1
285,60,Hispanic,Los Angeles,2,Clear,5,0,1,0,Defendant,1
286,25,Asian,Phoenix,1,Rainy,3,0,0,0,Victim,1
287,26,White,Los Angeles,4,Cloudy,5,0,0,1,Victim,1
288,79,Asian,New York,5,Cloudy,1,1,0,0,Defendant,0
289,28,Black,New York,2,Clear,4,0,0,1,Unknown,1
290,51,Asian,Phoenix,1,Clear,3,0,0,1,Unknown,0
291,39,Black,Chicago,1,Rainy,1,1,1,1,Defendant,1
292,22,Black,Phoenix,4,Rainy,2,1,1,1,Defendant,1
293,29,Asian,Los Angeles,4,Rainy,3,0,1,1,Victim,1
294,40,Asian,Houston,3,Clear,5,0,1,0,Unknown,1
295,56,Hispanic,New York,5,Rainy,3,1,1,0,Defendant,1
296,14,Hispanic,Chicago,1,Clear,4,1,1,1,Defendant,1
297,27,Black,New York,3,Snowy,4,0,1,0,Unknown,1
298,59,Black,Phoenix,3,Rainy,3,1,1,1,Defendant,1
299,67,Other,Houston,2,Clear,3,0,0,0,Unknown,0
300,14,Asian,New York,3,Snowy,4,1,1,0,Victim,1
301,42,Hispanic,Los Angeles,5,Snowy,4,1,0,1,Unknown,1
302,29,Asian,Phoenix,2,Snowy,2,1,0,0,Defendant,0
303,75,Black,Phoenix,1,Rainy,2,0,0,0,Victim,1
304,55,White,Phoenix,4,Rainy,1,0,1,0,Defendant,1
305,14,Asian,Chicago,1,Rainy,3,0,0,1,Unknown,1
306,27,Hispanic,Phoenix,5,Clear,4,0,1,0,Victim,1
307,38,Black,Phoenix,3,Clear,5,0,1,0,Victim,1
308,50,Black,Los Angeles,2,Clear,5,0,1,0,Victim,1
309,56,Asian,Los Angeles,1,Rainy,1,0,0,1,Unknown,1
310,16,Asian,Los Angeles,2,Snowy,1,1,1,1,Defendant,0
311,1,Hispanic,Chicago,5,Cloudy,3,1,0,1,Unknown,0
312,56,Other,Phoenix,4,Snowy,2,0,0,1,Defendant,0
313,37,Asian,Phoenix,2,Clear,3,0,0,1,Unknown,0
314,59,Asian,Los Angeles,5,Clear,3,0,1,1,Victim,0
315,74,White,Phoenix,3,Snowy,2,0,0,1,Victim,0
316,23,Hispanic,Houston,4,Rainy,2,0,0,0,Victim,1
317,44,Asian,Houston,3,Clear,4,0,0,1,Victim,1
318,2,Asian,Chicago,1,Clear,2,0,1,0,Defendant,0
319,68,Black,Phoenix,1,Rainy,2,1,1,1,Victim,1
320,63,Other,Los Angeles,2,Clear,1,1,1,1,Unknown,0
321,26,Hispanic,Phoenix,2,Rainy,4,0,1,1,Victim,1
322,31,Other,Chicago,3,Cloudy,5,1,0,0,Defendant,1
323,10,Other,Los Angeles,5,Clear,3,0,1,0,Defendant,0
324,51,Hispanic,Chicago,4,Clear,5,0,1,1,Defendant,1
325,66,Other,Phoenix,5,Snowy,3,0,1,1,Defendant,0
326,63,Black,New York,4,Snowy,3,1,1,0,Defendant,0
327,1,Hispanic,Houston,4,Clear,4,0,1,0,Defendant,1
328,23,Black,Chicago,3,Snowy,2,0,1,0,Victim,0
329,17,Other,Houston,4,Clear,1,1,1,0,Defendant,0
330,23,Black,Phoenix,4,Snowy,2,0,0,0,Defendant,0
331,37,White,Phoenix,2,Clear,2,1,1,0,Unknown,0
332,56,Black,Los Angeles,4,Rainy,1,1,1,0,Unknown,1
333,35,Black,Phoenix,5,Snowy,3,0,0,1,Unknown,0
334,60,Black,Phoenix,4,Cloudy,4,1,0,1,Victim,1
335,76,Other,Los Angeles,2,Snowy,3,0,0,1,Defendant,0
336,25,Black,Chicago,1,Snowy,4,1,1,0,Unknown,1
337,13,White,Houston,5,Snowy,4,0,1,1,Defendant,1
338,77,Other,New York,5,Cloudy,3,0,1,1,Victim,0
339,65,Hispanic,Los Angeles,2,Rainy,2,1,1,0,Victim,1
340,73,Black,Houston,5,Rainy,5,0,0,0,Victim,1
341,68,White,Houston,4,Snowy,5,1,0,0,Victim,1
342,11,Hispanic,Houston,4,Clear,3,1,1,0,Unknown,0
343,30,Asian,Chicago,2,Cloudy,4,1,1,1,Unknown,1
344,4,Hispanic,Houston,3,Snowy,5,1,1,0,Unknown,1
345,5,White,Phoenix,4,Cloudy,3,0,0,0,Defendant,0
346,14,White,Houston,4,Clear,1,1,0,0,Victim,0
347,44,Hispanic,New York,3,Rainy,2,0,0,0,Unknown,1
348,73,White,New York,2,Clear,3,0,0,0,Defendant,0
349,48,Black,Los Angeles,4,Clear,5,0,1,1,Unknown,1
350,3,Hispanic,Phoenix,2,Cloudy,5,1,0,0,Defendant,1
351,29,Black,Los Angeles,2,Cloudy,3,1,1,0,Defendant,0
352,58,Other,Houston,1,Rainy,4,0,0,1,Defendant,1
353,3,White,Chicago,4,Rainy,5,0,0,0,Unknown,1
354,55,Asian,Chicago,2,Rainy,1,1,0,1,Defendant,1
355,54,Asian,New York,5,Rainy,3,1,0,1,Defendant,1
356,26,White,New York,2,Cloudy,4,0,1,0,Unknown,1
357,44,Other,Chicago,5,Rainy,5,0,1,0,Unknown,1
358,56,Black,Phoenix,1,Rainy,3,0,1,1,Defendant,1
359,10,Black,Chicago,4,Clear,5,1,1,0,Unknown,1
360,11,Hispanic,Los Angeles,5,Rainy,2,0,0,1,Unknown,1
361,68,White,Phoenix,3,Snowy,3,0,1,0,Defendant,0
362,15,Asian,Los Angeles,5,Cloudy,4,1,1,0,Defendant,1
363,23,Other,Los Angeles,5,Snowy,2,0,0,0,Unknown,0
364,43,Other,Los Angeles,3,Cloudy,1,1,0,0,Unknown,0
365,17,White,Houston,1,Snowy,1,0,0,1,Defendant,0
366,77,Other,Houston,2,Clear,2,0,1,0,Unknown,0
367,44,Black,Houston,2,Cloudy,3,1,1,1,Victim,0
368,61,Hispanic,Phoenix,5,Snowy,1,0,0,1,Unknown,0
369,58,Other,Phoenix,1,Clear,1,0,0,1,Defendant,0
370,55,White,New York,1,Clear,4,0,1,0,Defendant,1
371,24,Other,New York,5,Snowy,4,0,0,1,Defendant,1
372,9,Asian,Chicago,2,Cloudy,5,0,0,1,Victim,1
373,53,Asian,Chicago,5,Snowy,2,1,1,1,Unknown,0
374,7,Black,Phoenix,1,Cloudy,1,0,0,1,Unknown,0
375,76,Asian,Los Angeles,3,Cloudy,2,0,0,1,Unknown,0
376,50,White,Houston,4,Clear,4,1,1,1,Unknown,1
377,29,Other,Houston,4,Snowy,4,0,1,1,Victim,1
378,21,White,Chicago,4,Clear,4,0,1,1,Defendant,1
379,78,Black,Chicago,1,Clear,1,1,0,0,Unknown,0
380,29,Hispanic,Houston,1,Rainy,4,1,0,0,Defendant,1
381,63,Other,Houston,5,Snowy,2,0,1,1,Defendant,0
382,20,Other,Los Angeles,5,Clear,5,0,0,1,Unknown,1
383,27,Other,Chicago,2,Clear,2,0,0,1,Defendant,0
384,43,Hispanic,New York,2,Snowy,3,1,1,0,Victim,0
385,69,Black,Chicago,5,Snowy,4,1,1,1,Defendant,1
386,21,White,New York,1,Clear,2,1,0,0,Defendant,0
387,10,Asian,Chicago,2,Snowy,5,1,0,0,Victim,1
388,43,Asian,New York,4,Snowy,1,0,1,1,Unknown,0
389,32,White,Los Angeles,4,Snowy,3,0,0,0,Defendant,0
390,68,Other,New York,3,Rainy,3,1,0,0,Defendant,1
391,51,Asian,Houston,2,Rainy,1,0,1,1,Unknown,1
392,28,White,New York,3,Clear,4,0,0,1,Defendant,1
393,60,Hispanic,Houston,1,Cloudy,3,0,1,1,Victim,0
394,43,Other,Phoenix,2,Clear,1,1,1,1,Victim,0
395,37,Black,New York,2,Snowy,4,1,0,1,Defendant,1
396,31,Other,Phoenix,4,Rainy,2,0,1,1,Victim,1
397,18,Black,Los Angeles,5,Rainy,1,0,0,1,Defendant,1
398,20,Other,Chicago,2,Cloudy,3,0,0,1,Unknown,0
399,51,Black,New York,1,Cloudy,3,1,0,1,Defendant,0
400,71,Other,New York,5,Snowy,5,1,1,0,Defendant,1
401,43,Asian,Chicago,5,Clear,1,0,0,0,Defendant,0
402,41,White,Los Angeles,2,Snowy,2,1,0,0,Unknown,0
403,75,Other,Houston,4,Snowy,1,0,1,1,Unknown,0
404,63,Asian,Phoenix,3,Rainy,2,0,0,0,Defendant,1
405,75,Hispanic,New York,3,Rainy,2,1,1,0,Unknown,1
406,74,Black,New York,2,Clear,5,0,0,1,Unknown,1
407,52,White,Los Angeles,2,Rainy,4,1,0,1,Victim,1
408,52,White,Los Angeles,4,Clear,2,0,1,0,Defendant,0
409,79,Asian,Houston,4,Cloudy,4,0,1,1,Unknown,1
410,26,White,New York,2,Rainy,2,1,0,1,Defendant,1
411,16,Black,Houston,3,Cloudy,2,1,0,0,Defendant,0
412,79,Other,Los Angeles,2,Cloudy,1,1,1,0,Defendant,0
413,52,Hispanic,Phoenix,5,Rainy,4,1,0,0,Unknown,1
414,11,Other,New York,2,Cloudy,2,0,0,0,Victim,0
415,8,Hispanic,New York,5,Cloudy,4,1,1,1,Victim,1
416,10,Black,Phoenix,1,Snowy,1,0,1,0,Unknown,0
417,54,Hispanic,Los Angeles,4,Clear,4,0,1,1,Defendant,1
418,1,Black,Phoenix,5,Rainy,2,0,0,0,Defendant,1
419,17,Other,Houston,5,Snowy,4,1,1,1,Unknown,1
420,64,Other,Phoenix,1,Clear,2,1,0,1,Unknown,0
421,74,Asian,Chicago,2,Snowy,3,1,0,0,Victim,0
422,59,Hispanic,Houston,4,Clear,5,0,0,0,Defendant,1
423,12,White,Phoenix,4,Cloudy,4,1,1,1,Victim,1
424,39,Hispanic,Phoenix,3,Snowy,4,1,1,0,Unknown,1
425,18,Hispanic,Houston,4,Cloudy,2,1,1,1,Defendant,0
426,64,Black,Houston,5,Cloudy,5,1,1,1,Defendant,1
427,32,Hispanic,Los Angeles,2,Cloudy,4,0,1,1,Unknown,1
428,67,Asian,Chicago,2,Rainy,3,0,1,0,Unknown,1
429,52,Asian,Los Angeles,1,Cloudy,3,1,1,1,Victim,0
430,53,White,Los Angeles,5,Clear,2,0,1,1,Defendant,0
431,73,White,Chicago,4,Snowy,3,1,0,0,Unknown,0
432,3,White,New York,4,Cloudy,1,1,0,1,Victim,0
433,2,White,Los Angeles,4,Snowy,2,1,0,1,Unknown,0
434,8,Hispanic,New York,5,Cloudy,5,1,0,1,Defendant,1
435,44,White,Phoenix,3,Rainy,2,0,0,0,Victim,1
436,31,Asian,Chicago,3,Clear,5,0,0,0,Defendant,1
437,25,Other,Houston,3,Clear,3,1,1,1,Unknown,0
438,23,Hispanic,Los Angeles,2,Snowy,4,1,0,1,Victim,1
439,69,Asian,Houston,1,Cloudy,2,1,1,0,Defendant,0
440,74,Asian,Los Angeles,5,Snowy,5,0,1,0,Defendant,1
441,73,Black,Houston,2,Snowy,4,1,1,1,Defendant,1
442,55,Other,Houston,1,Cloudy,3,0,0,0,Defendant,0
443,8,Asian,Houston,5,Snowy,5,1,1,0,Defendant,1
444,71,Hispanic,Phoenix,1,Cloudy,5,0,1,1,Victim,1
445,68,Black,Chicago,2,Rainy,3,0,0,1,Victim,1
446,38,Asian,New York,3,Rainy,3,0,0,1,Victim,1
447,48,Other,Chicago,1,Snowy,3,1,0,1,Defendant,0
448,38,Black,Chicago,2,Clear,3,0,1,0,Unknown,0
449,29,Asian,Phoenix,1,Cloudy,2,1,0,1,Unknown,0
450,41,White,Houston,1,Snowy,2,1,1,0,Victim,0
451,35,White,Phoenix,4,Clear,4,1,0,0,Unknown,1
452,69,White,Chicago,4,Snowy,4,0,1,0,Unknown,1
453,64,White,New York,3,Snowy,5,0,0,0,Defendant,1
454,21,Hispanic,Los Angeles,3,Rainy,4,1,1,1,Victim,1
455,63,White,Chicago,4,Rainy,2,1,0,1,Unknown,1
456,52,Other,Phoenix,2,Clear,1,0,1,0,Unknown,0
457,26,White,Chicago,3,Snowy,5,1,0,0,Defendant,1
458,65,Other,Phoenix,1,Snowy,2,1,1,0,Victim,0
459,2,White,Los Angeles,2,Clear,1,0,1,0,Victim,0
460,64,Black,Los Angeles,5,Rainy,5,1,0,1,Defendant,1
461,61,Asian,New York,3,Clear,1,0,0,1,Defendant,0
462,37,White,Chicago,5,Snowy,5,0,0,0,Victim,1
463,25,Black,Phoenix,2,Cloudy,3,0,0,0,Unknown,0
464,7,Other,Chicago,5,Snowy,3,1,1,1,Defendant,0
465,8,Hispanic,New York,5,Clear,4,1,1,1,Defendant,1
466,58,Other,New York,4,Cloudy,2,0,0,1,Victim,0
467,78,Hispanic,Houston,2,Rainy,4,0,0,0,Victim,1
468,59,White,Phoenix,5,Snowy,2,0,1,0,Victim,0
469,9,Other,Phoenix,2,Cloudy,3,1,1,1,Victim,0
470,78,White,Houston,2,Clear,1,0,1,0,Defendant,0
471,73,Asian,Houston,5,Snowy,1,1,1,0,Defendant,0
472,55,Other,Phoenix,3,Cloudy,4,0,1,1,Unknown,1
473,72,Asian,Chicago,4,Cloudy,3,1,0,1,Defendant,0
474,65,Asian,New York,5,Clear,5,1,1,0,Defendant,1
475,73,Hispanic,New York,3,Snowy,4,1,1,1,Unknown,1
476,6,Other,Los Angeles,4,Clear,1,1,0,1,Defendant,0
477,70,Other,Houston,2,Clear,2,1,1,0,Defendant,0
478,6,Asian,Phoenix,1,Snowy,4,0,0,1,Defendant,1
479,63,Asian,Chicago,4,Clear,1,0,1,0,Defendant,0
480,22,Other,Houston,5,Cloudy,4,0,1,0,Unknown,1
481,43,White,Chicago,3,Cloudy,5,0,0,0,Unknown,1
482,14,Other,New York,3,Snowy,1,1,1,1,Unknown,0
483,42,Black,Los Angeles,4,Snowy,2,0,1,0,Defendant,0
484,22,Other,Los Angeles,5,Clear,5,0,1,1,Defendant,1
485,71,White,Houston,1,Rainy,4,1,1,1,Unknown,1
486,53,Asian,Phoenix,5,Cloudy,3,1,1,0,Victim,0
487,77,White,Houston,5,Snowy,4,0,0,0,Defendant,1
488,68,Black,Chicago,2,Clear,2,1,0,1,Victim,0
489,17,White,Chicago,2,Cloudy,5,0,1,1,Victim,1
490,2,Hispanic,Phoenix,1,Cloudy,2,0,0,0,Victim,0
491,36,Hispanic,Chicago,5,Clear,5,1,0,0,Defendant,1
492,49,White,New York,5,Rainy,3,1,1,1,Victim,1
493,69,Hispanic,Los Angeles,3,Cloudy,5,0,0,0,Victim,1
494,33,Hispanic,New York,3,Clear,4,0,0,1,Unknown,1
495,17,Black,New York,3,Rainy,1,0,0,0,Unknown,1
496,10,White,Chicago,1,Cloudy,4,1,1,0,Unknown,1
497,14,Hispanic,Chicago,1,Cloudy,5,1,0,0,Defendant,1
498,53,Black,New York,4,Rainy,2,1,0,0,Unknown,1
499,49,Hispanic,Chicago,4,Cloudy,4,0,0,1,Defendant,1
500,53,Black,Chicago,1,Clear,3,1,1,0,Defendant,0
501,76,Asian,Los Angeles,5,Rainy,4,0,0,0,Victim,1
502,68,Black,Phoenix,3,Snowy,4,1,0,1,Defendant,1
503,30,White,Chicago,1,Clear,4,0,1,1,Victim,1
504,64,Other,Los Angeles,3,Rainy,3,0,0,1,Defendant,1
505,36,Asian,Los Angeles,3,Clear,1,0,1,0,Victim,0
506,30,White,New York,3,Snowy,4,1,0,1,Unknown,1
507,32,Black,Chicago,3,Snowy,3,0,0,1,Victim,0
508,70,Black,Chicago,3,Snowy,3,1,0,1,Unknown,0
509,42,White,Phoenix,4,Rainy,1,0,1,1,Unknown,1
510,39,Other,Los Angeles,3,Cloudy,4,0,0,0,Victim,1
511,54,White,Phoenix,3,Clear,2,0,1,0,Unknown,0
512,63,Other,Phoenix,3,Cloudy,1,1,0,0,Defendant,0
513,26,Other,Phoenix,4,Snowy,5,1,0,1,Unknown,1
514,57,Hispanic,Phoenix,5,Clear,2,1,1,1,Defendant,0
515,60,Black,Phoenix,2,Cloudy,1,1,0,1,Victim,0
516,22,Black,Chicago,1,Snowy,5,0,1,0,Defendant,1
517,77,Other,Los Angeles,5,Cloudy,1,1,1,1,Defendant,0
518,72,Black,Phoenix,1,Rainy,5,1,0,0,Victim,1
519,63,White,Houston,2,Clear,4,0,0,1,Defendant,1
520,5,Asian,Houston,4,Snowy,4,1,0,0,Unknown,1
521,2,Other,New York,1,Clear,1,1,0,0,Victim,0
522,11,White,Los Angeles,2,Snowy,4,1,1,0,Unknown,1
523,24,Asian,New York,4,Clear,5,1,0,0,Defendant,1
524,50,White,Chicago,3,Clear,5,0,1,0,Defendant,1
525,67,White,New York,3,Clear,1,0,1,1,Victim,0
526,78,White,New York,2,Clear,4,0,0,1,Unknown,1
527,79,Asian,Phoenix,1,Clear,2,1,1,1,Defendant,0
528,42,Hispanic,Phoenix,5,Clear,1,1,1,1,Victim,0
529,34,Hispanic,Chicago,2,Snowy,1,0,1,1,Victim,0
530,42,Hispanic,Los Angeles,4,Cloudy,4,0,1,0,Unknown,1
531,52,Hispanic,New York,5,Snowy,4,1,1,1,Defendant,1
532,10,Hispanic,Phoenix,3,Snowy,2,1,0,1,Unknown,0
533,2,Black,Los Angeles,1,Rainy,4,1,1,0,Unknown,1
534,68,White,Phoenix,2,Cloudy,3,1,0,1,Defendant,0
535,17,Hispanic,Phoenix,5,Snowy,3,0,0,1,Unknown,0
536,70,Asian,Chicago,1,Cloudy,2,1,1,0,Unknown,0
537,37,Black,Los Angeles,2,Rainy,3,1,1,1,Victim,1
538,58,White,Houston,4,Snowy,3,1,0,1,Defendant,0
539,3,Asian,Phoenix,5,Clear,3,0,0,0,Defendant,0
540,7,Hispanic,Houston,3,Snowy,1,1,0,1,Victim,0
541,33,Asian,Houston,1,Clear,1,0,0,1,Defendant,0
542,37,Black,Chicago,1,Clear,3,1,1,0,Defendant,0
543,38,White,Houston,3,Cloudy,2,1,1,0,Unknown,0
544,50,Other,Phoenix,4,Clear,3,1,1,1,Unknown,0
545,18,White,Los Angeles,2,Rainy,5,0,0,0,Victim,1
546,12,White,Phoenix,1,Clear,1,0,1,1,Unknown,0
547,16,Black,New York,1,Cloudy,3,0,0,1,Defendant,0
548,74,Asian,Houston,1,Rainy,1,0,0,0,Defendant,1
549,3,Black,Houston,5,Cloudy,2,0,0,1,Victim,0
550,65,Asian,New York,1,Rainy,5,1,0,1,Unknown,1
551,4,White,Chicago,3,Cloudy,3,1,1,1,Unknown,0
552,5,Asian,New York,2,Cloudy,5,0,0,1,Defendant,1
553,18,Hispanic,New York,2,Rainy,1,1,0,1,Defendant,1
554,18,White,Phoenix,4,Snowy,2,0,1,0,Unknown,0
555,71,White,Phoenix,1,Cloudy,3,0,0,0,Victim,0
556,20,Asian,Phoenix,2,Cloudy,4,0,1,0,Victim,1
557,60,Asian,Los Angeles,5,Rainy,5,1,1,1,Victim,1
558,2,Black,Chicago,1,Clear,4,1,1,0,Victim,1
559,34,White,Los Angeles,3,Rainy,5,0,1,1,Victim,1
560,4,Black,Houston,2,Clear,1,1,0,0,Unknown,0
561,37,Other,Los Angeles,2,Clear,3,0,1,1,Unknown,0
562,60,Asian,New York,3,Snowy,3,0,0,0,Victim,0
563,49,Hispanic,Phoenix,2,Cloudy,1,0,1,0,Defendant,0
564,8,Hispanic,Los Angeles,4,Rainy,4,1,1,1,Victim,1
565,1,White,Phoenix,4,Cloudy,3,1,1,0,Defendant,0
566,45,Hispanic,Chicago,2,Rainy,1,1,1,1,Defendant,1
567,38,Hispanic,Los Angeles,3,Clear,1,0,0,1,Victim,0
568,77,Asian,Chicago,3,Cloudy,2,1,1,1,Victim,0
569,53,White,New York,3,Snowy,1,1,0,0,Victim,0
570,18,Black,Phoenix,4,Cloudy,4,1,0,1,Unknown,1
571,67,Black,New York,1,Snowy,1,1,1,1,Victim,0
572,33,Asian,Chicago,2,Clear,4,0,1,0,Unknown,1
573,22,White,Phoenix,1,Snowy,3,0,1,1,Victim,0
574,41,Other,Chicago,3,Snowy,3,1,1,1,Unknown,0
575,43,Asian,Phoenix,3,Cloudy,4,0,0,0,Defendant,1
576,56,Hispanic,Los Angeles,5,Clear,5,0,1,1,Victim,1
577,50,White,Chicago,4,Clear,4,1,0,0,Unknown,1
578,2,Hispanic,Chicago,1,Clear,4,1,1,0,Unknown,1
579,56,Black,Los Angeles,3,Rainy,5,0,1,1,Defendant,1
580,1,White,New York,2,Rainy,1,0,0,0,Victim,1
581,4,Other,Houston,3,Rainy,5,1,0,0,Victim,1
582,66,Hispanic,Chicago,5,Clear,1,1,0,0,Victim,0
583,59,Other,New York,1,Snowy,1,0,0,1,Victim,0
584,30,Asian,Houston,1,Snowy,1,0,0,1,Unknown,0
585,21,Other,Houston,2,Clear,1,0,0,1,Unknown,0
586,76,White,Houston,1,Clear,1,1,0,0,Victim,0
587,58,Black,Los Angeles,5,Rainy,5,1,1,0,Defendant,1
588,23,Black,Los Angeles,2,Rainy,4,0,1,0,Unknown,1
589,76,Other,Phoenix,4,Snowy,3,1,1,1,Unknown,0
590,64,Black,Phoenix,1,Cloudy,2,1,1,0,Victim,0
591,2,Asian,Los Angeles,4,Snowy,3,0,0,1,Victim,0
592,27,Asian,Los Angeles,4,Clear,4,0,0,1,Defendant,1
593,33,Black,Phoenix,2,Rainy,3,0,1,1,Defendant,1
594,57,Hispanic,Phoenix,2,Rainy,1,0,0,0,Unknown,1
595,68,Hispanic,Houston,5,Clear,2,0,1,1,Victim,0
596,2,White,Phoenix,5,Snowy,3,1,0,1,Defendant,0
597,21,Asian,Phoenix,2,Cloudy,3,1,0,1,Unknown,0
598,27,Black,Los Angeles,3,Clear,4,0,1,0,Defendant,1
599,11,Other,Chicago,3,Snowy,3,1,0,1,Victim,0
600,59,Other,Chicago,1,Clear,2,0,1,1,Unknown,0
601,27,White,Phoenix,1,Cloudy,2,1,1,0,Victim,0
602,33,Black,Houston,5,Clear,2,1,0,1,Defendant,0
603,54,Black,Los Angeles,3,Clear,2,0,0,1,Unknown,0
604,22,Asian,Phoenix,4,Snowy,4,0,0,1,Defendant,1
605,3,Asian,New York,5,Snowy,2,1,1,0,Defendant,0
606,66,Hispanic,Houston,1,Cloudy,5,0,0,1,Victim,1
607,76,Other,Los Angeles,4,Rainy,4,0,1,0,Victim,1
608,16,Hispanic,Chicago,4,Snowy,2,0,1,0,Defendant,0
609,31,Asian,Los Angeles,4,Snowy,2,1,1,1,Victim,0
610,44,Other,New York,2,Snowy,3,1,0,0,Victim,0
611,62,White,New York,1,Cloudy,3,1,0,1,Victim,0
612,44,White,Phoenix,3,Snowy,5,0,0,0,Unknown,1
613,75,Other,Houston,1,Clear,4,1,1,0,Victim,1
614,29,Other,Phoenix,1,Clear,5,0,0,1,Victim,1
615,76,Asian,Los Angeles,2,Clear,2,0,1,1,Unknown,0
616,62,Hispanic,New York,3,Clear,4,0,1,1,Victim,1
617,70,Black,Los Angeles,1,Cloudy,1,1,1,1,Victim,0
618,27,Hispanic,Chicago,4,Rainy,5,1,0,1,Unknown,1
619,32,Hispanic,New York,4,Snowy,1,1,0,1,Victim,0
620,53,White,Los Angeles,1,Clear,4,1,1,0,Victim,1
621,29,White,New York,3,Snowy,1,1,1,1,Defendant,0
622,13,White,Los Angeles,1,Snowy,3,1,1,0,Defendant,0
623,75,Asian,New York,1,Cloudy,4,0,1,1,Defendant,1
624,45,Black,New York,2,Rainy,4,0,0,1,Victim,1
625,62,Hispanic,Los Angeles,2,Rainy,1,1,0,0,Defendant,1
626,52,Other,New York,5,Rainy,3,1,0,1,Defendant,1
627,26,Hispanic,Los Angeles,2,Clear,3,0,0,1,Defendant,0
628,23,Black,Houston,3,Cloudy,1,0,1,0,Defendant,0
629,52,Asian,New York,4,Clear,2,1,1,0,Victim,0
630,70,Black,New York,3,Rainy,1,0,1,1,Victim,1
631,1,Black,Los Angeles,4,Cloudy,3,1,1,0,Victim,0
632,43,White,Chicago,2,Cloudy,3,1,0,0,Victim,0
633,9,White,Houston,4,Cloudy,2,0,0,1,Unknown,0
634,73,Black,Houston,1,Clear,1,0,0,1,Victim,0
635,74,White,Phoenix,1,Clear,4,0,0,1,Victim,1
636,6,Black,Chicago,1,Clear,1,1,1,0,Unknown,0
637,7,Black,New York,4,Snowy,5,1,1,1,Unknown,1
638,26,Hispanic,Chicago,1,Snowy,1,1,1,0,Unknown,0
639,69,Black,Houston,4,Snowy,3,1,1,1,Victim,0
640,21,Other,Phoenix,3,Snowy,1,1,0,0,Unknown,0
641,4,Other,Chicago,3,Rainy,2,0,0,0,Defendant,1
642,78,Asian,Chicago,2,Snowy,1,1,0,1,Unknown,0
643,69,Black,Chicago,3,Snowy,2,1,1,0,Victim,0
644,63,Other,Chicago,3,Snowy,4,1,1,1,Defendant,1
645,66,Black,Phoenix,1,Cloudy,1,0,0,0,Victim,0
646,46,Black,New York,2,Snowy,4,0,1,0,Unknown,1
647,31,Asian,New York,2,Rainy,4,1,1,1,Unknown,1
648,68,White,Los Angeles,4,Rainy,5,0,0,1,Unknown,1
649,15,Other,Phoenix,5,Cloudy,4,0,1,0,Unknown,1
650,42,Hispanic,Los Angeles,2,Clear,4,0,1,0,Victim,1
651,6,Other,Los Angeles,1,Rainy,1,0,0,0,Victim,1
652,11,Asian,Chicago,2,Snowy,1,1,0,0,Unknown,0
653,47,White,New York,2,Cloudy,5,0,1,0,Unknown,1
654,15,Other,New York,2,Cloudy,1,1,1,0,Unknown,0
655,34,White,Phoenix,1,Rainy,5,0,0,1,Unknown,1
656,5,White,Chicago,5,Snowy,3,1,1,0,Defendant,0
657,48,Asian,Chicago,3,Rainy,2,0,0,1,Unknown,1
658,32,Black,Houston,3,Clear,2,1,1,0,Unknown,0
659,2,Black,Phoenix,2,Rainy,2,1,0,1,Unknown,1
660,60,Other,Phoenix,3,Clear,1,1,1,0,Unknown,0
661,74,Hispanic,New York,4,Rainy,2,1,1,0,Unknown,1
662,6,Hispanic,New York,3,Rainy,1,0,1,1,Unknown,1
663,20,Asian,Phoenix,3,Snowy,4,1,0,0,Victim,1
664,70,Other,New York,5,Cloudy,4,1,0,1,Victim,1
665,76,White,Houston,5,Snowy,1,0,1,1,Defendant,0
666,65,Black,Los Angeles,5,Snowy,2,0,1,0,Unknown,0
667,3,Black,Los Angeles,5,Cloudy,2,1,0,1,Defendant,0
668,25,Other,Chicago,1,Cloudy,1,1,1,1,Unknown,0
669,30,White,New York,2,Clear,5,1,0,0,Defendant,1
670,67,Asian,Los Angeles,2,Rainy,1,1,1,1,Unknown,1
671,45,Black,New York,3,Cloudy,3,1,0,1,Unknown,0
672,69,Other,Houston,3,Rainy,2,1,0,1,Victim,1
673,78,Hispanic,Los Angeles,3,Rainy,1,1,0,1,Unknown,1
674,31,Black,Houston,2,Snowy,1,1,1,1,Defendant,0
675,66,Asian,Houston,4,Clear,3,1,1,1,Unknown,0
676,61,Hispanic,New York,4,Snowy,4,1,1,0,Unknown,1
677,71,Asian,Phoenix,1,Rainy,1,0,0,1,Victim,1
678,30,Black,Houston,1,Clear,2,1,1,1,Unknown,0
679,23,Other,Los Angeles,4,Cloudy,5,0,0,1,Unknown,1
680,71,Asian,New York,1,Snowy,3,0,1,1,Unknown,0
681,1,Black,Los Angeles,5,Snowy,2,0,1,1,Unknown,0
682,57,White,Phoenix,5,Clear,2,1,1,1,Unknown,0
683,62,Black,Los Angeles,4,Clear,4,1,1,0,Defendant,1
684,50,Asian,New York,5,Snowy,5,0,0,1,Unknown,1
685,16,Black,New York,3,Snowy,5,1,0,0,Unknown,1
686,79,Asian,New York,3,Cloudy,1,0,0,0,Defendant,0
687,24,Other,Chicago,2,Cloudy,2,0,1,0,Defendant,0
688,12,Other,Chicago,1,Snowy,3,0,0,0,Victim,0
689,50,Black,Chicago,4,Cloudy,1,0,0,0,Unknown,0
690,66,Hispanic,Houston,1,Cloudy,1,1,0,0,Unknown,0
691,9,Asian,Houston,1,Rainy,3,0,0,0,Unknown,1
692,25,Hispanic,Houston,3,Cloudy,2,1,1,0,Defendant,0
693,24,White,Chicago,1,Rainy,2,0,1,0,Unknown,1
694,73,Other,Los Angeles,2,Rainy,1,1,1,0,Victim,1
695,21,Hispanic,Los Angeles,4,Cloudy,4,0,1,0,Defendant,1
696,72,Asian,Houston,3,Clear,3,0,1,1,Victim,0
697,15,Hispanic,New York,2,Rainy,4,1,0,1,Unknown,1
698,3,Other,Chicago,5,Clear,5,1,1,0,Defendant,1
699,15,Hispanic,Los Angeles,4,Rainy,2,0,0,1,Unknown,1
700,34,Asian,Los Angeles,5,Cloudy,2,1,1,1,Unknown,0
701,63,White,Los Angeles,5,Snowy,5,0,0,1,Victim,1
702,65,Other,Chicago,4,Rainy,2,0,1,1,Defendant,1
703,31,White,Phoenix,2,Snowy,1,0,1,1,Victim,0
704,29,Black,Houston,4,Snowy,3,1,1,1,Defendant,0
705,7,Hispanic,Phoenix,5,Cloudy,4,1,1,0,Victim,1
706,52,Hispanic,Chicago,2,Clear,1,1,0,0,Unknown,0
707,44,Hispanic,New York,2,Cloudy,3,0,0,1,Victim,0
708,73,Hispanic,Chicago,3,Snowy,2,0,0,1,Defendant,0
709,20,Other,Chicago,5,Cloudy,5,0,1,1,Victim,1
710,11,Other,Los Angeles,2,Snowy,3,0,1,0,Defendant,0
711,35,Other,Los Angeles,3,Snowy,4,0,1,1,Victim,1
712,72,Asian,Phoenix,2,Snowy,2,0,1,1,Defendant,0
713,45,Hispanic,Los Angeles,4,Rainy,2,1,1,0,Defendant,1
714,58,Black,Chicago,3,Snowy,4,0,1,1,Unknown,1
715,27,White,Phoenix,1,Clear,1,1,0,1,Victim,0
716,49,Other,Phoenix,2,Cloudy,3,1,0,1,Defendant,0
717,20,Asian,New York,5,Cloudy,4,0,1,0,Defendant,1
718,17,Hispanic,Phoenix,1,Clear,3,0,0,0,Defendant,0
719,22,Other,Phoenix,2,Snowy,5,0,1,1,Defendant,1
720,69,Other,New York,4,Clear,5,0,1,1,Victim,1
721,57,Black,Los Angeles,2,Snowy,5,1,1,1,Defendant,1
722,49,Other,New York,3,Cloudy,4,1,0,1,Unknown,1
723,64,Asian,Phoenix,2,Snowy,3,0,0,0,Unknown,0
724,70,Other,Houston,5,Cloudy,2,1,0,0,Defendant,0
725,40,Asian,Chicago,5,Clear,4,1,0,0,Defendant,1
726,68,Black,Los Angeles,3,Clear,1,1,1,1,Unknown,0
727,74,Black,Houston,4,Clear,1,0,1,1,Unknown,0
728,55,Other,New York,1,Snowy,1,1,1,1,Victim,0
729,75,Black,Phoenix,2,Rainy,1,0,1,0,Unknown,1
730,18,Other,Phoenix,3,Cloudy,4,0,0,0,Unknown,1
731,47,Black,Los Angeles,3,Cloudy,2,1,0,1,Victim,0
732,39,Asian,Los Angeles,3,Snowy,5,1,0,0,Defendant,1
733,5,Black,Phoenix,3,Rainy,1,1,1,0,Defendant,1
734,16,Other,Houston,1,Cloudy,2,0,0,1,Defendant,0
735,25,Other,Los Angeles,4,Clear,3,0,0,0,Defendant,0
736,36,Hispanic,Chicago,1,Rainy,2,1,0,1,Victim,1
737,58,Black,Chicago,1,Clear,4,0,0,1,Victim,1
738,40,Hispanic,Los Angeles,1,Cloudy,2,0,0,1,Unknown,0
739,74,Asian,Chicago,3,Clear,3,1,0,1,Unknown,0
740,9,White,Chicago,1,Clear,4,1,1,0,Victim,1
741,24,Asian,New York,1,Snowy,4,0,1,1,Unknown,1
742,3,Asian,Chicago,3,Snowy,5,0,0,1,Unknown,1
743,18,Asian,Chicago,2,Cloudy,5,1,0,1,Defendant,1
744,20,Hispanic,Houston,3,Clear,5,1,1,0,Unknown,1
745,20,Other,Los Angeles,1,Rainy,4,1,1,1,Unknown,1
746,13,Black,Phoenix,3,Snowy,4,1,1,0,Victim,1
747,77,White,Los Angeles,3,Rainy,5,0,0,1,Unknown,1
748,75,Hispanic,New York,5,Clear,2,0,1,0,Victim,0
749,62,White,Chicago,5,Rainy,5,1,0,1,Victim,1
750,56,Other,Phoenix,2,Rainy,1,0,0,1,Defendant,1
751,59,Asian,Los Angeles,1,Cloudy,2,1,0,1,Defendant,0
752,57,Asian,Houston,2,Cloudy,2,1,1,0,Unknown,0
753,59,Asian,Chicago,1,Cloudy,3,0,0,0,Unknown,0
754,59,Asian,New York,5,Clear,3,0,0,0,Victim,0
755,58,White,New York,1,Rainy,3,1,0,1,Defendant,1
756,34,Hispanic,New York,3,Snowy,5,1,0,0,Defendant,1
757,5,Hispanic,Los Angeles,3,Clear,4,1,1,0,Victim,1
758,22,Asian,Houston,1,Rainy,2,0,1,0,Unknown,1
759,64,Black,New York,2,Cloudy,3,0,1,1,Victim,0
760,44,White,Houston,5,Clear,4,0,0,1,Defendant,1
761,10,White,Chicago,1,Clear,4,0,0,0,Unknown,1
762,43,Hispanic,Chicago,2,Cloudy,1,0,0,1,Victim,0
763,25,Other,Los Angeles,1,Clear,4,1,1,1,Defendant,1
764,32,Other,Houston,2,Clear,4,1,1,0,Defendant,1
765,21,Asian,Houston,1,Cloudy,3,1,0,0,Victim,0
766,6,Asian,Houston,4,Snowy,3,1,1,0,Unknown,0
767,77,Other,Los Angeles,2,Rainy,2,0,1,0,Unknown,1
768,60,White,New York,4,Rainy,4,0,0,0,Defendant,1
769,60,Asian,Chicago,3,Cloudy,4,1,1,1,Defendant,1
770,68,Asian,Phoenix,3,Clear,4,0,1,0,Unknown,1
771,30,Other,Houston,3,Clear,5,0,1,0,Victim,1
772,73,Asian,Chicago,4,Snowy,2,0,1,1,Unknown,0
773,7,Other,New York,3,Clear,5,1,0,0,Victim,1
774,27,Asian,Los Angeles,5,Rainy,1,1,0,1,Victim,1
775,14,Asian,Houston,3,Cloudy,5,0,0,1,Victim,1
776,43,Asian,Houston,1,Cloudy,5,1,1,1,Unknown,1
777,20,Asian,New York,4,Rainy,4,1,0,0,Defendant,1
778,74,Black,Houston,5,Rainy,4,0,0,1,Unknown,1
779,39,White,Houston,3,Snowy,3,0,1,1,Defendant,0
780,20,Hispanic,Phoenix,4,Cloudy,5,0,1,0,Defendant,1
781,18,Hispanic,New York,1,Snowy,5,1,1,0,Victim,1
782,16,Other,Chicago,5,Cloudy,2,1,1,0,Unknown,0
783,32,Hispanic,New York,4,Snowy,4,0,0,0,Unknown,1
784,23,Black,Chicago,2,Rainy,3,0,1,0,Unknown,1
785,5,Other,Los Angeles,2,Rainy,1,1,0,0,Unknown,1
786,24,Asian,Los Angeles,2,Rainy,5,0,1,0,Victim,1
787,56,White,Phoenix,4,Snowy,3,0,1,0,Defendant,0
788,28,Black,New York,5,Rainy,2,0,1,0,Victim,1
789,13,White,Los Angeles,3,Rainy,5,0,0,0,Unknown,1
790,51,Hispanic,Chicago,3,Rainy,2,0,1,1,Unknown,1
791,27,White,Chicago,3,Cloudy,5,0,1,0,Victim,1
792,3,Black,New York,1,Cloudy,4,1,0,0,Victim,1
793,76,Black,Houston,3,Cloudy,4,0,1,1,Unknown,1
794,66,Hispanic,Phoenix,4,Clear,4,1,1,1,Victim,1
795,23,Asian,Houston,4,Cloudy,3,1,0,1,Victim,0
796,29,Hispanic,Los Angeles,3,Cloudy,2,1,0,0,Victim,0
797,3,Black,New York,3,Snowy,5,1,0,1,Defendant,1
798,46,White,Houston,2,Cloudy,1,1,0,1,Defendant,0
799,21,White,Chicago,5,Clear,1,0,1,0,Defendant,0
800,27,White,New York,4,Cloudy,4,1,1,1,Defendant,1
801,9,Other,Phoenix,3,Cloudy,1,0,1,1,Victim,0
802,49,Black,Phoenix,3,Clear,1,0,0,1,Defendant,0
803,62,White,Houston,1,Clear,3,0,1,1,Defendant,0
804,43,White,Houston,5,Clear,2,1,1,1,Victim,0
805,59,Black,Los Angeles,5,Cloudy,4,1,0,1,Unknown,1
806,7,Other,Chicago,5,Rainy,5,1,0,0,Defendant,1
807,17,Hispanic,Houston,4,Rainy,4,1,1,1,Victim,1
808,47,Black,Houston,4,Cloudy,1,0,1,0,Unknown,0
809,72,White,Los Angeles,1,Cloudy,5,1,1,1,Victim,1
810,69,Black,Chicago,1,Snowy,1,0,0,1,Unknown,0
811,11,Asian,Houston,3,Snowy,3,1,1,0,Defendant,0
812,38,Black,Houston,5,Clear,2,0,1,1,Victim,0
813,65,Black,Chicago,3,Cloudy,4,0,0,0,Unknown,1
814,26,Other,Los Angeles,1,Cloudy,1,1,0,1,Defendant,0
815,26,Black,Chicago,2,Cloudy,2,1,0,1,Victim,0
816,43,White,New York,1,Clear,5,1,1,1,Unknown,1
817,53,Black,Chicago,2,Rainy,3,0,1,0,Unknown,1
818,57,Other,Phoenix,1,Rainy,3,1,0,0,Unknown,1
819,54,Other,Phoenix,2,Clear,3,1,1,0,Unknown,0
820,66,Hispanic,New York,4,Rainy,3,0,1,0,Unknown,1
821,11,Other,Phoenix,1,Clear,1,0,1,1,Victim,0
822,57,White,Phoenix,2,Snowy,3,0,0,1,Defendant,0
823,4,Black,Phoenix,3,Snowy,5,0,0,0,Victim,1
824,16,Asian,Los Angeles,4,Clear,3,1,1,1,Unknown,0
825,66,Asian,New York,1,Rainy,2,1,0,1,Defendant,1
826,5,White,Los Angeles,3,Snowy,4,0,1,1,Defendant,1
827,37,White,Phoenix,2,Clear,1,1,1,1,Victim,0
828,24,Black,Los Angeles,2,Clear,4,0,1,1,Victim,1
829,6,Asian,New York,4,Cloudy,4,1,0,1,Victim,1
830,61,White,Phoenix,1,Cloudy,4,0,0,1,Unknown,1
831,63,Asian,Houston,5,Snowy,5,0,0,1,Unknown,1
832,76,White,Phoenix,2,Clear,3,0,0,0,Defendant,0
833,67,Other,New York,2,Rainy,5,1,1,0,Unknown,1
834,51,White,Houston,5,Rainy,2,0,1,1,Victim,1
835,22,Other,Los Angeles,4,Cloudy,5,1,1,1,Victim,1
836,14,Hispanic,Houston,4,Rainy,1,0,0,0,Victim,1
837,9,Other,New York,2,Clear,2,0,1,1,Victim,0
838,22,White,Houston,4,Rainy,5,0,1,1,Victim,1
839,13,Asian,Los Angeles,4,Cloudy,5,1,1,1,Unknown,1
840,27,Black,Phoenix,4,Clear,4,1,0,0,Victim,1
841,32,Hispanic,Los Angeles,3,Clear,3,0,1,1,Victim,0
842,66,White,Chicago,5,Clear,3,0,0,1,Defendant,0
843,42,Other,Phoenix,2,Clear,3,0,1,1,Victim,0
844,71,Black,Los Angeles,1,Cloudy,1,0,1,0,Defendant,0
845,37,Other,Phoenix,4,Clear,2,1,0,0,Victim,0
846,50,Asian,Los Angeles,5,Clear,5,1,1,0,Victim,1
847,71,Asian,Houston,3,Clear,2,1,0,1,Defendant,0
848,67,Hispanic,Phoenix,5,Cloudy,2,0,1,1,Unknown,0
849,67,Other,Los Angeles,4,Rainy,5,0,0,0,Unknown,1
850,38,Hispanic,Phoenix,1,Rainy,3,0,0,1,Victim,1
851,66,Black,Houston,2,Rainy,4,0,1,1,Unknown,1
852,36,Other,Los Angeles,5,Snowy,3,0,1,1,Unknown,0
853,49,Black,Los Angeles,4,Cloudy,2,1,0,1,Unknown,0
854,67,Asian,Los Angeles,3,Clear,2,0,1,0,Victim,0
855,24,White,Phoenix,5,Cloudy,4,1,1,1,Victim,1
856,14,Hispanic,Los Angeles,2,Snowy,3,1,1,0,Victim,0
857,77,White,Chicago,1,Snowy,2,1,0,0,Unknown,0
858,3,Asian,Chicago,2,Snowy,3,1,1,1,Defendant,0
859,30,White,Chicago,1,Clear,1,1,0,1,Unknown,0
860,70,Hispanic,New York,3,Cloudy,2,0,1,0,Victim,0
861,21,White,Houston,4,Cloudy,2,0,1,0,Defendant,0
862,66,Asian,Phoenix,5,Snowy,1,1,1,1,Defendant,0
863,62,White,Phoenix,5,Clear,5,0,1,1,Victim,1
864,74,Black,Phoenix,2,Snowy,1,0,0,1,Defendant,0
865,8,White,Chicago,1,Snowy,4,0,0,1,Victim,1
866,30,Asian,Los Angeles,2,Cloudy,1,0,0,0,Victim,0
867,11,White,Houston,4,Rainy,4,1,1,0,Victim,1
868,49,Asian,Chicago,3,Cloudy,2,1,0,1,Unknown,0
869,58,White,Los Angeles,2,Snowy,4,1,1,0,Victim,1
870,51,White,Chicago,3,Clear,4,0,0,1,Defendant,1
871,66,Other,Houston,4,Clear,2,0,1,1,Defendant,0
872,11,Black,Phoenix,5,Snowy,5,1,0,1,Victim,1
873,38,Hispanic,Los Angeles,5,Clear,4,0,1,1,Victim,1
874,35,White,New York,4,Clear,3,1,1,1,Victim,0
875,54,Asian,New York,2,Rainy,4,1,0,0,Unknown,1
876,17,White,Los Angeles,4,Cloudy,2,0,0,1,Unknown,0
877,78,White,New York,3,Rainy,5,1,1,0,Unknown,1
878,21,Black,New York,4,Clear,4,1,1,0,Defendant,1
879,8,Asian,New York,4,Snowy,3,0,1,0,Victim,0
880,1,Hispanic,Chicago,3,Rainy,1,0,1,0,Victim,1
881,28,Black,New York,2,Clear,1,0,1,1,Defendant,0
882,51,Other,New York,4,Rainy,4,1,1,0,Unknown,1
883,53,Hispanic,Chicago,3,Cloudy,3,1,0,1,Victim,0
884,70,Hispanic,Los Angeles,5,Clear,1,0,1,0,Defendant,0
885,76,White,Phoenix,4,Rainy,4,0,1,1,Victim,1
886,76,White,Houston,3,Rainy,4,1,0,1,Defendant,1
887,53,Asian,New York,1,Clear,2,1,1,1,Unknown,0
888,39,Asian,Phoenix,4,Cloudy,5,1,1,1,Victim,1
889,77,Asian,Houston,3,Clear,5,1,0,1,Victim,1
890,43,Black,Chicago,4,Cloudy,4,0,0,1,Victim,1
891,46,White,Houston,3,Snowy,4,1,1,1,Defendant,1
892,66,Black,Los Angeles,4,Cloudy,1,1,0,0,Victim,0
893,79,White,New York,1,Cloudy,4,0,1,0,Defendant,1
894,27,White,New York,1,Rainy,3,0,1,0,Victim,1
895,11,Asian,Los Angeles,5,Clear,1,0,1,0,Victim,0
896,30,Asian,Phoenix,2,Clear,4,1,1,0,Victim,1
897,48,Asian,Phoenix,3,Cloudy,2,0,0,1,Victim,0
898,20,Other,Los Angeles,1,Cloudy,5,0,1,1,Defendant,1
899,14,White,New York,5,Cloudy,1,0,0,0,Defendant,0
900,36,White,New York,5,Rainy,1,0,0,0,Defendant,1
901,8,Black,New York,5,Snowy,3,0,1,0,Victim,0
902,46,Hispanic,Houston,2,Cloudy,1,0,0,1,Defendant,0
903,19,Asian,Los Angeles,4,Snowy,4,1,1,0,Defendant,1
904,28,Black,New York,5,Clear,1,1,1,1,Unknown,0
905,39,Asian,Phoenix,5,Rainy,1,1,0,0,Defendant,1
906,7,Other,Los Angeles,4,Rainy,3,0,0,1,Victim,1
907,52,Asian,New York,5,Snowy,4,0,1,0,Defendant,1
908,47,Other,New York,3,Cloudy,1,1,0,0,Unknown,0
909,14,Asian,Phoenix,1,Cloudy,5,1,0,1,Victim,1
910,12,Black,Phoenix,5,Clear,3,0,0,0,Unknown,0
911,5,Hispanic,Houston,5,Rainy,5,0,1,1,Victim,1
912,23,White,Chicago,2,Clear,5,0,1,1,Victim,1
913,33,Other,Phoenix,4,Snowy,4,0,0,1,Unknown,1
914,38,Black,Phoenix,1,Clear,4,1,0,0,Defendant,1
915,49,Hispanic,Phoenix,3,Snowy,3,0,0,0,Defendant,0
916,43,Other,New York,1,Snowy,4,1,0,0,Victim,1
917,14,Hispanic,Los Angeles,2,Clear,4,1,1,1,Victim,1
918,66,Asian,New York,3,Snowy,1,0,1,0,Unknown,0
919,2,Other,Phoenix,5,Cloudy,1,0,1,0,Unknown,0
920,72,Asian,Los Angeles,2,Rainy,3,1,0,0,Defendant,1
921,36,Other,Chicago,4,Cloudy,1,0,0,1,Defendant,0
922,52,Black,Chicago,2,Cloudy,5,0,0,0,Unknown,1
923,67,Hispanic,Houston,4,Cloudy,5,0,0,0,Defendant,1
924,64,White,Los Angeles,4,Cloudy,5,0,1,1,Unknown,1
925,4,Other,Los Angeles,1,Cloudy,3,0,1,0,Victim,0
926,11,White,Phoenix,2,Rainy,1,1,1,1,Defendant,1
927,27,Hispanic,Chicago,3,Cloudy,3,0,1,0,Unknown,0
928,21,Asian,Chicago,2,Cloudy,2,1,0,1,Defendant,0
929,76,White,Houston,4,Snowy,2,0,0,1,Victim,0
930,74,Hispanic,Houston,4,Rainy,1,0,1,0,Defendant,1
931,69,White,Houston,4,Clear,5,0,1,1,Defendant,1
932,22,Black,Chicago,1,Rainy,3,1,0,1,Victim,1
933,16,White,Chicago,2,Clear,2,0,0,0,Unknown,0
934,23,Asian,Phoenix,5,Clear,3,1,1,1,Unknown,0
935,15,Black,Phoenix,1,Rainy,1,0,1,0,Defendant,1
936,20,Black,Phoenix,1,Rainy,3,0,1,1,Unknown,1
937,2,Hispanic,New York,3,Snowy,3,1,0,1,Unknown,0
938,61,Other,Chicago,5,Snowy,3,0,1,1,Defendant,0
939,79,Other,Chicago,4,Clear,1,0,0,0,Unknown,0
940,52,Asian,New York,1,Rainy,2,1,0,0,Defendant,1
941,23,Black,Los Angeles,5,Snowy,1,0,1,0,Unknown,0
942,32,Hispanic,Phoenix,3,Rainy,5,1,0,1,Defendant,1
943,76,Other,Los Angeles,3,Cloudy,3,1,0,0,Victim,0
944,48,White,Phoenix,3,Rainy,1,0,0,0,Victim,1
945,41,Black,Los Angeles,4,Cloudy,4,1,1,0,Unknown,1
946,50,Asian,Los Angeles,1,Clear,4,1,0,0,Victim,1
947,19,Asian,Los Angeles,5,Clear,5,0,0,0,Defendant,1
948,64,Black,Chicago,3,Clear,2,0,0,0,Victim,0
949,21,Hispanic,Chicago,3,Rainy,5,0,0,0,Defendant,1
950,71,Hispanic,Houston,5,Rainy,4,0,0,1,Defendant,1
951,58,Asian,Los Angeles,1,Clear,4,0,1,0,Unknown,1
952,14,Black,Phoenix,5,Rainy,1,0,1,1,Victim,1
953,6,Other,New York,5,Cloudy,4,0,0,1,Unknown,1
954,23,Other,Phoenix,4,Rainy,5,0,1,0,Victim,1
955,12,White,Phoenix,1,Cloudy,3,0,1,1,Victim,0
956,50,White,Phoenix,3,Rainy,4,0,1,0,Unknown,1
957,15,Hispanic,Los Angeles,4,Clear,3,1,1,1,Unknown,0
958,71,Black,Phoenix,1,Cloudy,1,1,1,0,Unknown,0
959,37,Black,Chicago,4,Snowy,2,0,0,0,Defendant,0
960,45,Asian,Los Angeles,5,Snowy,5,1,1,1,Defendant,1
961,26,Hispanic,New York,3,Rainy,2,1,1,0,Defendant,1
962,28,White,New York,1,Rainy,2,0,1,1,Victim,1
963,56,Hispanic,Los Angeles,3,Rainy,2,1,0,1,Victim,1
964,2,Asian,New York,3,Rainy,1,0,1,1,Defendant,1
965,30,White,Phoenix,5,Snowy,5,1,1,0,Victim,1
966,7,White,Chicago,4,Cloudy,4,0,1,1,Defendant,1
967,30,White,Chicago,3,Rainy,2,0,1,1,Victim,1
968,27,Other,Chicago,1,Clear,3,1,1,1,Defendant,0
969,45,Other,New York,3,Snowy,5,0,1,0,Victim,1
970,31,Hispanic,Houston,3,Snowy,2,1,0,0,Unknown,0
971,15,Asian,Los Angeles,2,Clear,3,0,0,0,Unknown,0
972,69,White,Phoenix,5,Snowy,2,0,1,1,Defendant,0
973,69,Black,New York,1,Clear,1,1,1,0,Victim,0
974,47,White,Chicago,3,Rainy,5,0,1,1,Unknown,1
975,29,Asian,New York,4,Cloudy,3,1,0,1,Defendant,0
976,56,Hispanic,New York,2,Cloudy,3,0,1,1,Unknown,0
977,22,Black,Houston,3,Rainy,3,1,0,0,Victim,1
978,4,Hispanic,Phoenix,1,Cloudy,2,0,1,1,Defendant,0
979,15,White,New York,1,Rainy,4,0,0,1,Defendant,1
980,60,Hispanic,Phoenix,4,Cloudy,4,1,0,0,Defendant,1
981,66,Other,Chicago,1,Rainy,4,0,1,0,Defendant,1
982,14,White,Houston,3,Cloudy,1,1,1,1,Victim,0
983,3,Black,Houston,1,Clear,1,1,1,0,Defendant,0
984,73,Other,Phoenix,3,Snowy,3,0,1,0,Unknown,0
985,17,Asian,Chicago,2,Snowy,1,1,0,0,Defendant,0
986,48,Black,Los Angeles,5,Rainy,3,0,1,1,Victim,1
987,55,Asian,Houston,5,Rainy,5,1,0,1,Unknown,1
988,74,Hispanic,Los Angeles,2,Cloudy,3,0,1,0,Victim,0
989,8,Other,Los Angeles,2,Clear,3,1,0,1,Unknown,0
990,63,Other,Chicago,1,Snowy,5,1,0,1,Defendant,1
991,77,White,New York,2,Rainy,4,1,0,1,Victim,1
992,48,Hispanic,New York,4,Clear,4,0,1,1,Victim,1
993,67,White,Phoenix,4,Cloudy,4,0,0,1,Unknown,1
994,72,Black,New York,3,Snowy,2,0,0,0,Defendant,0
995,17,Asian,Chicago,5,Clear,3,0,1,1,Victim,0
996,78,Asian,Chicago,4,Snowy,1,0,1,1,Unknown,0
997,39,Black,Phoenix,1,Snowy,4,1,1,1,Defendant,1
998,70,Other,New York,5,Rainy,3,0,0,0,Defendant,1
999,57,White,Chicago,3,Clear,2,0,0,0,Defendant,0
