,Shift_ID,Seismic_Velocity (m/s),Ground_Pressure (MPa),Rock_Type,Depth (m),Previous_Bump (Yes/No),Temperature (°C),Humidity (%),Fault_Proximity (m),label
0,1,9.017757095562331,16.243297220042123,Limestone,232,No,19,61,91,1
1,2,9.716305280687884,18.71736489586967,Sandstone,267,Yes,20,67,89,1
2,3,4.52398759084706,16.273005606455897,Sandstone,228,Yes,21,52,52,1
3,4,3.6170651069565114,11.40557531649859,Shale,227,No,24,52,25,0
4,5,4.361745232179389,16.326357942508785,Granite,296,Yes,24,64,109,1
5,6,8.743864974790032,11.669762135403968,Shale,256,No,22,68,56,1
6,7,7.736512443738932,17.11086775588394,Sandstone,275,No,23,44,33,1
7,8,7.452331396373887,15.436974253898793,Shale,164,Yes,25,53,56,1
8,9,5.812551945765971,8.928938623817007,Shale,283,No,18,57,27,0
9,10,7.04479580058005,14.154024349221704,Sandstone,222,Yes,19,45,96,1
10,11,5.155118876920572,12.119611630348892,Limestone,250,Yes,29,45,32,1
11,12,6.340400555925729,11.942847592787531,Sandstone,247,No,19,69,59,0
12,13,8.551441198594592,15.227075628527087,Limestone,175,Yes,22,68,111,1
13,14,9.868691182188236,11.8678978936331,Sandstone,241,No,23,35,77,1
14,15,9.527422465128613,17.322724978458474,Sandstone,274,Yes,21,31,37,1
15,16,9.537061599923742,8.849497232134093,Sandstone,222,No,29,42,76,1
16,17,5.815566143929787,15.924659028749906,Granite,272,No,19,38,102,1
17,18,6.281529163547536,17.710337643880894,Limestone,202,No,17,63,57,0
18,19,7.939447774582871,16.07398027904516,Granite,227,Yes,15,46,51,1
19,20,9.455343496358989,13.96675034023995,Sandstone,241,No,25,56,105,1
20,21,3.9939598154645926,19.403684164834175,Shale,237,Yes,23,58,85,1
21,22,5.12969304679037,11.599261877576764,Granite,162,Yes,19,66,96,1
22,23,3.974727912158767,8.230014650299733,Limestone,192,Yes,23,51,106,1
23,24,7.284059709716187,13.18387245756129,Sandstone,225,Yes,24,53,44,1
24,25,5.144106978212763,8.396143230803927,Granite,200,Yes,29,36,111,1
25,26,5.282754967588014,19.447241030316903,Shale,168,No,26,63,77,1
26,27,3.496411716415855,10.519016548976618,Granite,298,Yes,27,41,94,1
27,28,5.448572432653144,17.467124287386554,Limestone,271,No,28,52,52,1
28,29,9.037475551811097,17.29486499809238,Granite,173,No,18,44,107,1
29,30,4.631509683235844,10.612746796195202,Shale,175,Yes,19,62,85,1
30,31,7.866312263470459,15.454718365762007,Shale,269,No,18,42,49,1
31,32,7.407398414570149,8.576947621837402,Limestone,231,No,16,52,100,1
32,33,9.044392258583807,13.80289502844641,Shale,249,Yes,26,67,53,1
33,34,3.9260156335572676,8.17576552726984,Sandstone,166,No,15,61,105,0
34,35,9.843129722415302,19.0537265621701,Shale,217,Yes,22,64,88,1
35,36,7.078400522282559,19.71303229039486,Sandstone,193,Yes,18,30,67,1
36,37,9.9683190664277,10.667393199663023,Granite,210,Yes,19,34,59,1
37,38,9.380603081060956,10.497272415156473,Sandstone,272,No,20,42,70,1
38,39,4.5506209047917405,17.044642118745557,Sandstone,242,No,28,34,99,0
39,40,3.3931340693231915,11.040552785952013,Granite,223,No,22,61,32,0
40,41,4.78947365656753,18.74091870994214,Shale,216,No,25,50,109,0
41,42,6.69294554299594,14.887149633475786,Sandstone,260,Yes,22,53,50,1
42,43,4.20117456945633,12.209331476123745,Shale,151,Yes,21,47,58,1
43,44,4.172218211625919,17.99232495619304,Granite,238,No,18,50,82,0
44,45,6.238154829736072,13.920880404960743,Limestone,175,Yes,20,39,67,1
45,46,3.2328757981855087,18.93959496450171,Shale,248,No,18,53,106,0
46,47,3.853216577725893,19.13617084075257,Shale,176,Yes,29,69,67,1
47,48,5.911029375855633,9.985041825540911,Limestone,238,Yes,28,50,80,1
48,49,3.441909364455765,8.027880873583163,Limestone,295,Yes,21,54,31,1
49,50,5.777285395188706,19.807171281708825,Granite,150,Yes,26,52,97,1
50,51,6.318043861639115,18.873650433529754,Shale,252,Yes,27,51,75,1
51,52,6.158866298511801,8.665342828446096,Shale,280,No,26,33,37,0
52,53,9.08422400182161,17.99641116729284,Granite,190,No,29,63,46,1
53,54,6.710437185362127,13.49365919071048,Shale,200,Yes,27,35,47,1
54,55,6.275863237346304,11.107539260299703,Sandstone,164,No,27,57,101,1
55,56,5.874964717741664,18.544958284123158,Sandstone,157,Yes,25,60,99,1
56,57,8.723363648131404,10.360006788683688,Sandstone,187,Yes,28,64,71,1
57,58,9.265396227998831,19.367599993040805,Shale,263,Yes,15,68,35,1
58,59,8.972697284379823,10.467457852392092,Sandstone,232,Yes,19,52,96,1
59,60,7.714826046919736,15.364198252744922,Sandstone,205,No,29,35,77,1
60,61,3.9615322217807196,10.6770360143477,Granite,252,Yes,28,45,112,1
61,62,4.938089786444086,14.548023979623617,Granite,287,No,24,31,28,0
62,63,3.3224414457738423,16.207701558981697,Limestone,251,Yes,26,53,45,1
63,64,9.515768524930799,10.28273516984165,Limestone,227,Yes,29,46,47,1
64,65,7.625589707836372,14.25062939240815,Limestone,232,No,24,30,96,1
65,66,8.224540190192691,13.628716932681428,Limestone,179,Yes,29,35,55,1
66,67,5.1810021770756025,8.852449056840095,Granite,154,Yes,18,34,28,1
67,68,8.919574655941396,17.819693812103637,Granite,268,No,25,58,66,1
68,69,4.81722298595935,12.0281888077141,Granite,180,No,21,41,97,0
69,70,3.011506299787148,14.894986370622554,Sandstone,172,No,27,68,70,1
70,71,5.634904737644858,14.177410819197613,Sandstone,197,Yes,23,32,95,1
71,72,6.995330366713514,14.159126054845308,Limestone,258,Yes,19,30,76,1
72,73,6.350934005758658,9.28666873050185,Sandstone,189,No,18,56,51,0
73,74,9.03453299803618,13.081784110991993,Shale,155,No,29,53,86,1
74,75,3.7378370016931686,13.428401110478843,Granite,187,Yes,23,48,76,1
75,76,6.876764084436079,16.803714084373382,Limestone,249,Yes,19,37,73,1
76,77,6.5908554487463515,18.080225983048383,Limestone,176,No,23,31,35,0
77,78,4.969750875205142,14.539787337200217,Shale,218,No,22,59,81,0
78,79,8.755596788039075,9.041395448779886,Sandstone,206,No,18,59,103,1
79,80,8.269940591175445,10.842193647158556,Limestone,166,No,25,68,115,1
80,81,8.130014311322817,9.979208322232772,Sandstone,220,Yes,25,61,75,1
81,82,9.133347347886893,9.495380758269498,Sandstone,196,Yes,21,30,42,1
82,83,8.059492204350647,12.39079158341369,Shale,228,Yes,19,67,36,1
83,84,4.622889042003085,10.752722025852584,Limestone,259,Yes,24,42,99,1
84,85,7.938938981547838,10.619637341738148,Sandstone,162,No,18,40,57,1
85,86,5.153919693728907,8.656318094915212,Sandstone,288,Yes,19,39,91,1
86,87,4.695222552432294,8.212040537545207,Shale,273,No,19,55,102,0
87,88,3.5110251502973915,9.233218911797382,Shale,258,Yes,25,49,49,1
88,89,8.208200062433736,10.066369753083597,Sandstone,239,Yes,29,46,77,1
89,90,7.977006733648679,13.171804746178438,Shale,235,Yes,23,46,117,1
90,91,4.641496343718656,14.126243135586137,Sandstone,241,No,26,33,97,0
91,92,8.245653117069093,9.687103018080387,Limestone,173,Yes,23,34,41,1
92,93,9.424886181654871,13.097400098290235,Granite,222,No,20,52,36,1
93,94,3.7562027024410547,12.100986107911128,Shale,153,No,28,39,34,0
94,95,4.628456468707425,10.201083721975472,Granite,262,Yes,18,57,67,1
95,96,8.251825558611209,8.082088977780362,Sandstone,195,No,29,62,51,1
96,97,4.921546714549548,13.6042143982609,Sandstone,167,Yes,16,55,96,1
97,98,7.3726478199860175,16.22782099118239,Sandstone,192,No,28,58,104,1
98,99,3.5681495712460016,10.715328009725685,Granite,242,Yes,17,56,59,1
99,100,6.165417353724771,9.581681958760152,Sandstone,252,No,16,47,116,0
100,101,8.173639953950673,18.644512933363544,Shale,273,No,19,69,76,1
101,102,7.805597601302768,11.300297269853573,Limestone,159,Yes,20,39,77,1
102,103,8.705504704730647,10.683351437511977,Limestone,222,Yes,25,34,110,1
103,104,9.142164886222183,18.28516327531899,Shale,180,Yes,19,39,118,1
104,105,8.412284508811307,17.805285190001136,Limestone,209,Yes,16,50,35,1
105,106,7.701114200572482,13.380157646295604,Granite,280,No,26,53,47,1
106,107,3.222057442712218,13.870866337133293,Sandstone,267,No,19,67,117,0
107,108,6.744766713866108,10.612984458008263,Sandstone,163,No,23,32,20,0
108,109,3.2638840744039697,8.93962004575469,Sandstone,292,No,18,69,60,0
109,110,8.65647471981216,14.881181904267933,Granite,151,Yes,26,60,67,1
110,111,5.245071671219703,9.180139059082558,Granite,173,No,24,66,50,0
111,112,6.937005618825447,13.391294563479798,Granite,213,Yes,16,31,55,1
112,113,4.956117151232318,19.28596638215613,Shale,249,No,17,31,52,0
113,114,8.477501010662056,19.43401267004701,Granite,263,Yes,17,68,52,1
114,115,9.205517686493318,10.871987438568304,Limestone,173,Yes,23,63,101,1
115,116,5.790497459491448,15.489361040547852,Shale,240,Yes,18,49,42,1
116,117,9.040456754576923,13.688915169294292,Shale,175,Yes,29,62,79,1
117,118,4.8695250521943265,18.50822153103327,Shale,214,Yes,15,33,106,1
118,119,6.742626461528667,11.25717037131264,Granite,269,No,15,40,98,0
119,120,9.011330008870928,8.044428881989003,Shale,153,Yes,29,34,109,1
120,121,5.281169398310533,9.95073447117698,Granite,150,No,21,54,49,0
121,122,9.678295855546601,12.194273614032777,Granite,199,No,21,66,108,1
122,123,3.8531565124696856,11.788653557245864,Shale,259,Yes,16,63,64,1
123,124,3.1279254880645437,17.496355029474632,Sandstone,288,No,23,38,99,1
124,125,9.328947468047335,16.166727993666054,Sandstone,223,No,23,35,58,1
125,126,3.4805406630351055,11.594675835378768,Shale,211,No,19,47,64,0
126,127,9.943224371632443,13.49292580599456,Sandstone,230,Yes,29,43,97,1
127,128,9.659778033853744,9.146709247500024,Limestone,205,Yes,29,48,100,1
128,129,3.9591463702542447,18.77775733784121,Limestone,260,Yes,17,43,31,1
129,130,6.7630923798479605,19.22509789338241,Granite,170,Yes,17,69,112,1
130,131,4.2944420822700105,19.75764242457126,Sandstone,290,No,26,46,51,1
131,132,5.9970862112108385,18.422633969430052,Limestone,158,No,17,64,75,0
132,133,3.4299759048188285,10.087530652354706,Shale,288,No,20,58,43,0
133,134,4.567472114576127,8.554357798419545,Sandstone,219,No,18,46,32,0
134,135,5.542909574792297,14.955160728952087,Limestone,278,No,22,37,39,0
135,136,6.070532501722384,18.951260322597324,Limestone,267,No,29,30,98,1
136,137,9.842473807462252,10.128216339916914,Shale,205,Yes,27,65,75,1
137,138,8.65505951978787,8.084514975489702,Granite,180,No,25,36,72,1
138,139,8.161869610183622,17.665952552386933,Shale,186,No,27,34,87,1
139,140,6.75928920319382,8.921548211440808,Granite,240,No,25,53,73,0
140,141,8.879984324230403,12.964472382920365,Limestone,263,Yes,25,57,53,1
141,142,5.375259849589978,16.14664804626542,Granite,277,No,19,46,47,1
142,143,7.962293789413213,10.841571025474162,Limestone,271,No,15,66,69,1
143,144,9.956487827647205,9.00755076136072,Limestone,218,Yes,23,49,21,1
144,145,5.202402362546391,17.240254741469943,Sandstone,185,No,15,32,113,0
145,146,7.718122744187771,15.562101018644498,Granite,181,Yes,20,66,45,1
146,147,8.910204049066678,19.861885813841656,Granite,213,Yes,15,55,70,1
147,148,9.410653083454706,12.131696399839512,Granite,197,No,17,44,66,1
148,149,8.025528836580712,8.741148635482396,Shale,230,No,29,37,45,1
149,150,4.9852554639199536,16.81220042402355,Sandstone,298,Yes,24,42,103,1
150,151,5.283975060982625,14.260801026238948,Sandstone,209,No,19,32,111,0
151,152,3.1453062248677495,10.55844717666962,Sandstone,290,No,29,30,103,0
152,153,8.326201843700566,17.380747868057114,Shale,150,Yes,24,38,94,1
153,154,3.2991772424336596,10.445065830199326,Granite,214,Yes,21,60,93,1
154,155,9.05256648221922,11.127939857995239,Granite,182,No,28,55,80,1
155,156,3.8306243013217713,9.110342652400629,Granite,187,Yes,24,46,42,1
156,157,4.20313558495147,12.793187348370253,Sandstone,174,No,22,63,56,0
157,158,6.335685295825661,13.027150687249026,Sandstone,208,No,26,38,60,0
158,159,8.165162906181196,14.174741484179581,Limestone,250,No,23,42,71,1
159,160,3.9730154363935437,16.50757120548533,Shale,276,No,20,34,102,1
160,161,6.080497525465489,18.87321114416511,Shale,190,Yes,29,42,101,1
161,162,6.379958920870734,9.652809186653704,Sandstone,206,No,25,30,68,0
162,163,4.48599949168014,8.652177180183884,Limestone,197,Yes,23,54,46,1
163,164,3.8089086367644223,8.222374803131999,Granite,221,No,22,33,25,0
164,165,8.854946460899477,9.723456536825795,Sandstone,205,No,23,65,93,1
165,166,6.517259548339359,15.895393829379511,Shale,214,Yes,24,39,85,1
166,167,3.100668651889071,16.72972493595796,Shale,161,No,18,57,43,0
167,168,8.620869109163728,17.438068562337467,Shale,218,Yes,23,35,57,1
168,169,9.865556637902094,10.924498542852112,Granite,283,Yes,29,56,47,1
169,170,7.241483367899731,11.67073775913824,Shale,238,No,21,41,47,1
170,171,6.525958709588496,13.797615746785993,Granite,174,No,19,32,85,0
171,172,9.148911041314731,8.758197162322718,Granite,150,No,19,62,80,1
172,173,9.66761752779219,15.333698278534953,Granite,280,No,15,39,65,1
173,174,8.281758411317224,19.804820404109094,Sandstone,198,Yes,16,60,88,1
174,175,6.118170508140015,12.32967573653603,Granite,296,No,24,44,94,0
175,176,7.1455497953200835,17.03416970109661,Limestone,209,No,17,36,93,1
176,177,7.906547555125995,14.000406986835296,Shale,151,No,28,65,62,1
177,178,4.35991499701261,9.533742132324592,Sandstone,222,No,28,43,78,0
178,179,6.130407225515066,14.986849385631036,Shale,294,No,22,43,21,0
179,180,8.808748853020994,11.598491221328779,Granite,259,Yes,20,32,34,1
180,181,7.5830774394891005,8.412838501441499,Sandstone,210,No,26,32,56,1
181,182,5.878428470482978,15.619156761412926,Limestone,166,Yes,24,51,90,1
182,183,7.643537738102769,18.30718819189673,Granite,198,No,25,48,39,1
183,184,3.827556884507219,12.13723720279849,Shale,225,No,27,64,117,1
184,185,5.810483273954134,12.683546566553247,Limestone,297,No,29,41,54,0
185,186,8.551899765741394,18.692260195606536,Granite,280,Yes,28,34,53,1
186,187,4.543561509956536,17.763305760408272,Limestone,192,No,19,39,105,0
187,188,4.301730552901924,16.579433882621323,Granite,206,Yes,27,62,50,1
188,189,9.65573061941502,10.985564765037775,Sandstone,199,Yes,15,42,106,1
189,190,4.469283407103615,18.922599859599735,Granite,186,No,26,64,38,1
190,191,4.8264300575511765,9.852989090470556,Sandstone,195,Yes,25,61,87,1
191,192,9.787311572330365,15.521246233006663,Granite,164,No,26,40,43,1
192,193,8.142959991855179,8.345614166558224,Granite,229,No,23,67,103,1
193,194,7.8971757311646975,15.72463767589935,Shale,288,Yes,17,53,58,1
194,195,8.970484686982068,11.325732222480319,Limestone,297,No,17,64,111,1
195,196,3.81076157565756,13.39612372620464,Limestone,173,No,16,48,73,0
196,197,7.94169365606005,12.143174624684637,Limestone,274,Yes,18,35,58,1
197,198,6.525820265297672,10.07308107495452,Granite,267,Yes,26,69,36,1
198,199,8.80405448198898,15.463769481126489,Granite,229,Yes,16,64,38,1
199,200,6.55699203065636,18.583706661687287,Granite,243,Yes,27,33,67,1
200,201,7.341689479882385,19.50901090738884,Sandstone,214,Yes,23,62,54,1
201,202,6.344194884796751,10.30815635784698,Sandstone,237,Yes,26,42,51,1
202,203,6.347112464890909,16.608473288755683,Shale,237,No,24,65,66,0
203,204,8.37578984643282,15.972072399268187,Granite,294,Yes,21,48,66,1
204,205,7.399964804530982,12.12053347489487,Limestone,275,Yes,22,41,83,1
205,206,7.432842411265873,8.22919039224471,Limestone,238,No,17,40,65,1
206,207,6.151977386820681,16.277494967754393,Shale,210,No,20,35,54,0
207,208,6.717766474362693,19.345938326714002,Limestone,164,Yes,29,41,113,1
208,209,8.220023663433512,15.585441462987816,Shale,243,Yes,24,56,36,1
209,210,8.781586433783428,13.22351269025161,Granite,200,No,20,54,61,1
210,211,7.875929815008323,14.301846729339541,Limestone,176,Yes,27,32,48,1
211,212,9.468510921919782,10.395545691919011,Granite,223,Yes,15,32,89,1
212,213,8.742268617030406,17.00652996504485,Sandstone,210,No,20,49,36,1
213,214,6.93304652866663,16.95703796011819,Limestone,180,Yes,27,57,100,1
214,215,7.699842508506158,9.746207604649099,Sandstone,161,No,28,52,33,1
215,216,9.484157938448373,18.53574058999591,Limestone,195,Yes,17,32,43,1
216,217,7.334176309701409,11.230276873679664,Granite,181,No,25,53,76,1
217,218,8.773648635858816,19.787072731239377,Shale,210,No,17,69,69,1
218,219,7.82167352512991,12.59483616844695,Granite,195,No,17,35,76,1
219,220,6.863554527423266,10.134608704813996,Granite,234,Yes,24,49,80,1
220,221,4.692867367907471,12.220641336147828,Granite,229,No,25,40,58,0
221,222,5.981982636278997,13.282163944366317,Limestone,284,Yes,29,61,74,1
222,223,9.77419977383601,8.831693276459538,Shale,153,No,25,56,115,1
223,224,7.6043576829082005,14.938620574679474,Sandstone,201,No,29,50,55,1
224,225,6.950767662372927,15.171589278426804,Granite,261,No,24,42,56,1
225,226,9.530696378697591,16.86716546419367,Limestone,185,Yes,25,51,33,1
226,227,7.105582467262141,8.35003870748892,Sandstone,203,Yes,22,64,46,1
227,228,6.682577628921821,14.494858573205962,Granite,268,No,27,51,102,1
228,229,8.315175986051436,8.634889199247972,Sandstone,276,Yes,19,57,50,1
229,230,7.9886593329058115,16.41373063959984,Granite,166,Yes,18,50,92,1
230,231,4.352120058859029,8.668735828411814,Sandstone,224,Yes,27,47,100,1
231,232,6.299157922018848,18.940734180099593,Sandstone,254,No,23,60,102,1
232,233,6.307608099737097,16.42499080261396,Shale,299,Yes,23,66,63,1
233,234,5.647571606703414,14.088677181021886,Shale,266,No,15,50,87,0
234,235,6.621054375065771,13.298047079374099,Granite,192,No,16,43,67,0
235,236,5.89175178409001,9.568071564959148,Limestone,261,No,22,54,76,0
236,237,4.395418426298281,11.491992674775958,Shale,264,Yes,19,56,94,1
237,238,5.886565410922767,18.427509260250755,Sandstone,176,No,21,69,41,0
238,239,3.505938633012236,18.853433738749928,Shale,186,Yes,15,52,23,1
239,240,7.030501039420881,8.008972500446372,Shale,195,Yes,26,60,100,1
240,241,8.975581842587783,15.129636697730614,Granite,262,No,24,58,91,1
241,242,8.077009590481886,16.631607308301362,Shale,184,No,26,59,65,1
242,243,5.5227582803787785,15.424963789491276,Shale,281,No,19,55,78,1
243,244,3.6094984390411575,8.980157178396247,Sandstone,229,Yes,25,49,53,1
244,245,4.415045794576895,10.612698785586826,Shale,229,Yes,26,67,30,1
245,246,6.81843238346385,11.004083208576633,Sandstone,270,No,17,48,50,0
246,247,4.44939958368123,17.980695575661077,Shale,296,No,24,56,30,1
247,248,6.807811778994773,13.558393235707046,Shale,271,Yes,26,54,75,1
248,249,4.621193173347292,13.841938543294841,Limestone,230,Yes,26,69,57,1
249,250,8.94246708633251,19.2187165586541,Shale,299,No,28,67,40,1
250,251,5.780900309883219,15.645030666256586,Sandstone,268,Yes,16,52,113,1
251,252,4.718854381611438,18.784012418631967,Sandstone,207,Yes,16,58,29,1
252,253,8.686283261729432,13.478106264098395,Granite,212,Yes,23,44,45,1
253,254,5.399872753638155,9.79323510221953,Granite,249,Yes,27,32,110,1
254,255,3.7804138148714737,19.15922712888903,Limestone,215,Yes,18,39,27,1
255,256,6.992866439825491,13.504461388010458,Sandstone,294,Yes,18,44,27,1
256,257,7.070949431065921,10.179577062545862,Sandstone,234,No,21,45,79,1
257,258,8.00286972665014,11.628748883647066,Sandstone,286,Yes,24,46,91,1
258,259,4.681536032458699,8.609631076267307,Limestone,293,No,24,48,53,0
259,260,6.106399373645716,13.61960709747662,Sandstone,272,No,27,40,35,0
260,261,4.976575433298594,18.237538062922837,Granite,151,Yes,16,34,32,1
261,262,3.566676152809817,19.202965472080272,Limestone,255,No,17,34,106,1
262,263,9.136296789111242,19.191226490043725,Granite,257,No,17,43,95,1
263,264,8.102088631418388,9.50276030754496,Granite,221,No,20,55,110,1
264,265,5.110241416211605,12.584646590132683,Limestone,275,Yes,17,37,41,1
265,266,7.195610950103904,8.338745115808477,Shale,206,No,25,34,115,1
266,267,4.408846516941307,18.261984139657674,Shale,230,Yes,19,36,46,1
267,268,9.231656352570397,12.305069144255285,Granite,290,No,18,45,83,1
268,269,3.804344403533372,15.573404334706817,Shale,168,No,17,43,21,0
269,270,3.0268600185546064,16.578781256927464,Sandstone,156,No,22,66,116,0
270,271,6.514057384174275,13.158136036917865,Limestone,286,No,28,33,45,0
271,272,7.081894764170085,11.677308038602916,Granite,203,Yes,24,65,111,1
272,273,7.052757242070631,19.546554921391337,Sandstone,253,No,17,46,102,1
273,274,3.381583492064784,19.57385870028625,Shale,235,No,20,65,88,0
274,275,5.1983066484290275,11.473236416360264,Sandstone,231,Yes,27,35,116,1
275,276,6.494392627889322,13.755501160933497,Shale,210,Yes,29,45,103,1
276,277,4.516054299390686,19.674129903920267,Granite,236,Yes,21,58,49,1
277,278,9.108381198401275,8.058420891866039,Sandstone,151,No,21,65,27,1
278,279,3.609765026230038,12.95213898054979,Limestone,180,Yes,16,67,57,1
279,280,6.4116910917043,9.205490596171622,Granite,182,Yes,28,66,80,1
280,281,7.839912402592065,14.109895586751232,Sandstone,229,Yes,17,39,100,1
281,282,4.832257700941377,8.296039454485847,Sandstone,160,Yes,26,65,84,1
282,283,7.369685158982627,12.882781176687534,Shale,277,Yes,24,58,86,1
283,284,8.805696050996623,10.648388897424022,Granite,284,Yes,24,43,65,1
284,285,4.332358825665333,14.39970034950489,Granite,277,No,29,33,109,0
285,286,9.42054414277404,19.951923789208394,Granite,180,Yes,18,65,114,1
286,287,6.874909728636506,17.606433261520973,Granite,275,No,21,42,91,1
287,288,5.094624030107424,18.147705099493056,Shale,196,Yes,16,47,62,1
288,289,6.016007927675895,15.62317984830897,Limestone,256,Yes,17,62,78,1
289,290,5.185343186504715,8.498718179267103,Granite,168,Yes,21,50,65,1
290,291,8.075778119533211,10.48157211252973,Shale,230,No,21,45,91,1
291,292,8.574104643905926,19.10077467736466,Limestone,272,Yes,29,44,54,1
292,293,8.830561746230627,12.393357415145015,Limestone,283,Yes,24,34,58,1
293,294,9.900377747100189,9.243640717769548,Shale,256,Yes,17,35,111,1
294,295,8.538990047476783,16.428864390394423,Granite,198,Yes,26,67,70,1
295,296,7.209688494819943,11.593492687211056,Limestone,222,No,15,32,23,1
296,297,5.374542088742487,11.22628295485006,Granite,199,No,26,41,99,0
297,298,6.8121681409752455,19.975729466699125,Granite,230,No,17,65,96,0
298,299,3.287477209532838,18.297667100319853,Sandstone,244,No,19,62,103,0
299,300,8.213775528709391,12.895253820414093,Granite,161,No,21,65,70,1
300,301,6.1216888156447125,19.76313449379799,Sandstone,172,Yes,18,62,24,1
301,302,3.1401626081253133,15.801358681030564,Limestone,203,Yes,27,60,74,1
302,303,3.4375485905728755,16.90426942255712,Shale,267,Yes,27,50,39,1
303,304,5.712265246752296,8.37815651698654,Sandstone,208,No,25,56,43,0
304,305,7.083950633129046,9.459263112176686,Shale,152,Yes,25,56,55,1
305,306,6.249427642664887,15.597021517954861,Limestone,207,No,29,37,53,0
306,307,7.334430221045084,18.788287791793806,Granite,206,Yes,15,66,73,1
307,308,6.36205981153949,15.484924713051148,Limestone,294,No,20,61,53,1
308,309,7.631926918369428,9.608298731827901,Shale,239,Yes,16,55,102,1
309,310,4.533882452695606,9.389120554955895,Limestone,204,Yes,26,31,36,1
310,311,3.78990231028535,18.13023074988898,Granite,194,Yes,17,41,24,1
311,312,7.17503768237962,9.671628064494971,Limestone,150,Yes,18,51,108,1
312,313,6.392826618554152,14.242783526048305,Granite,170,No,20,46,37,0
313,314,3.188073578314547,8.445359839547628,Sandstone,170,Yes,20,36,74,1
314,315,5.663373198451251,8.968037208694128,Shale,201,Yes,21,33,72,1
315,316,3.742879098436968,16.06817921171438,Granite,231,Yes,19,66,69,1
316,317,6.719497822268867,16.2701769251302,Granite,216,No,21,67,91,0
317,318,5.770443757623015,12.097632879301308,Limestone,262,Yes,16,61,110,1
318,319,7.292063377721125,10.587317182916538,Sandstone,193,Yes,15,40,98,1
319,320,8.639215531391669,17.764523249087695,Granite,159,Yes,26,30,64,1
320,321,5.097680786890436,10.605238753638684,Sandstone,213,Yes,24,54,32,1
321,322,9.734714729155193,14.504324835996556,Sandstone,218,Yes,22,53,35,1
322,323,6.749441504113021,19.618506090354867,Limestone,217,No,15,46,105,0
323,324,7.328035591283516,9.774229254348604,Granite,177,No,26,37,103,1
324,325,7.764706612580159,19.29051520993651,Limestone,265,No,16,56,32,1
325,326,7.667120709003129,10.194716636824024,Shale,200,Yes,25,47,39,1
326,327,6.576795201315434,14.809318496278754,Shale,153,No,26,56,85,1
327,328,6.001350037802784,12.524092543504935,Granite,228,Yes,24,51,118,1
328,329,3.3764737492416455,19.579143218021912,Sandstone,166,Yes,20,45,66,1
329,330,3.154600917108258,11.282504348023243,Granite,257,Yes,15,31,38,1
330,331,5.505728361729353,12.795896025029045,Granite,223,Yes,24,34,64,1
331,332,5.335626234435848,19.794321414265045,Shale,172,No,17,47,56,0
332,333,5.713866083873047,14.437644694261678,Shale,167,No,21,32,73,0
333,334,3.9685774062173302,14.031561387455042,Sandstone,278,No,26,56,25,1
334,335,8.167177893757906,11.093341858447896,Sandstone,184,Yes,22,46,33,1
335,336,8.998750903433674,16.4163627237253,Granite,213,No,18,45,23,1
336,337,9.571002447618245,8.172475421333331,Limestone,208,No,26,35,105,1
337,338,6.446536124637381,8.594151556427523,Granite,150,Yes,17,36,74,1
338,339,7.906059893878,15.192303045629632,Sandstone,280,No,15,43,119,1
339,340,8.988857864051107,12.100094885821449,Limestone,216,Yes,26,67,53,1
340,341,5.928037777654401,19.439796466411526,Shale,186,No,23,69,46,0
341,342,5.165889564093111,18.83828828867343,Sandstone,178,No,24,44,26,0
342,343,9.55707189097443,16.564475104120486,Sandstone,238,No,20,62,22,1
343,344,6.609735857539512,17.817746973533616,Limestone,249,Yes,20,56,66,1
344,345,6.480777206136146,16.00798219601232,Sandstone,271,No,23,58,116,1
345,346,4.248912675944471,9.506985232521927,Sandstone,239,No,15,66,21,0
346,347,3.757085102013497,17.18652043627043,Sandstone,281,No,20,34,99,1
347,348,8.89474803738458,10.522303624626156,Sandstone,163,No,26,58,44,1
348,349,7.298932233312627,11.88131426120236,Sandstone,299,Yes,19,61,79,1
349,350,5.280772088136141,17.830810545229042,Sandstone,280,Yes,27,35,98,1
350,351,4.342153521731865,14.438307300721378,Sandstone,234,No,25,31,43,0
351,352,6.88848096118742,18.31928857020091,Sandstone,170,No,29,35,34,0
352,353,7.087435024827947,10.55642383811917,Shale,175,No,20,33,114,1
353,354,4.448955208715407,15.293341263282645,Sandstone,190,Yes,28,58,33,1
354,355,8.959840235240318,9.00549167057914,Shale,271,No,25,54,73,1
355,356,3.5898505630909576,15.716731922480356,Shale,187,No,22,38,97,0
356,357,5.492651596164952,17.15040845330642,Granite,237,Yes,19,32,25,1
357,358,7.762690896337655,15.01917072774466,Granite,160,Yes,16,55,97,1
358,359,4.918842546734405,11.194778017985723,Shale,178,Yes,26,56,100,1
359,360,8.793726363468902,8.376112026306402,Shale,209,No,26,65,37,1
360,361,8.179074786202825,9.433386607571428,Sandstone,210,Yes,16,61,39,1
361,362,8.52315991183694,15.467635748888314,Granite,296,Yes,24,30,81,1
362,363,3.833745751137014,19.213042602110164,Limestone,171,No,19,45,100,0
363,364,3.9838298959688005,10.478412847664076,Granite,227,Yes,17,40,99,1
364,365,5.005316164212085,16.820313789261185,Shale,262,No,24,55,59,1
365,366,6.626540156382927,18.397412758988498,Shale,272,No,17,69,58,1
366,367,8.236112536895817,14.250586141370132,Sandstone,291,Yes,22,30,71,1
367,368,8.855716235326325,16.03118955012389,Sandstone,193,No,21,55,51,1
368,369,7.930347211700263,17.780183800113775,Granite,293,Yes,15,57,92,1
369,370,9.500178170714468,11.128101892887123,Sandstone,246,Yes,26,38,46,1
370,371,8.171204567311513,11.562748091216516,Limestone,226,Yes,27,51,71,1
371,372,5.143875209032303,8.007530199541474,Limestone,289,No,26,37,116,0
372,373,4.855568990370008,19.55712957077363,Sandstone,204,Yes,19,56,82,1
373,374,7.8733471521076295,19.01053873515614,Limestone,200,No,23,68,93,1
374,375,4.3500939808273,17.174819165113163,Limestone,251,No,18,48,82,1
375,376,3.649003675671889,8.948912251719777,Granite,178,No,15,54,36,0
376,377,6.725560123993358,13.370034676394098,Limestone,218,Yes,22,67,68,1
377,378,8.751490988452687,9.222701047658633,Shale,229,No,19,50,119,1
378,379,3.709658897289045,8.191043207153584,Shale,180,No,16,53,100,0
379,380,8.543239266570104,15.394195582551168,Granite,261,Yes,29,53,101,1
380,381,8.681004030460837,19.52995300496226,Sandstone,195,Yes,26,48,42,1
381,382,6.375918000570804,18.834416281185803,Granite,246,No,15,31,117,0
382,383,3.4011721700734077,16.36105777922485,Sandstone,201,No,28,43,91,0
383,384,4.222128958730305,9.159687009978457,Sandstone,287,Yes,26,61,32,1
384,385,7.951983926133527,11.289968452067601,Sandstone,223,No,26,61,42,1
385,386,7.982445614936647,11.840680722623492,Sandstone,190,No,26,57,76,1
386,387,9.288486926173658,17.157800692946736,Sandstone,226,No,17,68,81,1
387,388,7.07880302588208,17.62699015082137,Granite,280,No,23,69,73,1
388,389,3.868751573996442,12.621273475879045,Sandstone,263,Yes,15,69,39,1
389,390,3.849904338534805,13.014607959411316,Limestone,201,No,18,42,105,0
390,391,8.047926501497766,8.534108471314056,Limestone,236,Yes,22,41,71,1
391,392,4.286492655755308,11.469640621025132,Sandstone,258,No,22,37,42,0
392,393,5.298698497316238,13.415422126131679,Limestone,290,Yes,24,44,54,1
393,394,6.410484048453397,9.40379655662309,Shale,218,No,26,55,86,1
394,395,3.1733541430330585,13.439209529060257,Granite,269,Yes,25,41,53,1
395,396,4.741733189139524,18.238109747093603,Granite,216,No,27,56,52,1
396,397,5.8552272595509605,14.97585223670064,Sandstone,210,Yes,25,47,65,1
397,398,4.957454229452444,8.947158260460949,Sandstone,220,No,22,65,100,0
398,399,3.954592292272961,10.300055825963291,Shale,179,No,24,56,64,0
399,400,8.09608580457338,13.694532201902675,Sandstone,295,Yes,22,38,38,1
400,401,8.692033586175896,12.337845797861744,Limestone,245,Yes,18,68,113,1
401,402,4.802352833006074,12.304724234553184,Shale,205,Yes,22,30,106,1
402,403,8.420936462244123,14.351209377723082,Limestone,202,Yes,23,36,34,1
403,404,5.698874950809197,15.012751059073489,Granite,156,Yes,21,55,97,1
404,405,6.5468005359780195,17.562338843314294,Limestone,246,No,28,36,85,0
405,406,8.99200752425207,12.091598761549816,Granite,262,Yes,26,36,58,1
406,407,8.249675772616854,17.665595396487042,Limestone,274,Yes,16,37,37,1
407,408,8.635817959213245,12.06333474935159,Granite,281,No,23,45,89,1
408,409,3.9579161661044977,8.665195867294806,Sandstone,270,Yes,25,32,78,1
409,410,3.4880359808361066,14.650251812057494,Limestone,187,Yes,22,39,51,1
410,411,9.25383310361591,15.054827898737773,Granite,271,Yes,27,36,40,1
411,412,5.714839886997661,19.214482947462322,Limestone,175,No,19,50,59,0
412,413,5.015157746487766,16.712735912749693,Shale,278,Yes,29,66,111,1
413,414,8.072873779832772,19.013271829933274,Sandstone,153,No,26,60,46,1
414,415,8.854909176058996,18.900166522916116,Granite,188,No,17,52,21,1
415,416,9.037427353288106,15.254889323098906,Shale,203,Yes,21,56,116,1
416,417,5.211979987876592,14.333144784037371,Limestone,182,No,28,51,99,1
417,418,8.965486738411718,14.689291605963199,Shale,169,Yes,28,68,58,1
418,419,3.286537610620418,19.739969692126973,Limestone,165,Yes,29,56,105,1
419,420,3.3476304402180324,17.278012300963507,Sandstone,298,Yes,16,33,75,1
420,421,7.364634366219081,9.27519085750875,Shale,276,Yes,27,53,32,1
421,422,3.4417445838088234,17.3411408813768,Sandstone,236,Yes,17,52,75,1
422,423,5.272264179571131,10.04645658677871,Granite,231,No,26,48,85,0
423,424,7.709291903728468,13.368206588067508,Limestone,211,No,23,32,97,1
424,425,5.360868272379584,10.525516066118412,Limestone,180,No,18,56,75,0
425,426,4.257198470080672,16.27499678639876,Sandstone,191,No,18,32,47,0
426,427,4.969454352976891,18.52771683431643,Sandstone,161,Yes,17,57,83,1
427,428,6.203027325753022,11.48434262440017,Granite,214,Yes,19,46,90,1
428,429,6.3277009874883765,8.984128894498252,Shale,222,No,17,60,101,0
429,430,8.481001619430414,11.581917176899559,Limestone,280,Yes,23,39,83,1
430,431,8.251072606020587,16.068342295186334,Limestone,264,No,29,51,75,1
431,432,6.197724631892946,11.945121530653399,Granite,286,No,17,59,60,0
432,433,8.9196714436914,11.337346010645641,Granite,255,No,16,50,119,1
433,434,3.799659970139771,10.21322228701118,Sandstone,165,No,26,65,60,1
434,435,4.7874734516023105,13.970197122493202,Sandstone,227,Yes,19,52,119,1
435,436,8.79583524451576,11.31138593788625,Shale,274,Yes,20,67,23,1
436,437,5.645958270383072,16.772124189673796,Granite,280,No,15,41,76,1
437,438,9.868270911556895,8.919468823906433,Shale,290,No,28,54,49,1
438,439,6.263772970694848,15.96839639733581,Granite,279,No,26,49,107,1
439,440,8.543549360746349,10.850720174813238,Limestone,261,No,25,36,103,1
440,441,5.816149289676604,13.871351132619237,Granite,276,No,20,58,65,0
441,442,5.974674633437013,11.433079064375127,Granite,170,Yes,24,58,75,1
442,443,5.680182030989284,16.673224112129546,Limestone,296,No,17,42,50,1
443,444,8.033529343575683,19.34368448301964,Granite,238,No,18,32,107,1
444,445,6.832625188419961,19.00492135363776,Shale,196,Yes,20,31,26,1
445,446,9.606446779578583,15.001114581729093,Sandstone,299,Yes,22,45,109,1
446,447,4.756232215738733,13.55132363908374,Sandstone,234,Yes,29,59,96,1
447,448,3.7039391245841102,17.81960611327258,Shale,277,Yes,23,67,73,1
448,449,5.752830395694506,16.19991635153276,Limestone,221,Yes,20,35,27,1
449,450,7.3169889535274315,10.202769370603194,Granite,191,Yes,21,36,74,1
450,451,9.025592558408466,17.851030563356005,Shale,158,Yes,29,34,88,1
451,452,5.423378206762294,13.146612672736522,Sandstone,174,Yes,28,36,63,1
452,453,7.576507257871231,10.267827919654101,Sandstone,151,Yes,19,63,32,1
453,454,5.4513907671625335,11.38156820475791,Shale,168,No,28,61,112,1
454,455,7.3205370809612065,11.210324362980108,Sandstone,169,Yes,26,42,39,1
455,456,9.193655629214557,14.23048369524152,Shale,219,No,29,59,97,1
456,457,4.619503495815863,10.812441088134506,Sandstone,166,No,23,54,51,0
457,458,5.829691494749274,9.482797848818914,Shale,273,No,18,50,79,0
458,459,9.952856375008226,9.48429020736513,Granite,238,No,24,50,69,1
459,460,9.079899197746226,14.999314365669159,Granite,243,No,25,57,46,1
460,461,6.952479005273414,16.817111466192543,Granite,233,No,20,49,44,0
461,462,6.616393142979927,11.85839610606009,Granite,280,No,19,63,71,0
462,463,4.9922026761327665,8.415808517768205,Sandstone,236,No,15,34,87,0
463,464,6.620465993854706,9.526698643244128,Limestone,200,Yes,19,47,40,1
464,465,8.93727048795963,18.976334724044683,Shale,231,No,27,68,37,1
465,466,7.796221592944464,13.922523915073436,Limestone,157,No,19,40,58,1
466,467,5.0303081972459065,13.442873715382097,Sandstone,270,No,28,46,34,0
467,468,4.410247447374731,8.45659013972109,Sandstone,153,No,23,51,72,0
468,469,4.856459758977804,16.74364426780279,Limestone,235,Yes,15,66,57,1
469,470,4.188314409749786,14.336816971184946,Limestone,277,No,29,49,67,0
470,471,3.6694848721660116,10.42497123303825,Sandstone,259,Yes,19,35,71,1
471,472,5.933953221094384,9.320885122172687,Sandstone,248,Yes,29,63,107,1
472,473,3.7930972307878736,12.600654363583981,Shale,186,No,21,43,91,0
473,474,4.20338790408973,18.045943570340306,Granite,220,No,25,52,47,0
474,475,6.831272790376403,18.38353471041229,Granite,182,Yes,20,49,104,1
475,476,4.152194915897023,15.234156564747638,Shale,180,No,20,42,35,0
476,477,3.44715837201632,16.730437126761714,Limestone,274,No,26,61,35,1
477,478,5.221721950195196,9.381869448834443,Sandstone,161,Yes,21,55,54,1
478,479,4.542233690353773,15.057512785614257,Limestone,160,Yes,20,43,36,1
479,480,6.607136315960638,16.003588441846183,Granite,237,No,19,65,92,0
480,481,3.716569592082465,10.408554114965506,Granite,221,No,24,37,118,0
481,482,8.262395513780847,18.56185679492311,Limestone,181,No,19,69,71,1
482,483,9.34363463604597,10.339960850252236,Granite,206,Yes,23,51,112,1
483,484,8.20404621769336,11.761728318157406,Sandstone,235,No,28,51,101,1
484,485,6.72978926180976,15.446682164281503,Shale,168,Yes,22,45,31,1
485,486,9.024674752522195,15.660200781568768,Limestone,265,Yes,28,56,102,1
486,487,7.864428658470553,16.392616891848405,Sandstone,163,No,26,39,67,1
487,488,3.073857857151329,9.344140556818468,Sandstone,182,Yes,29,54,41,1
488,489,5.758631069421522,18.193573159142666,Granite,159,No,24,60,68,0
489,490,8.956663295847601,14.394165587399119,Sandstone,229,No,28,50,71,1
490,491,5.421012005826885,13.65586152926082,Limestone,213,Yes,18,56,98,1
491,492,3.2465062146786643,19.773171494162114,Sandstone,217,No,18,46,20,0
492,493,8.223257469865906,16.884539563292236,Shale,241,Yes,24,62,85,1
493,494,8.61426789198008,9.416072319432498,Sandstone,274,Yes,19,60,83,1
494,495,4.12415586530316,17.078470006714888,Sandstone,229,No,27,55,27,1
495,496,6.761383477902268,9.142987207674434,Shale,208,No,27,50,105,0
496,497,4.34368807297008,8.329646750155819,Sandstone,246,No,17,65,44,0
497,498,8.034640933309028,12.843510743238765,Sandstone,168,No,29,30,85,1
498,499,4.9008531862424,19.922938073830622,Granite,298,Yes,22,33,92,1
499,500,5.213505857943311,10.098607234338353,Limestone,171,Yes,21,33,92,1
500,501,8.91479597548071,16.071732122321478,Granite,158,Yes,19,55,96,1
501,502,6.33425646544833,10.080752794473433,Limestone,158,No,24,33,89,0
502,503,7.688281158527735,16.69744369950063,Shale,176,Yes,17,38,113,1
503,504,5.816611355057273,14.064244018853913,Shale,166,Yes,29,59,98,1
504,505,5.086048000356287,16.159660521072517,Shale,194,No,19,33,70,0
505,506,7.37834642297263,10.434478110970815,Limestone,157,No,17,34,72,1
506,507,4.0840030185517495,16.947539990246025,Limestone,295,No,24,52,34,1
507,508,5.610998848968041,19.94742871547248,Limestone,274,Yes,19,45,69,1
508,509,4.463259261701456,15.987806007511518,Shale,272,No,15,51,90,1
509,510,7.8705647685852185,13.921759976874533,Limestone,182,Yes,20,66,94,1
510,511,9.609461868422752,19.07808786343118,Sandstone,150,Yes,24,37,57,1
511,512,9.968576776111064,8.190222106782516,Granite,155,Yes,18,62,59,1
512,513,6.151937673091135,16.759082231429854,Shale,190,Yes,18,67,85,1
513,514,4.767712727455111,18.664958201765756,Granite,154,Yes,22,45,58,1
514,515,6.099805592690268,8.74009500345149,Sandstone,229,No,16,34,93,0
515,516,8.930885869739067,13.400770044989098,Limestone,167,Yes,18,45,36,1
516,517,4.442039749864279,10.456633447399987,Granite,231,No,29,36,26,0
517,518,9.664669561570467,14.798217987053961,Sandstone,214,Yes,16,30,58,1
518,519,5.393060381587057,15.794515503243925,Sandstone,232,Yes,15,38,87,1
519,520,9.900625616152134,11.63147819514506,Granite,285,No,24,47,54,1
520,521,8.870262212737735,13.51978003613721,Shale,280,Yes,27,32,70,1
521,522,8.659993739031732,11.352073823318714,Granite,174,Yes,27,53,66,1
522,523,5.225332716412985,12.432693973461365,Shale,218,No,17,57,55,0
523,524,3.061440483635506,9.914479480261083,Limestone,231,No,26,39,83,0
524,525,5.6749303617819145,18.626713323027577,Shale,266,Yes,22,38,114,1
525,526,5.112665587638856,8.120124926709638,Limestone,244,Yes,20,42,108,1
526,527,3.261778932861581,18.588910237325464,Granite,182,Yes,26,64,32,1
527,528,6.537556795541508,14.860146540196862,Limestone,260,No,21,52,37,0
528,529,5.821219178979156,11.97989413012421,Sandstone,295,Yes,16,46,40,1
529,530,7.441895274190673,16.676685505523956,Limestone,274,No,20,36,84,1
530,531,7.348304255358583,14.093025822351972,Shale,165,No,28,45,119,1
531,532,3.8452264512767607,13.989303897291279,Shale,229,Yes,22,69,27,1
532,533,9.838758822886359,9.321707395027598,Shale,187,No,22,65,67,1
533,534,4.308520006090129,12.674192311344903,Limestone,284,Yes,18,49,104,1
534,535,6.116918173352932,10.89277215028084,Shale,227,Yes,20,53,62,1
535,536,6.416822804036144,8.188350867155355,Shale,212,No,28,34,72,0
536,537,8.691439580498841,12.32119556938536,Sandstone,261,No,19,35,104,1
537,538,3.6946071726625274,9.077865553107257,Limestone,238,No,23,57,46,0
538,539,6.000509954459723,11.081960452702223,Sandstone,187,No,22,34,38,0
539,540,7.399515191653427,9.110199454197133,Shale,299,No,16,68,42,1
540,541,4.506089351368389,9.211299506676786,Shale,293,No,26,67,69,1
541,542,7.39227529136251,10.38813553298226,Shale,201,Yes,27,31,70,1
542,543,9.465653862847569,19.998190933836803,Limestone,178,Yes,21,68,62,1
543,544,9.982626918208725,8.026209714286985,Granite,293,Yes,21,50,118,1
544,545,3.22715753753473,15.664071633444863,Shale,225,No,25,69,70,0
545,546,4.649117597712743,9.694924376318689,Shale,294,No,28,66,88,1
546,547,5.172149810541882,19.04753764052931,Shale,213,No,28,47,60,0
547,548,5.793882703114763,9.12359472000355,Shale,240,Yes,26,41,91,1
548,549,4.695800103093372,19.46075824551484,Limestone,238,Yes,15,46,30,1
549,550,4.424415961887187,15.331116649801736,Granite,162,No,15,66,99,0
550,551,9.6818768969225,8.015216922985882,Granite,221,No,26,67,107,1
551,552,9.429651219393625,18.728086375001674,Granite,154,No,18,44,104,1
552,553,3.328947507021822,14.26054161640302,Shale,161,No,19,36,71,0
553,554,5.371691151233938,11.152036823965815,Shale,152,Yes,29,43,42,1
554,555,5.836039875748846,17.207350130187564,Granite,182,Yes,18,30,68,1
555,556,4.673101742661603,19.119986646642438,Granite,270,Yes,21,67,57,1
556,557,7.402110278917228,13.804289877761526,Shale,199,No,17,32,66,1
557,558,7.482665226509687,11.78664169331733,Shale,286,Yes,21,66,91,1
558,559,8.953529598300179,17.467341487219123,Sandstone,178,No,27,60,26,1
559,560,8.186084878696525,16.181425973461458,Sandstone,188,No,22,42,85,1
560,561,6.798013288761689,18.665029805003268,Sandstone,240,No,20,47,113,0
561,562,7.575107390310939,16.310168153134313,Granite,249,Yes,20,46,96,1
562,563,4.917921470801127,10.922340066794435,Limestone,166,Yes,22,46,81,1
563,564,7.151393329771503,19.17991099710823,Shale,205,No,22,40,106,1
564,565,6.4245907832494344,9.258028966471896,Sandstone,195,Yes,21,49,48,1
565,566,3.9334112712145926,11.215313001282174,Limestone,216,No,20,39,57,0
566,567,4.697809936080795,14.242335292686628,Shale,291,No,20,58,103,0
567,568,5.0418541550511025,14.788904312850818,Limestone,216,No,24,63,52,0
568,569,9.470166969367906,8.183727039522864,Granite,172,Yes,25,46,48,1
569,570,4.612706475701226,17.36687270985128,Granite,243,Yes,27,42,98,1
570,571,5.0247073197376775,12.339287821104675,Granite,203,No,27,68,42,1
571,572,5.585478910626026,12.877022492025654,Sandstone,287,Yes,20,56,22,1
572,573,7.6461991703777095,17.71243453324335,Shale,226,Yes,22,55,112,1
573,574,3.8276687473049837,12.551400700730534,Granite,165,Yes,15,57,64,1
574,575,9.677616487456433,8.566698517937057,Sandstone,190,Yes,19,42,27,1
575,576,9.058998540663351,10.117277245644203,Sandstone,247,No,17,41,105,1
576,577,7.040512511062651,19.47083806865819,Sandstone,277,Yes,26,57,48,1
577,578,7.718265071974697,8.84486434883017,Sandstone,210,No,22,31,21,1
578,579,3.116623298709512,12.259174411616195,Granite,235,No,25,66,69,0
579,580,5.372613427439141,14.038150004616135,Sandstone,267,Yes,20,63,84,1
580,581,8.569621614630094,13.919369928062721,Granite,249,No,28,52,39,1
581,582,3.542380816546701,8.047519316145713,Granite,198,No,16,58,71,0
582,583,4.976196839475041,14.013952777489884,Sandstone,151,Yes,29,64,104,1
583,584,7.097077798340179,12.60526949572891,Granite,269,No,27,40,56,1
584,585,4.794891193892592,19.664952025694685,Shale,272,No,21,62,91,1
585,586,9.537845819011634,9.909909007925958,Shale,235,Yes,21,40,46,1
586,587,3.9174104156300324,12.249850361113939,Limestone,226,Yes,27,38,66,1
587,588,8.581760505354449,13.033777821077837,Shale,285,Yes,19,43,118,1
588,589,6.555640843344857,12.688322445211385,Granite,208,Yes,22,38,25,1
589,590,8.252315430739692,15.989969931822351,Granite,161,Yes,28,68,79,1
590,591,5.175007298180132,10.586154290573226,Shale,153,No,19,32,64,0
591,592,6.6014272161842715,10.652858633767902,Sandstone,266,No,15,58,63,0
592,593,8.997847448062235,16.750531382010237,Sandstone,244,Yes,23,48,102,1
593,594,6.2681466938617305,14.003486224138156,Granite,274,Yes,18,65,37,1
594,595,5.518039033371887,12.981868112687724,Sandstone,190,No,27,61,84,1
595,596,6.753087703769152,10.030436620127022,Limestone,272,Yes,16,36,44,1
596,597,8.021539271254568,10.250326674945999,Limestone,156,Yes,18,57,46,1
597,598,6.104943418489519,8.126619641790807,Shale,218,No,28,47,26,0
598,599,9.57213882599591,9.097115226340511,Shale,218,No,27,34,63,1
599,600,5.064620768296394,14.682064336282892,Sandstone,230,No,23,52,48,0
600,601,6.328245243183843,18.702477560100917,Granite,179,Yes,16,51,114,1
601,602,8.29849361539009,11.44597718156669,Shale,222,No,18,55,63,1
602,603,7.823847633470307,11.932966710753538,Limestone,155,Yes,16,41,55,1
603,604,9.045487366920092,9.387267327338147,Shale,238,No,19,69,38,1
604,605,9.977664264767762,12.663571347285233,Shale,296,Yes,17,48,25,1
605,606,5.9880083015656265,8.44666045483195,Limestone,215,Yes,24,30,44,1
606,607,3.778056158483183,19.011208355142802,Granite,159,Yes,16,32,50,1
607,608,3.212911165655776,16.077336177494345,Shale,293,No,28,56,28,1
608,609,8.0881383429784,19.888985712718625,Shale,186,No,23,47,103,1
609,610,9.11809569916101,18.593877952141924,Shale,226,No,19,59,93,1
610,611,4.544988101610931,13.675887124377832,Sandstone,226,Yes,24,31,56,1
611,612,4.1091362603293415,14.236220373804523,Shale,181,No,19,34,46,0
612,613,3.4354356406798368,10.286912558206327,Limestone,196,No,15,58,32,0
613,614,8.758920452020444,13.544472114074667,Granite,259,Yes,20,62,60,1
614,615,5.179673579248091,18.836334481913738,Granite,269,Yes,27,49,85,1
615,616,5.811878249318435,8.610241083629854,Limestone,159,No,21,59,104,0
616,617,6.519251341267286,18.36268163597972,Sandstone,246,No,15,34,116,0
617,618,8.876172639466855,12.091373619711316,Limestone,154,No,23,50,43,1
618,619,7.555832550930394,18.794153181155718,Granite,226,Yes,22,44,63,1
619,620,7.305452409004679,19.290558876097815,Limestone,150,No,26,49,117,1
620,621,4.229704699691375,16.05037864402287,Sandstone,280,Yes,28,37,79,1
621,622,6.592329241968809,15.973085439112134,Granite,216,Yes,28,60,28,1
622,623,8.007667120250586,13.43305205250488,Sandstone,164,No,22,41,21,1
623,624,9.812826181213442,18.02648269452449,Limestone,242,No,21,50,75,1
624,625,4.409844164493466,19.5393531011994,Shale,179,Yes,19,59,49,1
625,626,3.0668034714705863,17.30098160406943,Limestone,252,Yes,17,56,41,1
626,627,3.5271100351892883,15.46324080508051,Sandstone,231,No,29,55,94,1
627,628,5.630967256273855,15.281514749856042,Limestone,224,No,26,62,100,1
628,629,8.74381253422191,18.193638819003947,Shale,209,No,28,55,119,1
629,630,3.0499945723777153,14.49444518925558,Sandstone,189,Yes,23,55,32,1
630,631,6.197114150200882,17.64631863498587,Limestone,223,Yes,28,65,90,1
631,632,5.304614307389762,14.10662306209095,Sandstone,270,No,21,69,35,0
632,633,3.367371970698093,8.74933129968709,Sandstone,296,Yes,25,30,116,1
633,634,6.151654006708321,12.607364106849863,Granite,152,Yes,24,44,64,1
634,635,4.7832409513570315,13.333291492057985,Granite,185,No,24,30,84,0
635,636,5.463193840429045,9.699406939839406,Sandstone,192,Yes,22,40,30,1
636,637,7.939307133490051,9.229955950270554,Limestone,292,No,28,31,89,1
637,638,6.6508568873767695,14.42557939588345,Limestone,264,No,20,30,39,0
638,639,3.8725320029496935,9.021723638672986,Limestone,258,Yes,26,60,118,1
639,640,9.729901782965474,11.635342014681008,Shale,239,Yes,28,45,82,1
640,641,7.451375359968169,16.93516371155691,Sandstone,233,No,25,51,109,1
641,642,8.361078979637721,19.57318615481577,Sandstone,226,Yes,28,47,31,1
642,643,3.5544920500585957,16.61444696662314,Shale,154,No,19,46,81,0
643,644,3.3294086562201324,19.911506581434445,Sandstone,227,Yes,29,59,113,1
644,645,3.1361363525765684,16.380055655352834,Sandstone,240,Yes,22,39,111,1
645,646,4.321558194414111,11.52553364785193,Shale,236,Yes,17,64,110,1
646,647,5.900858784029466,16.064630486064342,Granite,163,No,26,50,61,0
647,648,9.550782933819761,16.425881182362847,Sandstone,253,Yes,27,45,102,1
648,649,6.199417614860434,12.460723815397527,Shale,232,No,27,35,88,0
649,650,5.031785737607706,8.212566207312669,Limestone,203,No,21,32,77,0
650,651,6.933546774637644,16.438397417305843,Granite,281,No,16,50,24,1
651,652,3.783542046943525,8.260401143306499,Limestone,244,Yes,17,42,46,1
652,653,7.2665412370348825,15.574256936720854,Sandstone,158,No,29,47,47,1
653,654,6.979023680313523,9.963397864910661,Granite,202,No,27,53,45,1
654,655,8.543951233839968,14.78724233297652,Shale,226,Yes,26,56,110,1
655,656,9.906813281319168,14.0469563045672,Sandstone,209,No,29,33,68,1
656,657,4.756114302012774,8.16216370767419,Shale,195,No,16,51,40,0
657,658,6.567595155626325,12.354389803941242,Granite,203,Yes,19,53,20,1
658,659,9.362057844233025,15.213094008755633,Limestone,223,No,21,69,111,1
659,660,8.496329190959889,18.18327862278536,Sandstone,261,Yes,25,39,77,1
660,661,6.411844121705653,18.663705366038208,Sandstone,244,No,24,31,98,0
661,662,9.617601547303444,13.80619964039868,Shale,172,No,25,69,74,1
662,663,3.4006568546176656,16.74106984759326,Granite,176,Yes,25,35,100,1
663,664,9.516990337988087,11.797454918401492,Shale,219,No,25,47,45,1
664,665,3.3535517466796456,12.106236869103888,Granite,258,No,29,46,103,0
665,666,6.8311332088027905,10.333562230187765,Sandstone,226,No,24,67,44,0
666,667,9.2330866360076,14.74337731991887,Granite,199,Yes,29,52,96,1
667,668,4.83904660492912,11.774769811128383,Sandstone,273,Yes,29,59,52,1
668,669,6.30573949261611,9.01245075726206,Granite,168,Yes,29,50,108,1
669,670,5.270302153958767,16.220073039958145,Limestone,150,Yes,27,39,91,1
670,671,9.66500741953446,16.493038491264777,Granite,189,Yes,28,42,88,1
671,672,8.765519163271636,12.319909025348695,Limestone,171,No,15,41,25,1
672,673,7.963010579284657,8.920680793472274,Granite,261,Yes,27,38,42,1
673,674,7.113388906305761,13.115572608841111,Granite,189,Yes,24,33,49,1
674,675,8.744142525269037,13.308025496602585,Shale,187,Yes,23,68,97,1
675,676,5.74586929066483,16.024050618774716,Shale,197,No,15,53,73,0
676,677,6.132862985742433,11.784996695104201,Sandstone,224,No,15,63,106,0
677,678,8.11001204756603,16.191191357375665,Shale,256,Yes,28,68,30,1
678,679,5.504283343056,18.45786250108866,Granite,157,No,29,34,50,0
679,680,3.4473065943386167,10.849832508346399,Shale,235,No,26,44,25,0
680,681,3.5203422622025,19.747034673438797,Granite,217,No,24,33,30,0
681,682,3.807539609139927,12.636417645641684,Limestone,224,No,22,68,96,0
682,683,9.08776926340564,11.207104221764741,Granite,286,Yes,20,37,31,1
683,684,6.30558498029343,13.058134190123486,Sandstone,239,Yes,20,53,85,1
684,685,7.990176585413155,9.13276971084631,Limestone,279,No,26,57,72,1
685,686,5.750365349234253,9.508470878145388,Sandstone,229,No,23,56,118,0
686,687,4.810976631909441,12.973208563619977,Sandstone,244,No,29,30,55,0
687,688,5.430345172935484,17.1493342632692,Sandstone,219,No,18,63,36,0
688,689,8.559276417220286,18.80374687489389,Shale,239,Yes,22,46,47,1
689,690,7.376512875220067,15.97781588859525,Sandstone,208,No,18,66,111,1
690,691,9.563478459705316,9.262634662858037,Limestone,296,Yes,28,67,41,1
691,692,7.757933450037838,16.06423714616642,Granite,177,No,16,55,26,1
692,693,6.991271422282858,15.625135048435663,Sandstone,221,Yes,25,53,34,1
693,694,7.271372062900841,17.669167019519975,Limestone,163,No,29,68,115,1
694,695,9.596600076278902,17.90298399982617,Sandstone,173,Yes,22,50,30,1
695,696,8.517406509066943,18.418436909347747,Granite,261,Yes,26,59,43,1
696,697,3.1682886615650645,12.96957817494918,Limestone,193,Yes,21,42,86,1
697,698,6.738977872949881,16.37437274422573,Limestone,205,No,18,66,49,0
698,699,7.818368880825954,11.21900430706773,Granite,269,Yes,23,32,89,1
699,700,8.240889349074084,19.992035359802053,Limestone,181,No,29,61,85,1
700,701,4.4919948351975565,10.104010896522318,Granite,174,Yes,23,64,80,1
701,702,9.070241481159465,8.12137317993003,Limestone,265,Yes,22,48,97,1
702,703,9.690902030226146,9.785704574218112,Limestone,215,No,28,43,60,1
703,704,4.6570071409140885,17.31046747452952,Granite,191,Yes,15,51,101,1
704,705,9.17830820262072,13.361404118098537,Granite,225,No,21,46,70,1
705,706,3.6788513376126675,13.37000297372514,Limestone,286,No,19,33,63,0
706,707,3.389947852806716,19.460275035340022,Limestone,187,No,21,69,114,0
707,708,3.9045666007192454,19.035618896336892,Granite,210,No,26,48,32,0
708,709,3.404187556269252,11.73433685364811,Shale,238,Yes,23,66,109,1
709,710,8.915085660090432,10.508697545370394,Granite,167,Yes,16,31,31,1
710,711,3.4133510112079035,18.181786519204877,Limestone,219,No,27,44,101,0
711,712,4.901649339545589,18.87222885253236,Limestone,231,Yes,28,31,28,1
712,713,3.7262944047509947,14.499163073581844,Limestone,265,Yes,25,40,104,1
713,714,5.067954254196355,15.553084533405206,Granite,229,No,18,52,67,0
714,715,3.6339162732064434,11.08297141630752,Limestone,164,Yes,18,39,68,1
715,716,7.676022755201098,17.609632255742294,Shale,162,No,16,32,72,1
716,717,3.933287714398026,15.585469141388277,Sandstone,268,Yes,17,34,75,1
717,718,8.962921480872215,14.042162135575959,Shale,192,Yes,25,32,59,1
718,719,8.720337355086487,8.72130267294075,Granite,206,No,28,67,43,1
719,720,3.095631798294266,18.991219550133845,Limestone,166,Yes,28,42,117,1
720,721,9.270084488605802,15.385417044612872,Granite,181,Yes,27,48,91,1
721,722,3.2026102172035693,10.312293136315615,Sandstone,299,No,22,69,52,0
722,723,4.677520494702897,15.276633403796634,Granite,204,Yes,26,64,42,1
723,724,3.226723964431965,16.12956025087968,Limestone,162,No,23,53,96,0
724,725,5.350904409275212,14.309244040198706,Sandstone,196,Yes,20,53,73,1
725,726,6.597065679992902,16.61722085547227,Sandstone,236,No,24,46,72,0
726,727,8.576514083105966,14.977447375143491,Limestone,211,No,16,69,68,1
727,728,5.365870853288853,19.37323498438578,Limestone,178,No,16,39,97,0
728,729,7.938430172711817,8.644364943191682,Limestone,171,No,21,31,97,1
729,730,4.312531199832862,9.274948501634725,Granite,214,No,22,52,99,0
730,731,8.254189197208884,10.084059643452079,Shale,178,Yes,22,35,68,1
731,732,4.651976241364663,16.282052847251986,Granite,197,Yes,28,31,79,1
732,733,4.004813291606375,15.747150472997705,Granite,154,No,20,50,109,0
733,734,4.29786195261838,18.70470632251633,Shale,250,Yes,24,64,109,1
734,735,4.274441902172988,16.79452943460678,Limestone,220,No,22,58,84,0
735,736,6.590040155638938,14.100265850775108,Limestone,290,Yes,28,36,51,1
736,737,8.913583068317022,19.901981509563562,Shale,287,Yes,29,58,98,1
737,738,3.5572355389475394,11.19329547403159,Shale,215,No,15,66,40,0
738,739,7.948694229453959,17.99829991742545,Granite,221,No,23,52,37,1
739,740,7.580425217570004,13.121484466327033,Sandstone,174,Yes,27,62,113,1
740,741,9.107639662805536,15.78482166650881,Shale,209,Yes,26,37,79,1
741,742,4.70903292354835,16.72722164542921,Granite,189,No,15,41,32,0
742,743,6.150769010795207,15.605049046284035,Sandstone,156,Yes,27,39,43,1
743,744,9.480791621104622,9.68608763730312,Limestone,195,Yes,17,44,49,1
744,745,7.61995415094722,13.315412128975193,Limestone,235,No,26,53,21,1
745,746,5.721378890031178,14.737260535197493,Granite,290,Yes,23,55,102,1
746,747,3.9198866799868792,18.18852511014316,Granite,170,No,29,68,44,1
747,748,4.837395055304137,13.323748985582867,Shale,150,No,25,32,69,0
748,749,7.068508342425683,19.02496765765102,Limestone,272,No,19,31,33,1
749,750,8.027175632923596,13.284490676302529,Granite,296,Yes,23,35,25,1
750,751,3.8709532079632543,14.58535831115614,Limestone,274,Yes,23,50,95,1
751,752,7.197180820308378,17.55542819531361,Limestone,182,No,20,38,103,1
752,753,6.852458951871257,14.996812213065724,Shale,153,No,25,39,106,0
753,754,6.5976881268349565,19.522616868593897,Sandstone,152,Yes,15,65,49,1
754,755,7.830861823774056,15.924029966169531,Shale,240,Yes,24,32,49,1
755,756,8.862147165584233,14.272513448811212,Granite,201,Yes,21,53,57,1
756,757,5.260927782238078,8.283103613369551,Shale,177,No,28,51,77,1
757,758,9.223085330776716,12.964794770963959,Shale,219,No,20,43,113,1
758,759,4.124435288329854,11.590981031121926,Limestone,206,Yes,23,56,60,1
759,760,4.211167088258151,16.977268014649873,Shale,257,Yes,21,62,113,1
760,761,4.867404445367468,10.49933210184255,Granite,293,Yes,28,51,76,1
761,762,3.8367160868295445,10.462641047528862,Sandstone,173,No,26,58,55,1
762,763,4.612234572780143,10.27422851884852,Shale,226,No,25,48,83,0
763,764,3.7448823403199123,9.507387357874832,Shale,225,Yes,26,48,117,1
764,765,8.752266918897732,11.732084044050648,Sandstone,218,Yes,27,35,35,1
765,766,3.972782943206372,18.6310653733211,Granite,250,No,18,48,107,0
766,767,8.231082902918999,17.29914166767146,Granite,241,No,21,42,97,1
767,768,3.3353970753933364,16.82301459568152,Shale,241,Yes,16,55,109,1
768,769,9.639642292597406,17.56804166779955,Limestone,179,Yes,20,51,91,1
769,770,7.978120612694363,11.23301467195486,Shale,167,Yes,29,50,33,1
770,771,3.0475758401027826,18.649300289029853,Sandstone,193,No,20,65,50,0
771,772,8.346995501401498,9.647640501699254,Sandstone,248,Yes,16,31,85,1
772,773,6.598573445363297,12.036148720586983,Sandstone,270,No,28,59,87,1
773,774,8.455556192345838,15.040977427608116,Shale,264,No,18,56,84,1
774,775,6.657477662234119,9.234861060104008,Shale,209,Yes,22,36,74,1
775,776,7.487174003447483,16.7615622533171,Granite,295,Yes,22,49,103,1
776,777,8.504321587765283,12.646952578441699,Limestone,205,No,27,60,97,1
777,778,5.835756382114997,17.4128679873008,Shale,180,Yes,22,52,59,1
778,779,3.0189570487431645,13.914755427015233,Granite,250,No,22,42,44,0
779,780,8.949625471616319,10.170494293104037,Shale,208,Yes,15,46,44,1
780,781,5.666232538372638,16.817141736264134,Granite,273,Yes,16,33,22,1
781,782,6.4722990821160815,11.025727470067324,Granite,279,Yes,26,43,88,1
782,783,3.054366495077781,13.889723615216514,Limestone,246,Yes,29,49,45,1
783,784,6.444644072450686,8.906399229882892,Shale,256,No,18,42,59,0
784,785,9.905411811002107,15.41439985294444,Granite,167,No,26,32,57,1
785,786,4.947873625731388,15.990293194595328,Sandstone,294,No,23,55,57,1
786,787,5.7679278916966465,12.544090519673404,Sandstone,220,Yes,17,55,87,1
787,788,7.8103299752807365,19.453073363852887,Sandstone,255,No,28,47,26,1
788,789,8.703555672665612,18.490027057784822,Limestone,203,No,20,61,113,1
789,790,5.921741368042702,16.495290988879937,Granite,243,No,21,43,49,0
790,791,5.167682092809048,16.563824893924913,Limestone,225,Yes,22,32,38,1
791,792,9.564780599895471,11.028820579305815,Shale,184,No,27,30,54,1
792,793,7.740014766701685,15.881782773061389,Shale,160,Yes,21,55,52,1
793,794,3.8331491314519877,10.378475182826236,Granite,210,Yes,17,53,52,1
794,795,3.4824951469425405,9.728038687037866,Sandstone,193,No,20,64,97,0
795,796,6.384848955532584,19.993614730430963,Granite,270,Yes,19,43,57,1
796,797,4.540630462330907,15.46851117767809,Granite,217,No,29,32,29,0
797,798,4.777893273633774,13.171854471886286,Granite,174,No,27,42,76,0
798,799,9.143845251794938,11.457974274607416,Limestone,233,No,26,43,47,1
799,800,3.6269621702141746,15.247045323946729,Shale,263,No,24,50,97,1
800,801,8.007548806602227,8.595122098641033,Granite,281,No,18,55,119,1
801,802,4.897995773664117,9.136171886057541,Granite,150,Yes,15,32,57,1
802,803,8.322297549828964,8.394280372884756,Granite,280,No,28,69,35,1
803,804,8.056879691244813,13.99003799915194,Limestone,235,Yes,27,33,40,1
804,805,3.051743310110051,15.207279550246191,Limestone,211,No,21,65,111,0
805,806,6.563947890451194,8.74975713629385,Limestone,213,No,22,30,116,0
806,807,3.9752363766463246,16.654693609987,Granite,294,No,16,69,25,1
807,808,9.063589214050737,10.764740858174772,Sandstone,275,Yes,21,62,60,1
808,809,9.101101180036846,16.222417445238392,Sandstone,254,Yes,20,36,34,1
809,810,5.928420652456307,19.782765680422948,Sandstone,211,Yes,19,40,22,1
810,811,6.110769329157564,16.293270440646214,Shale,184,Yes,27,56,62,1
811,812,5.12298057583169,18.5983166350833,Granite,162,No,18,43,66,0
812,813,8.016244092720218,19.378382080916808,Sandstone,192,No,16,51,118,1
813,814,5.510629541185214,13.841012580227787,Sandstone,279,Yes,24,45,33,1
814,815,4.8745473216584365,16.42789975303648,Sandstone,260,Yes,20,41,85,1
815,816,6.025617416531558,18.2236310426701,Granite,277,Yes,19,39,48,1
816,817,3.640412628712211,12.279306954492633,Sandstone,200,No,16,53,23,0
817,818,8.226222432509427,11.136767798724739,Sandstone,293,Yes,24,47,45,1
818,819,3.088174808902509,19.359182873340064,Granite,295,Yes,21,51,31,1
819,820,7.511395430644157,16.715642004425817,Shale,284,No,20,38,21,1
820,821,4.280051687284107,10.636185600509915,Limestone,194,Yes,26,46,36,1
821,822,4.626828323500892,13.389000712113361,Sandstone,191,No,29,67,54,1
822,823,7.4494239904802795,17.557421234453713,Limestone,284,No,29,69,29,1
823,824,9.95060426048035,14.564755891021306,Shale,164,No,25,42,105,1
824,825,8.444022423507855,15.799425177990669,Shale,209,No,23,66,62,1
825,826,4.580877425563743,17.04521842454063,Sandstone,189,No,25,35,40,0
826,827,4.232173285287937,15.464110265707767,Granite,261,Yes,24,50,34,1
827,828,9.063630091873693,14.480951863066348,Shale,226,Yes,19,65,54,1
828,829,6.10928763545053,16.99537141265328,Limestone,254,No,23,36,104,1
829,830,3.959369619797088,16.730756425186406,Limestone,256,No,23,65,104,1
830,831,9.035479963253568,15.558468802198147,Limestone,271,Yes,27,54,104,1
831,832,8.712646470399829,12.317472960583155,Limestone,229,Yes,15,40,79,1
832,833,9.887344547280145,12.86974510640326,Shale,274,No,19,43,63,1
833,834,9.368205806988787,19.64526258660917,Sandstone,283,Yes,23,58,115,1
834,835,8.96253237062379,9.34863118749831,Sandstone,181,Yes,21,39,24,1
835,836,3.368020784677022,11.222059007034023,Limestone,257,No,20,34,92,0
836,837,3.7309075864868264,13.908821110452028,Sandstone,263,Yes,20,37,37,1
837,838,6.98288236012886,18.040756233725432,Limestone,295,Yes,25,34,40,1
838,839,6.720354723972746,9.964107964756735,Limestone,217,Yes,21,53,91,1
839,840,6.205742501426748,11.323455417495317,Granite,276,Yes,15,69,117,1
840,841,5.77752527790209,8.789578613542869,Shale,284,No,18,55,93,0
841,842,6.018473394050302,16.471823192609822,Shale,263,Yes,27,35,70,1
842,843,6.985085538943567,10.858513225707394,Limestone,157,No,29,45,60,0
843,844,3.0145356232005684,12.664097008051407,Shale,213,Yes,15,65,43,1
844,845,4.824961418929965,13.324417364356014,Sandstone,284,No,20,41,43,0
845,846,6.627958044820978,18.695767227277468,Limestone,190,No,28,40,115,0
846,847,8.055512690715524,12.935963483974842,Granite,189,Yes,27,32,116,1
847,848,4.2190968467677745,9.742700238982989,Sandstone,152,No,18,66,57,0
848,849,6.828168216512031,14.291779260081451,Granite,294,No,15,35,63,0
849,850,8.001217787200472,19.555495935783554,Granite,259,No,23,48,76,1
850,851,6.112393605397333,15.292227692609732,Shale,263,No,26,47,78,1
851,852,3.1895679356903575,19.80064664552687,Shale,261,No,18,45,53,1
852,853,6.144877109259458,18.09328770726644,Limestone,299,Yes,26,52,94,1
853,854,5.075114214209072,8.431589074560954,Shale,153,No,20,66,114,0
854,855,9.507547253909298,15.900795144524501,Granite,283,No,27,38,101,1
855,856,3.8722936997482913,11.441202530694603,Granite,175,Yes,21,32,42,1
856,857,7.567331688550625,14.715402267736685,Sandstone,288,Yes,22,37,105,1
857,858,3.369038364341508,11.352142291174719,Granite,166,No,26,67,62,1
858,859,6.123193064688875,12.186444999263484,Limestone,241,Yes,27,33,101,1
859,860,6.877856410540565,19.07802454105015,Limestone,180,Yes,25,41,59,1
860,861,5.085684519218058,10.479718218700464,Shale,293,Yes,23,60,66,1
861,862,6.185529448642691,18.489309416309965,Shale,256,Yes,23,54,60,1
862,863,4.144876561711312,8.365493696845961,Shale,295,Yes,22,45,66,1
863,864,5.128866946276253,9.090518460435781,Limestone,260,Yes,24,43,39,1
864,865,7.347744274371421,18.25610049661116,Granite,250,No,25,42,96,1
865,866,5.112600391028086,15.566672370910343,Shale,261,No,29,36,84,1
866,867,9.298201548862103,16.966833656474602,Sandstone,211,Yes,26,41,87,1
867,868,7.398848703486928,10.513012049862251,Shale,261,Yes,26,66,43,1
868,869,6.070543129051892,14.445001467081243,Limestone,265,No,29,33,119,0
869,870,3.2712985488792774,16.846630682855658,Shale,184,Yes,28,31,55,1
870,871,6.496838346432699,15.52776964412315,Granite,177,No,17,64,64,0
871,872,8.353433694875624,13.660385202694513,Shale,252,Yes,26,32,21,1
872,873,4.858903186086895,19.517405437252577,Limestone,274,No,16,33,47,1
873,874,8.64741498754137,16.113888001441346,Limestone,251,No,19,67,45,1
874,875,4.76264736235617,18.893009602894857,Sandstone,286,Yes,15,41,42,1
875,876,8.766224715655603,16.757246138884174,Limestone,292,Yes,17,48,98,1
876,877,3.596878391281742,16.825562343172198,Sandstone,170,Yes,15,39,55,1
877,878,9.063285962083206,8.960219237092153,Granite,201,Yes,27,30,110,1
878,879,6.494305156533313,12.313575462247323,Limestone,246,No,17,46,25,0
879,880,5.075763127341834,18.300432880635903,Shale,200,Yes,27,45,54,1
880,881,4.855792752906042,10.791246345785071,Granite,232,No,18,38,57,0
881,882,6.024073912512539,9.386070393877594,Shale,204,Yes,21,38,54,1
882,883,9.993346486725514,11.913272679665521,Shale,226,No,26,38,119,1
883,884,4.542291754063077,10.645254618711368,Shale,276,Yes,29,41,93,1
884,885,3.7225165421529973,19.103458337517864,Granite,242,Yes,26,44,113,1
885,886,7.0952461810306335,18.415599704025574,Granite,237,No,19,31,72,1
886,887,6.4197972650818,13.996198763394851,Limestone,229,Yes,19,40,57,1
887,888,6.669373897443151,8.736126493806417,Shale,241,Yes,27,40,112,1
888,889,7.66854792290052,16.574748153117874,Sandstone,196,Yes,15,37,78,1
889,890,4.870008489094545,15.480940776035176,Limestone,187,Yes,22,61,62,1
890,891,9.374654967687219,19.646656048741953,Granite,288,Yes,27,35,23,1
891,892,6.049704462856033,14.707438883244524,Sandstone,164,No,18,49,24,0
892,893,3.9036033659972325,12.036724680834913,Granite,150,Yes,24,68,87,1
893,894,8.19609129713761,14.228260322942669,Sandstone,284,No,19,64,119,1
894,895,7.5017304683249515,19.751159496854196,Limestone,150,Yes,16,37,64,1
895,896,5.21020381738826,16.356349190396365,Sandstone,198,Yes,29,63,99,1
896,897,7.350631068238339,16.063713655124616,Limestone,245,No,26,48,44,1
897,898,4.539033694582838,10.888179076710625,Granite,175,No,27,36,97,0
898,899,6.1138755153837065,16.92323021072741,Sandstone,236,No,15,60,30,0
899,900,9.295887655171278,17.00326195366126,Shale,242,No,23,47,48,1
900,901,3.934739632125246,11.807467805310864,Shale,251,No,29,69,53,1
901,902,5.706875149912234,13.804565988688559,Granite,220,Yes,16,43,105,1
902,903,8.747996973042431,11.535239995285473,Sandstone,289,No,20,68,33,1
903,904,9.786436295843247,11.10446084389144,Shale,244,No,15,65,43,1
904,905,6.177482954952572,8.310752842993821,Limestone,267,Yes,15,46,78,1
905,906,6.548997341003432,11.422540935839985,Sandstone,297,Yes,23,66,58,1
906,907,7.005203732486388,14.647639398539297,Sandstone,268,No,18,38,45,1
907,908,9.526436991435975,8.019214250588346,Shale,200,No,23,49,62,1
908,909,9.007447536839209,11.398629005716009,Limestone,230,No,25,57,55,1
909,910,4.194207872351511,18.576923987879,Limestone,185,Yes,19,49,58,1
910,911,6.057304724929525,15.12378302128833,Limestone,216,No,21,65,80,0
911,912,6.248002997374984,15.294353888971767,Sandstone,278,Yes,15,56,35,1
912,913,8.523672781541297,12.840371660316238,Granite,263,Yes,20,37,78,1
913,914,7.220250178238047,16.11766572190893,Sandstone,260,Yes,22,61,115,1
914,915,7.579543234203091,10.27919319476431,Sandstone,291,Yes,28,30,25,1
915,916,9.987399353659324,17.824961724610297,Shale,249,No,15,46,117,1
916,917,3.524720304290091,9.400269439230797,Granite,258,Yes,23,38,75,1
917,918,4.561068764736131,15.87201625583731,Limestone,269,Yes,17,49,27,1
918,919,5.855271561600828,12.093791909836197,Shale,228,No,15,61,113,0
919,920,5.43447682134221,16.97015564698972,Sandstone,283,Yes,15,31,46,1
920,921,3.1515189294288852,14.59717461519224,Granite,168,No,27,61,90,1
921,922,3.6424432452982307,13.428236461744595,Limestone,276,Yes,28,38,46,1
922,923,7.766673039825033,10.033068825118963,Limestone,178,No,25,59,108,1
923,924,9.155271243537925,15.641857571412235,Sandstone,173,Yes,20,49,65,1
924,925,6.599589078861843,19.697238121044958,Limestone,159,Yes,25,67,60,1
925,926,6.774337556595431,17.907241098884178,Limestone,254,No,20,30,98,1
926,927,4.785654029826656,8.720098311068142,Granite,294,Yes,15,34,44,1
927,928,8.37513454543598,12.514752540334293,Shale,204,Yes,28,64,105,1
928,929,8.262562111570794,19.106996110283262,Granite,296,No,28,65,37,1
929,930,7.118559824523596,14.036524970684257,Shale,151,Yes,17,30,31,1
930,931,4.4886500055794,15.94534190969815,Shale,296,Yes,21,43,106,1
931,932,3.679127527659626,18.951192147096684,Shale,284,No,24,38,70,1
932,933,3.449670030999881,18.48553628503857,Limestone,260,No,17,59,58,1
933,934,7.148872466500144,14.021844506486131,Granite,187,No,17,53,108,1
934,935,8.7752472339996,13.251755631891225,Limestone,280,No,17,33,29,1
935,936,9.008313022466474,12.076311421755046,Sandstone,251,No,26,43,113,1
936,937,6.245354520404149,16.628233317954695,Granite,244,Yes,21,54,93,1
937,938,8.489899095147019,11.443841593658519,Shale,241,No,18,33,117,1
938,939,9.628161374387165,10.9986512771708,Limestone,220,Yes,18,54,96,1
939,940,4.926190787416476,12.274998735245362,Limestone,173,No,17,39,73,0
940,941,5.7857224246653,10.126580682545505,Granite,217,Yes,24,64,48,1
941,942,9.520352948176765,16.341437791349207,Granite,277,Yes,25,36,60,1
942,943,5.367616771220995,15.394887791967347,Shale,242,No,23,42,28,0
943,944,9.397134032252573,13.794542409390123,Shale,193,Yes,16,33,82,1
944,945,9.86731403578126,12.683909351138656,Sandstone,282,Yes,18,65,96,1
945,946,7.632675100020973,18.908750514760776,Shale,204,No,22,43,56,1
946,947,8.71823202652918,8.349485419869264,Limestone,178,No,20,47,33,1
947,948,8.246818949547595,17.229292922087588,Sandstone,186,No,28,37,92,1
948,949,7.896739803308667,18.822914860986664,Sandstone,264,No,21,61,91,1
949,950,5.148517510868627,13.356254953159112,Sandstone,152,Yes,27,56,58,1
950,951,3.399660365355606,14.608285897647761,Granite,271,Yes,21,66,59,1
951,952,5.4013621276375545,19.333564254584456,Shale,192,Yes,16,52,73,1
952,953,7.6685518964273465,10.547330183426173,Sandstone,156,Yes,18,36,22,1
953,954,3.7177043875946096,14.241618173416219,Granite,274,Yes,24,41,74,1
954,955,3.0834258808476944,13.696653525538554,Granite,198,Yes,24,54,52,1
955,956,3.9778466082205703,11.100711774444441,Sandstone,270,No,20,32,115,0
956,957,8.010151484875568,17.823118764477293,Sandstone,222,Yes,17,55,90,1
957,958,9.809555911595108,18.79520713715883,Limestone,190,Yes,23,33,38,1
958,959,9.881452897303744,17.383190957458506,Sandstone,255,Yes,27,65,53,1
959,960,6.457854043981316,10.3443075301833,Limestone,226,No,18,44,97,0
960,961,9.08546610694643,9.04098362601658,Sandstone,276,No,24,61,69,1
961,962,8.15778519026053,15.265333823664108,Sandstone,240,No,27,58,66,1
962,963,6.507281658892224,8.685137126118608,Shale,157,No,16,39,65,0
963,964,7.009323730685607,16.07391066269701,Sandstone,181,Yes,20,50,75,1
964,965,3.9605900263180978,14.365090643926912,Sandstone,213,Yes,15,45,76,1
965,966,9.563630224316144,15.953428792923964,Limestone,287,Yes,20,48,102,1
966,967,5.463508395122437,15.082049283796929,Limestone,162,No,27,58,70,1
967,968,6.123044795200187,13.072430834326074,Shale,242,Yes,26,47,73,1
968,969,7.701621616985291,10.41052616168274,Sandstone,210,Yes,24,45,109,1
969,970,5.337317300685878,11.668425629725864,Sandstone,157,Yes,15,30,100,1
970,971,4.779814126922513,14.294006890627717,Limestone,178,No,28,31,47,0
971,972,7.417345752891544,15.82241712377127,Granite,244,No,22,44,38,1
972,973,3.174888575972946,17.35379620261434,Granite,190,No,19,68,46,0
973,974,8.045075784186752,17.20604862138873,Granite,298,Yes,20,57,67,1
974,975,6.598163589135568,19.672264919133024,Limestone,160,Yes,16,30,38,1
975,976,7.240276113646541,11.430097383960913,Limestone,151,Yes,16,34,116,1
976,977,7.423161114728196,8.853328498561241,Granite,280,Yes,26,51,70,1
977,978,6.689351095447946,12.147883226502312,Granite,229,No,23,65,26,0
978,979,7.077736442085152,16.91953370268892,Sandstone,236,Yes,17,42,48,1
979,980,7.786517406229122,13.257339812399543,Limestone,255,No,20,30,62,1
980,981,8.271831930257719,17.813461167073033,Limestone,288,Yes,24,45,88,1
981,982,8.092166739002844,14.59191638223218,Granite,166,No,19,51,113,1
982,983,9.087315204125833,19.157500671566037,Granite,172,Yes,28,61,77,1
983,984,4.32610403217182,19.374361303988827,Shale,197,Yes,26,45,27,1
984,985,5.8080357864425824,8.831654072224985,Limestone,169,No,18,44,61,0
985,986,9.6345724621012,13.476961276549092,Shale,151,No,24,41,95,1
986,987,5.776134020704308,15.316268734994816,Sandstone,237,Yes,16,30,61,1
987,988,3.874090538341459,11.070470489746553,Shale,180,Yes,22,46,32,1
988,989,6.678115884535257,12.884921352547764,Granite,279,Yes,24,57,45,1
989,990,3.7664368078812354,16.13217849341238,Limestone,227,No,21,36,37,0
990,991,4.419972671095056,10.720810722780337,Limestone,153,Yes,25,38,61,1
991,992,9.988231295996698,15.223776235693428,Shale,290,No,16,51,70,1
992,993,6.789538468772924,16.369373937971673,Shale,277,Yes,20,55,103,1
993,994,4.988408723283003,9.085955733150401,Sandstone,283,Yes,28,41,35,1
994,995,9.963424682017344,13.970351792329433,Sandstone,180,Yes,22,36,22,1
995,996,9.765912429886002,11.15696035909029,Granite,287,Yes,21,44,110,1
996,997,6.0851732875898445,16.692636271976536,Granite,170,No,29,67,98,1
997,998,4.822821761515359,10.274666102443286,Granite,172,No,15,50,117,0
998,999,8.86879746664533,18.706854986457277,Shale,280,Yes,19,43,64,1
999,1000,8.0093450188025,13.171296038219923,Shale,297,Yes,16,31,41,1
