,Plate_ID,Thickness (mm),Width (mm),Length (mm),Hardness (HB),Tensile_Strength (MPa),Elongation (%),Surface_Defect (Binary),Weld_Defect (Binary),Heat_Treatment (Binary),label
0,1,17,218,829,240,460,22,1,0,1,1
1,2,10,230,926,232,562,16,1,1,1,1
2,3,5,231,872,218,408,17,1,1,1,1
3,4,8,182,875,157,578,19,1,1,1,1
4,5,16,209,897,243,514,16,1,0,1,1
5,6,8,189,1006,185,490,15,1,0,1,1
6,7,12,185,1350,229,522,14,0,1,0,1
7,8,14,233,1067,196,578,17,0,1,1,1
8,9,8,245,1258,195,429,29,0,1,1,1
9,10,10,223,832,217,515,25,1,0,0,1
10,11,7,242,840,208,468,13,0,0,1,1
11,12,9,227,998,153,502,17,1,1,1,1
12,13,12,201,1086,220,523,18,1,1,0,1
13,14,11,198,923,216,530,28,0,0,1,0
14,15,13,193,1387,174,434,24,0,0,1,0
15,16,13,186,1091,205,472,17,1,1,1,1
16,17,17,228,1268,209,538,12,0,1,1,1
17,18,15,220,1375,185,485,12,0,0,0,0
18,19,6,206,957,153,460,26,1,1,0,1
19,20,11,210,1011,221,373,23,1,0,0,1
20,21,12,185,1160,177,370,23,1,1,0,1
21,22,12,195,890,216,419,11,0,1,1,1
22,23,19,243,1338,221,357,23,0,0,0,0
23,24,13,217,1385,160,386,20,0,0,0,0
24,25,6,239,1023,213,461,23,1,1,1,1
25,26,10,212,1001,155,487,16,1,0,1,1
26,27,14,242,848,190,547,28,0,0,1,0
27,28,18,190,1175,236,375,17,0,0,0,0
28,29,13,192,1379,202,383,23,0,1,0,1
29,30,14,244,1118,193,562,13,0,0,1,0
30,31,9,209,1093,215,414,20,1,1,1,1
31,32,8,202,805,156,511,13,0,1,1,1
32,33,5,199,855,178,433,15,0,1,1,1
33,34,8,185,1276,155,551,15,1,1,1,1
34,35,10,216,1230,224,352,11,1,0,1,1
35,36,19,185,838,157,366,28,0,0,0,0
36,37,5,206,1361,179,476,10,0,1,1,1
37,38,7,192,1064,232,437,22,1,0,0,1
38,39,8,187,993,197,411,23,0,0,0,1
39,40,13,232,1122,210,408,12,0,1,1,1
40,41,6,209,862,213,464,28,1,0,0,1
41,42,8,180,816,216,375,26,1,0,0,1
42,43,18,183,989,191,472,13,0,0,1,0
43,44,8,241,994,179,520,22,0,0,0,0
44,45,8,247,1067,246,558,18,1,0,1,1
45,46,19,196,1215,199,495,13,0,0,1,0
46,47,12,236,1194,210,390,19,1,0,0,1
47,48,5,242,820,202,410,22,1,1,1,1
48,49,6,236,900,175,431,27,0,0,0,1
49,50,14,228,852,186,591,21,1,0,1,1
50,51,14,197,1255,169,579,25,0,0,0,0
51,52,5,237,1070,246,519,10,0,0,0,0
52,53,15,189,832,241,516,23,1,0,0,1
53,54,9,242,1207,176,554,16,0,0,1,0
54,55,12,213,920,206,548,14,0,1,0,1
55,56,8,184,865,206,461,11,1,0,1,1
56,57,19,196,875,178,374,13,0,1,1,1
57,58,16,242,1308,195,383,19,1,0,1,1
58,59,7,203,836,237,556,24,1,0,0,1
59,60,12,187,862,232,547,28,0,1,1,1
60,61,17,202,1253,155,359,24,1,0,0,1
61,62,7,210,1242,215,387,28,0,0,0,1
62,63,5,207,1388,235,452,19,1,0,1,1
63,64,5,227,1330,184,489,29,1,0,0,1
64,65,9,191,1184,151,503,12,0,1,1,1
65,66,10,210,801,243,366,20,0,1,1,1
66,67,10,214,912,248,433,27,1,0,0,1
67,68,11,234,907,164,411,11,0,1,1,1
68,69,13,215,949,180,472,27,0,1,1,1
69,70,9,239,1390,159,501,24,0,0,0,0
70,71,6,217,1069,204,528,25,1,1,0,1
71,72,9,248,867,177,471,28,1,0,0,1
72,73,14,233,1201,157,462,28,1,0,1,1
73,74,15,193,1061,226,359,21,0,1,0,1
74,75,15,199,826,243,392,15,1,0,0,1
75,76,13,188,1211,186,519,21,1,0,0,1
76,77,6,249,1325,188,583,16,1,1,1,1
77,78,6,181,1232,242,581,19,0,0,1,0
78,79,12,209,1368,235,376,21,0,0,0,0
79,80,14,185,858,237,469,25,0,1,1,1
80,81,14,220,817,187,468,22,0,1,0,1
81,82,8,202,1014,170,392,22,1,0,1,1
82,83,11,210,1020,163,412,23,1,1,1,1
83,84,12,199,1005,190,361,15,0,1,0,1
84,85,16,184,1191,200,549,28,1,1,0,1
85,86,19,200,1082,204,569,19,1,0,0,1
86,87,7,247,1073,215,510,18,0,0,0,0
87,88,16,240,1355,222,475,18,1,1,1,1
88,89,5,221,1231,208,380,18,1,1,0,1
89,90,19,220,925,223,436,10,0,0,1,0
90,91,8,240,1148,199,379,10,1,1,0,1
91,92,10,231,1305,167,382,22,1,0,1,1
92,93,17,220,806,199,544,28,1,1,1,1
93,94,14,239,1304,239,500,25,0,0,1,0
94,95,15,209,826,237,525,22,1,1,1,1
95,96,9,217,893,207,390,27,0,0,1,1
96,97,16,196,1233,224,589,19,1,0,0,1
97,98,9,219,1332,240,502,23,0,0,0,0
98,99,11,209,1277,163,468,12,1,1,1,1
99,100,9,245,1240,181,593,10,0,1,1,1
100,101,9,203,1239,171,492,19,1,1,1,1
101,102,8,180,951,247,352,16,0,1,0,1
102,103,17,217,1203,151,545,13,1,1,0,1
103,104,9,243,1255,246,383,29,1,0,0,1
104,105,9,206,850,193,392,16,0,0,1,1
105,106,13,186,1350,205,386,11,0,1,0,1
106,107,19,221,1214,220,478,11,0,0,1,0
107,108,9,197,1349,184,502,15,1,1,0,1
108,109,8,223,859,244,400,11,0,1,0,1
109,110,15,249,1274,196,388,11,1,0,0,1
110,111,12,199,1245,240,405,13,1,0,1,1
111,112,18,202,1145,167,362,15,1,0,0,1
112,113,10,191,1003,162,475,28,0,1,1,1
113,114,10,191,831,202,365,11,1,1,0,1
114,115,5,213,884,197,376,13,1,1,0,1
115,116,6,187,890,189,501,23,1,1,0,1
116,117,10,206,839,198,534,12,0,1,0,1
117,118,14,228,978,205,571,25,1,0,1,1
118,119,8,234,1386,175,366,21,0,1,1,1
119,120,5,201,1094,214,432,11,0,1,1,1
120,121,10,182,1380,210,523,19,1,1,0,1
121,122,19,188,1179,180,511,19,0,0,0,0
122,123,5,190,1351,242,596,21,0,0,1,0
123,124,6,185,927,237,481,26,1,1,1,1
124,125,7,218,1007,229,408,19,0,0,1,1
125,126,9,218,813,188,452,10,0,0,0,1
126,127,7,245,963,236,421,14,1,1,1,1
127,128,5,239,1286,198,407,21,1,1,1,1
128,129,18,216,1195,157,498,13,0,1,0,1
129,130,8,185,1159,187,462,22,0,0,0,1
130,131,7,185,1131,216,566,12,1,0,1,1
131,132,15,218,1220,227,416,10,1,0,1,1
132,133,18,215,882,170,410,14,1,0,1,1
133,134,5,229,1003,196,360,20,1,0,1,1
134,135,12,189,962,243,401,13,0,0,0,0
135,136,10,184,880,182,448,21,1,1,1,1
136,137,14,229,1340,202,566,19,0,1,1,1
137,138,5,204,1193,205,350,15,0,0,0,1
138,139,15,182,808,169,420,11,0,1,1,1
139,140,7,183,945,206,363,13,0,1,0,1
140,141,16,191,1036,172,580,20,1,1,0,1
141,142,15,193,1020,236,375,26,0,1,1,1
142,143,12,206,1150,210,441,11,0,0,0,0
143,144,16,227,923,184,397,13,0,1,1,1
144,145,7,201,901,211,419,23,0,1,0,1
145,146,14,200,1179,204,587,14,1,1,1,1
146,147,7,222,859,188,455,18,0,0,0,1
147,148,19,237,986,235,373,15,0,0,1,0
148,149,8,197,1074,242,529,20,0,1,1,1
149,150,19,235,1324,198,532,10,0,1,0,1
150,151,16,248,1083,184,374,13,0,1,0,1
151,152,8,191,1322,211,555,18,1,1,1,1
152,153,7,199,1083,215,371,23,1,1,1,1
153,154,19,191,1312,204,363,10,0,1,0,1
154,155,8,205,807,167,416,20,1,0,0,1
155,156,9,225,867,202,598,15,0,1,1,1
156,157,6,186,1172,184,519,18,1,0,1,1
157,158,7,218,1311,193,479,23,0,1,1,1
158,159,16,231,1220,163,408,12,0,1,1,1
159,160,19,196,1228,167,587,10,0,1,1,1
160,161,14,203,1311,181,402,22,0,1,0,1
161,162,15,183,1000,171,478,17,0,0,0,0
162,163,6,226,966,248,535,26,0,1,1,1
163,164,9,209,868,151,476,25,0,0,1,1
164,165,15,182,891,219,364,29,0,0,0,0
165,166,11,185,1128,197,450,27,0,1,1,1
166,167,16,195,1150,188,485,10,1,0,1,1
167,168,13,215,940,213,398,10,1,0,0,1
168,169,16,232,1032,181,423,21,1,0,1,1
169,170,7,187,1328,242,458,20,1,0,0,1
170,171,8,231,1061,218,399,16,0,1,0,1
171,172,5,231,1352,187,354,28,1,0,0,1
172,173,5,209,1239,157,366,11,0,1,0,1
173,174,11,235,1078,217,494,29,1,1,1,1
174,175,5,191,1157,204,599,15,1,0,1,1
175,176,11,247,1335,171,413,27,0,0,1,0
176,177,8,235,1051,171,494,20,1,0,1,1
177,178,19,248,987,207,545,22,1,1,1,1
178,179,15,237,834,240,454,19,0,0,1,0
179,180,8,191,1190,216,532,27,1,1,1,1
180,181,13,183,1144,242,352,13,1,1,0,1
181,182,17,217,1388,197,382,18,1,1,1,1
182,183,13,187,817,182,535,12,1,1,1,1
183,184,18,209,1360,183,420,20,0,0,1,0
184,185,19,191,800,249,563,16,1,1,1,1
185,186,13,191,1258,208,506,10,1,1,0,1
186,187,18,196,804,182,372,14,1,1,0,1
187,188,7,240,1322,167,505,14,1,0,1,1
188,189,8,243,1040,159,471,22,1,0,0,1
189,190,19,239,1325,249,527,10,1,1,1,1
190,191,7,181,1075,194,476,29,1,1,1,1
191,192,16,198,841,236,354,13,1,1,1,1
192,193,18,233,1004,155,354,17,1,1,0,1
193,194,5,208,1228,236,573,27,0,1,1,1
194,195,13,244,851,159,544,21,0,1,0,1
195,196,13,188,907,215,567,12,1,0,0,1
196,197,8,191,944,211,572,22,1,0,1,1
197,198,13,231,1304,155,425,26,1,1,0,1
198,199,15,235,1326,218,552,12,0,1,1,1
199,200,7,195,914,157,544,22,1,0,0,1
200,201,13,183,932,204,425,19,0,1,0,1
201,202,9,208,1103,169,426,13,1,1,0,1
202,203,8,238,1054,201,562,10,1,1,1,1
203,204,17,245,1259,188,487,23,1,1,0,1
204,205,18,191,1381,163,385,15,0,1,1,1
205,206,19,205,1160,161,529,28,0,1,1,1
206,207,5,191,1294,237,484,13,0,0,0,1
207,208,9,214,1072,204,381,20,1,1,1,1
208,209,8,181,1317,203,377,29,1,1,1,1
209,210,18,196,1379,225,360,22,1,0,1,1
210,211,16,181,966,190,526,19,1,1,1,1
211,212,17,196,1074,245,550,26,1,0,0,1
212,213,11,213,894,153,567,16,0,0,0,0
213,214,18,213,1264,211,451,22,0,1,0,1
214,215,14,224,1226,152,429,25,0,1,0,1
215,216,18,220,847,221,376,16,0,1,0,1
216,217,16,212,1077,152,419,27,1,0,0,1
217,218,13,203,855,175,560,16,1,1,1,1
218,219,5,248,1130,196,542,15,0,0,1,0
219,220,13,211,908,155,514,22,1,1,1,1
220,221,18,202,831,166,382,12,1,1,1,1
221,222,10,244,1395,158,387,10,1,1,1,1
222,223,19,211,866,231,432,27,0,1,1,1
223,224,14,195,947,242,427,20,0,0,1,0
224,225,5,231,959,228,561,10,0,1,0,1
225,226,17,192,1373,206,416,14,1,1,0,1
226,227,14,225,1044,156,589,18,1,0,0,1
227,228,11,190,1238,227,599,28,0,1,0,1
228,229,10,201,922,206,518,23,0,1,1,1
229,230,18,247,1287,242,583,17,1,0,0,1
230,231,8,244,990,153,478,18,0,1,1,1
231,232,6,181,1004,209,516,26,1,1,1,1
232,233,13,230,880,154,414,20,0,0,1,0
233,234,5,237,1310,150,487,25,0,0,1,1
234,235,9,202,934,225,412,26,1,1,1,1
235,236,16,195,1252,188,527,11,0,0,0,0
236,237,16,195,1306,156,353,12,1,0,0,1
237,238,14,208,1388,170,483,26,0,0,1,0
238,239,11,207,1217,220,431,21,0,0,1,0
239,240,10,237,1202,166,368,25,1,1,0,1
240,241,18,238,934,214,395,25,0,1,1,1
241,242,12,193,930,217,553,15,1,1,1,1
242,243,13,198,954,219,414,29,1,1,1,1
243,244,13,200,1038,211,467,12,1,0,1,1
244,245,14,235,1081,189,388,22,0,1,1,1
245,246,7,224,1325,209,458,22,1,0,0,1
246,247,13,224,1374,230,519,24,1,1,1,1
247,248,11,195,857,239,367,11,0,1,0,1
248,249,16,209,1093,244,522,21,0,1,1,1
249,250,11,184,1205,177,496,24,0,0,0,0
250,251,18,208,907,225,541,24,0,1,0,1
251,252,14,245,1304,214,484,21,0,1,1,1
252,253,6,229,825,183,557,16,1,0,1,1
253,254,11,229,1068,175,404,12,0,1,1,1
254,255,17,237,1364,202,538,19,0,0,1,0
255,256,13,221,873,164,517,20,0,1,1,1
256,257,18,246,1384,198,478,27,1,0,1,1
257,258,13,227,1274,184,387,16,1,0,0,1
258,259,8,197,944,190,386,16,0,1,1,1
259,260,7,200,1151,200,485,21,1,0,0,1
260,261,8,218,1029,212,395,26,0,0,1,1
261,262,15,244,1094,193,489,23,1,1,1,1
262,263,17,186,976,188,482,24,1,1,0,1
263,264,11,202,1318,169,548,29,0,0,1,0
264,265,8,214,1313,192,388,17,1,1,0,1
265,266,11,220,1167,248,474,26,1,0,1,1
266,267,19,218,991,171,390,16,1,1,1,1
267,268,18,201,993,170,412,18,0,1,0,1
268,269,10,214,1077,240,420,25,0,1,0,1
269,270,12,212,964,185,558,12,0,0,0,0
270,271,16,222,1140,177,512,20,1,1,1,1
271,272,5,224,1031,153,430,19,1,0,1,1
272,273,16,221,1346,239,574,20,1,0,0,1
273,274,13,207,1041,157,598,18,1,0,0,1
274,275,9,228,861,154,506,20,0,0,0,0
275,276,15,190,1385,154,578,20,0,1,1,1
276,277,11,248,1128,203,510,27,1,1,0,1
277,278,16,197,1364,159,399,13,0,0,0,0
278,279,10,183,1396,218,590,14,1,1,1,1
279,280,18,209,1118,183,358,14,0,1,0,1
280,281,17,210,848,199,371,27,0,1,0,1
281,282,13,246,1243,224,400,27,0,1,1,1
282,283,7,240,1099,173,502,25,0,0,0,0
283,284,16,187,1304,207,494,18,1,1,1,1
284,285,8,231,1167,246,435,11,0,1,0,1
285,286,14,244,955,227,360,25,0,1,1,1
286,287,12,197,1346,171,510,19,1,0,0,1
287,288,10,220,1225,242,486,21,1,0,1,1
288,289,8,201,837,173,537,26,1,0,0,1
289,290,19,206,806,155,579,25,1,1,1,1
290,291,9,195,1114,211,548,26,0,0,0,0
291,292,10,197,1397,152,568,26,0,0,1,0
292,293,18,190,803,150,456,12,0,1,0,1
293,294,8,197,875,159,569,18,1,1,1,1
294,295,8,183,1067,221,395,11,0,1,1,1
295,296,12,209,1213,179,567,26,0,1,0,1
296,297,14,247,878,171,498,24,0,0,0,0
297,298,14,184,1082,230,562,18,1,0,0,1
298,299,14,241,1163,228,555,11,1,1,1,1
299,300,12,186,880,233,512,24,0,0,0,0
300,301,8,212,963,187,354,23,0,0,0,1
301,302,19,217,1364,240,398,10,0,1,1,1
302,303,15,207,1392,226,556,22,0,1,1,1
303,304,7,231,1194,229,374,18,0,0,0,1
304,305,17,239,988,233,543,10,1,0,1,1
305,306,8,188,899,168,453,29,1,1,0,1
306,307,14,236,954,216,393,29,1,1,0,1
307,308,15,209,1363,166,555,10,1,1,1,1
308,309,16,208,1135,225,578,20,1,0,1,1
309,310,18,214,1083,249,575,21,0,0,1,0
310,311,12,238,932,159,554,14,0,0,0,0
311,312,12,196,1158,223,366,28,0,1,0,1
312,313,18,239,903,180,407,27,1,1,1,1
313,314,10,187,1041,172,355,16,1,0,1,1
314,315,6,192,1237,170,575,28,0,0,1,0
315,316,17,212,1163,233,473,29,0,1,1,1
316,317,7,220,1334,218,573,25,1,0,1,1
317,318,7,180,1148,229,358,19,0,0,1,1
318,319,13,217,843,183,383,17,1,0,0,1
319,320,6,227,806,214,404,12,1,0,1,1
320,321,10,241,1005,165,414,10,1,0,1,1
321,322,13,230,945,227,510,27,0,0,1,0
322,323,9,248,1224,159,573,16,1,0,0,1
323,324,5,237,1278,199,352,22,1,0,1,1
324,325,16,184,1252,160,584,24,1,1,1,1
325,326,7,216,930,184,505,24,1,1,0,1
326,327,10,217,827,189,558,17,1,0,1,1
327,328,19,215,1192,198,437,19,0,1,1,1
328,329,10,228,1007,194,416,17,0,0,1,0
329,330,19,180,1363,151,549,23,0,1,0,1
330,331,5,229,1015,222,579,11,0,1,1,1
331,332,19,237,958,150,395,13,0,1,1,1
332,333,13,189,1325,161,498,12,0,0,1,0
333,334,18,230,974,176,542,17,0,0,0,0
334,335,6,228,973,244,485,12,1,0,0,1
335,336,6,192,1060,192,567,17,1,1,1,1
336,337,5,216,1172,169,374,13,0,1,1,1
337,338,8,216,863,235,543,10,0,1,1,1
338,339,13,210,1074,151,449,14,1,0,1,1
339,340,16,199,1284,210,412,21,1,0,0,1
340,341,13,218,1000,232,444,25,1,0,1,1
341,342,9,224,919,242,512,19,1,1,0,1
342,343,9,215,1114,212,570,16,1,1,1,1
343,344,5,194,1197,161,576,15,1,1,1,1
344,345,14,209,1324,199,499,11,0,1,1,1
345,346,8,231,1390,213,437,15,1,0,1,1
346,347,12,240,1160,159,495,26,0,1,0,1
347,348,17,247,877,174,419,22,0,1,1,1
348,349,8,209,1388,218,477,24,0,0,0,1
349,350,7,207,1029,176,353,18,1,0,1,1
350,351,19,183,909,202,439,29,0,1,1,1
351,352,18,213,875,204,499,21,1,1,0,1
352,353,6,231,1292,235,537,24,0,1,0,1
353,354,6,207,1238,228,484,12,0,0,1,1
354,355,7,236,1292,179,539,26,0,0,1,0
355,356,6,201,1054,151,561,21,0,1,0,1
356,357,18,219,1171,228,372,14,1,0,0,1
357,358,9,209,914,150,373,28,1,1,0,1
358,359,18,209,1169,165,435,16,0,1,0,1
359,360,7,241,811,183,426,11,0,1,1,1
360,361,10,238,1071,182,500,14,1,1,0,1
361,362,10,204,1081,219,410,17,0,0,0,0
362,363,17,196,950,180,488,29,1,0,1,1
363,364,17,244,908,197,556,17,1,0,1,1
364,365,10,193,1256,208,586,26,1,1,1,1
365,366,18,181,1276,223,535,12,0,0,0,0
366,367,7,182,903,157,391,22,0,1,1,1
367,368,16,246,899,180,419,15,1,1,0,1
368,369,10,199,1214,235,517,22,1,1,1,1
369,370,12,210,1193,180,595,23,1,0,0,1
370,371,12,219,1099,191,465,26,1,0,0,1
371,372,16,229,1200,158,552,16,0,1,1,1
372,373,11,206,864,215,539,25,0,1,0,1
373,374,19,192,935,235,440,10,1,1,0,1
374,375,6,244,1238,158,504,27,1,1,1,1
375,376,11,181,1131,199,561,29,0,1,1,1
376,377,12,216,1113,214,524,14,0,1,1,1
377,378,7,190,1069,241,466,23,1,0,0,1
378,379,17,212,1032,200,494,10,0,0,1,0
379,380,16,208,945,198,479,23,1,0,0,1
380,381,8,238,970,239,561,14,1,1,1,1
381,382,6,246,1100,179,428,13,0,1,1,1
382,383,14,245,1026,221,359,13,0,0,0,0
383,384,18,227,1006,176,413,29,1,1,0,1
384,385,19,216,1358,245,586,12,0,0,0,0
385,386,10,233,1366,164,413,27,1,0,1,1
386,387,14,189,843,169,538,22,0,1,1,1
387,388,14,195,1377,158,513,13,1,0,1,1
388,389,7,198,1157,189,449,18,1,1,0,1
389,390,5,209,1062,179,486,11,0,0,1,1
390,391,16,233,921,173,568,25,0,1,1,1
391,392,14,240,975,227,406,19,1,0,0,1
392,393,17,222,972,190,465,18,1,1,1,1
393,394,16,182,1315,151,454,20,0,1,0,1
394,395,6,209,1193,239,523,22,0,1,1,1
395,396,14,197,923,238,427,22,1,0,1,1
396,397,15,215,1307,180,539,13,0,0,0,0
397,398,5,199,834,191,567,22,0,0,1,0
398,399,11,196,1278,230,394,18,0,0,1,0
399,400,5,203,1313,212,530,19,1,0,0,1
400,401,15,192,1094,225,364,10,1,0,1,1
401,402,9,236,1006,221,590,16,0,1,0,1
402,403,19,246,1234,235,491,18,1,1,0,1
403,404,13,200,941,238,408,14,0,0,1,0
404,405,9,183,846,187,484,16,1,1,1,1
405,406,8,224,1146,193,457,22,0,1,0,1
406,407,8,218,882,209,422,17,0,1,1,1
407,408,13,222,1318,186,580,13,0,0,1,0
408,409,13,217,1386,182,401,20,0,1,0,1
409,410,16,220,1227,223,364,27,1,1,1,1
410,411,18,207,1313,166,460,27,1,0,1,1
411,412,16,184,1257,185,378,27,1,1,0,1
412,413,19,231,1274,153,507,24,1,1,0,1
413,414,12,202,976,189,573,19,0,1,0,1
414,415,5,217,1201,187,444,22,0,0,0,1
415,416,8,215,1075,153,358,22,0,1,0,1
416,417,13,210,1054,190,457,14,0,0,1,0
417,418,12,187,947,208,544,18,1,1,0,1
418,419,12,195,1211,249,406,19,1,0,0,1
419,420,18,190,1065,151,429,13,0,0,1,0
420,421,15,199,813,153,534,11,1,0,0,1
421,422,6,236,1237,161,534,16,1,0,1,1
422,423,13,198,1126,153,570,23,1,0,1,1
423,424,9,240,921,209,448,22,1,1,0,1
424,425,12,204,1099,162,387,15,0,0,1,0
425,426,5,212,1189,246,520,10,0,1,1,1
426,427,16,219,968,189,452,17,0,0,0,0
427,428,17,196,1044,200,451,16,0,0,0,0
428,429,9,232,814,150,566,16,1,0,0,1
429,430,14,226,1269,204,355,17,0,0,1,0
430,431,5,203,800,204,492,28,0,1,0,1
431,432,15,195,1091,237,534,27,0,0,1,0
432,433,19,224,1198,221,576,21,0,1,0,1
433,434,11,235,1302,209,489,27,1,1,0,1
434,435,17,207,803,215,494,15,1,0,0,1
435,436,9,225,1124,248,509,28,1,1,0,1
436,437,7,207,901,163,592,27,1,0,1,1
437,438,9,228,1288,206,426,19,1,1,0,1
438,439,11,185,1379,180,536,22,0,0,0,0
439,440,8,208,1225,235,537,27,1,1,1,1
440,441,15,245,913,231,542,14,1,1,1,1
441,442,8,248,1201,173,539,10,1,0,1,1
442,443,12,213,1162,185,448,13,1,0,1,1
443,444,13,228,1293,183,599,22,0,1,0,1
444,445,18,249,1354,156,414,25,0,0,0,0
445,446,18,245,1123,174,470,15,1,0,1,1
446,447,10,181,1083,184,407,17,0,1,0,1
447,448,5,181,1284,207,494,24,0,1,1,1
448,449,13,205,844,223,477,15,1,1,0,1
449,450,10,230,1140,174,482,27,1,0,1,1
450,451,16,207,1364,243,450,28,0,1,1,1
451,452,9,223,972,155,353,28,0,1,0,1
452,453,12,199,881,198,483,27,0,0,0,0
453,454,17,225,1395,175,572,11,1,0,0,1
454,455,18,223,1055,218,400,20,1,0,1,1
455,456,15,247,1149,188,477,27,0,0,0,0
456,457,15,188,906,150,520,19,1,0,0,1
457,458,9,226,960,209,562,14,0,1,1,1
458,459,19,244,1291,228,526,18,1,0,1,1
459,460,6,200,1010,223,395,28,1,1,0,1
460,461,16,185,1213,200,365,15,0,0,0,0
461,462,8,204,1164,178,579,17,0,0,0,0
462,463,8,182,854,165,583,11,0,0,0,0
463,464,14,208,825,216,467,27,0,1,0,1
464,465,7,245,961,186,570,25,0,1,0,1
465,466,10,194,1329,157,441,17,0,1,1,1
466,467,7,201,1297,231,533,26,0,0,0,0
467,468,8,249,1231,181,537,27,1,1,1,1
468,469,19,213,1328,193,587,16,1,1,1,1
469,470,10,182,1361,191,533,18,1,0,0,1
470,471,15,207,862,229,475,16,0,0,1,0
471,472,16,199,886,178,511,12,0,1,0,1
472,473,12,195,1307,204,361,15,0,0,1,0
473,474,17,209,965,202,477,14,1,0,1,1
474,475,17,215,1065,192,569,12,1,0,0,1
475,476,7,228,888,181,384,23,0,1,0,1
476,477,18,229,1181,236,566,27,0,0,0,0
477,478,12,236,1173,207,363,16,0,1,0,1
478,479,6,243,1206,173,485,20,0,1,1,1
479,480,11,238,984,218,502,29,1,0,0,1
480,481,15,185,1390,214,543,23,1,0,1,1
481,482,10,231,1357,167,449,25,0,0,0,0
482,483,5,241,1316,220,432,25,1,1,0,1
483,484,19,197,876,218,460,13,1,1,0,1
484,485,16,225,1196,225,390,25,0,0,0,0
485,486,5,242,950,246,533,17,1,0,1,1
486,487,15,202,1153,230,415,18,0,0,0,0
487,488,17,189,1194,152,584,14,1,1,1,1
488,489,8,185,998,224,377,27,1,1,1,1
489,490,15,241,922,189,493,22,0,1,1,1
490,491,6,222,816,188,493,24,0,0,0,1
491,492,15,196,1211,204,391,19,1,1,1,1
492,493,14,239,1094,150,555,14,1,0,1,1
493,494,17,197,907,159,356,13,1,0,1,1
494,495,18,248,884,225,476,28,1,0,0,1
495,496,14,240,1225,194,574,24,1,1,0,1
496,497,11,205,1254,202,570,17,0,0,0,0
497,498,11,194,913,231,406,14,1,0,0,1
498,499,12,241,1159,197,530,18,0,1,1,1
499,500,13,233,840,219,484,26,0,0,1,0
500,501,18,209,894,198,428,17,1,0,1,1
501,502,13,208,964,188,509,23,1,1,0,1
502,503,12,185,898,186,484,21,0,0,0,0
503,504,5,235,1371,154,383,18,0,1,0,1
504,505,13,230,927,225,477,25,1,0,0,1
505,506,11,233,1087,189,536,10,0,0,0,0
506,507,13,190,926,243,476,10,1,0,1,1
507,508,14,223,1187,212,396,19,0,1,0,1
508,509,13,239,1120,195,477,21,1,1,0,1
509,510,8,210,1349,225,376,12,1,1,1,1
510,511,11,239,1303,192,401,10,0,0,1,0
511,512,6,194,812,182,510,17,1,0,0,1
512,513,12,228,1259,151,538,29,1,1,0,1
513,514,9,236,1132,197,396,25,0,0,1,1
514,515,14,245,1170,184,445,15,1,1,0,1
515,516,7,187,1113,192,485,29,0,1,0,1
516,517,17,249,949,192,527,20,1,1,1,1
517,518,5,195,1324,224,389,23,1,1,1,1
518,519,13,232,1223,192,543,22,1,0,1,1
519,520,7,212,1239,196,355,13,1,0,1,1
520,521,18,214,1249,229,451,11,1,1,1,1
521,522,12,209,1093,240,505,12,0,0,1,0
522,523,13,231,1312,190,516,16,1,1,0,1
523,524,9,233,936,230,395,27,0,0,0,1
524,525,9,184,1268,193,501,23,0,0,1,0
525,526,17,244,853,242,362,19,0,0,1,0
526,527,6,206,1010,214,487,19,0,0,0,1
527,528,12,185,1136,213,507,15,0,1,1,1
528,529,19,197,1192,194,507,24,1,0,0,1
529,530,11,248,1190,152,363,25,1,1,1,1
530,531,14,236,1211,172,437,17,0,1,1,1
531,532,9,212,965,174,374,14,0,1,1,1
532,533,6,211,1219,194,487,13,1,0,0,1
533,534,10,228,1352,233,418,17,1,1,1,1
534,535,14,212,1150,244,515,19,1,1,0,1
535,536,12,194,1241,227,534,19,0,1,0,1
536,537,16,241,1101,157,553,17,1,0,1,1
537,538,18,212,1114,233,436,21,0,0,0,0
538,539,6,236,951,249,538,16,0,1,1,1
539,540,8,208,1042,203,502,23,1,0,1,1
540,541,10,223,1264,212,451,12,1,1,0,1
541,542,12,230,1045,179,454,17,0,1,1,1
542,543,8,226,1330,234,582,13,1,0,1,1
543,544,11,217,1286,158,530,22,0,0,0,0
544,545,11,182,1187,224,403,10,1,1,0,1
545,546,12,197,975,191,448,15,1,0,0,1
546,547,14,195,1246,184,524,10,1,1,0,1
547,548,6,247,1153,196,511,13,1,1,1,1
548,549,14,202,824,211,491,20,1,1,1,1
549,550,11,187,937,225,575,27,1,0,0,1
550,551,5,235,1128,222,549,26,1,0,0,1
551,552,8,229,999,205,362,18,0,1,0,1
552,553,13,206,1276,235,551,28,1,1,1,1
553,554,9,184,1097,218,524,25,0,1,0,1
554,555,6,206,1123,197,379,20,1,1,0,1
555,556,9,240,927,157,362,29,1,1,1,1
556,557,10,198,1035,206,533,15,0,1,1,1
557,558,5,216,824,235,398,23,0,0,1,1
558,559,8,200,1396,236,596,13,1,0,1,1
559,560,19,183,1230,220,385,14,0,1,0,1
560,561,15,198,1344,169,384,13,0,1,1,1
561,562,6,231,1354,193,408,13,0,1,0,1
562,563,9,229,837,220,538,17,0,1,0,1
563,564,9,211,1028,246,479,20,1,0,0,1
564,565,9,198,855,236,495,18,1,1,0,1
565,566,5,192,1347,171,521,18,1,0,0,1
566,567,5,225,1155,161,590,27,1,1,0,1
567,568,15,245,865,193,533,27,1,0,0,1
568,569,18,196,1149,217,359,15,0,1,0,1
569,570,13,225,1029,246,533,26,0,1,1,1
570,571,19,217,1155,179,599,13,1,1,1,1
571,572,16,230,1154,171,494,28,1,1,0,1
572,573,16,204,891,231,417,13,1,1,0,1
573,574,9,228,862,219,519,26,0,1,0,1
574,575,11,184,862,241,564,10,1,0,0,1
575,576,14,231,1297,151,397,25,0,1,0,1
576,577,17,226,1051,183,562,12,0,1,1,1
577,578,16,220,1390,190,438,21,0,1,0,1
578,579,8,194,958,193,575,28,0,0,1,0
579,580,8,190,1147,201,408,10,0,1,1,1
580,581,17,207,851,244,562,23,1,0,1,1
581,582,7,193,1316,232,563,18,0,1,0,1
582,583,6,184,1059,204,386,11,1,0,0,1
583,584,15,195,1292,229,586,25,0,0,0,0
584,585,7,209,900,201,362,16,1,0,1,1
585,586,6,222,1211,195,376,16,0,1,1,1
586,587,16,205,1100,243,352,22,0,0,1,0
587,588,8,202,1056,154,372,28,0,0,0,1
588,589,17,223,928,206,396,28,0,0,1,0
589,590,9,235,1056,198,433,27,0,0,0,1
590,591,15,182,896,170,599,29,0,0,0,0
591,592,6,205,829,166,368,15,0,1,1,1
592,593,6,180,1189,203,384,24,1,0,1,1
593,594,5,236,869,235,445,12,1,1,0,1
594,595,12,242,1086,216,545,11,1,1,0,1
595,596,13,226,816,170,350,16,0,1,1,1
596,597,15,192,1137,206,505,28,1,1,1,1
597,598,9,242,1003,174,398,19,0,0,1,1
598,599,8,217,809,193,588,15,1,1,0,1
599,600,10,211,876,234,564,27,0,1,0,1
600,601,11,208,1031,213,594,14,0,0,1,0
601,602,8,239,1232,165,481,29,0,0,0,1
602,603,7,220,1211,247,574,29,1,1,1,1
603,604,14,209,953,174,361,11,0,0,0,0
604,605,13,208,911,238,462,14,0,1,1,1
605,606,17,232,1388,241,566,29,0,1,1,1
606,607,6,222,1336,211,506,29,1,0,1,1
607,608,17,190,834,153,390,17,1,0,1,1
608,609,9,197,876,169,551,14,1,0,0,1
609,610,15,180,987,162,352,29,0,0,1,0
610,611,5,219,1355,194,556,25,0,1,0,1
611,612,13,218,1077,224,409,12,0,1,0,1
612,613,18,245,1284,159,594,22,0,0,0,0
613,614,8,228,1297,213,360,15,0,0,1,1
614,615,14,225,1310,242,482,13,1,1,0,1
615,616,10,229,1164,196,551,19,0,1,1,1
616,617,10,202,1324,245,459,27,0,1,1,1
617,618,6,245,898,237,477,29,1,0,0,1
618,619,12,246,1079,163,440,27,1,0,0,1
619,620,18,212,1331,219,457,21,0,0,1,0
620,621,19,230,1397,195,358,12,0,0,0,0
621,622,13,215,868,157,387,21,0,1,0,1
622,623,11,203,1001,191,582,21,1,0,0,1
623,624,9,207,1336,166,576,11,1,1,0,1
624,625,12,181,1275,200,586,27,1,1,1,1
625,626,8,189,1072,189,596,11,1,0,0,1
626,627,10,191,950,185,452,11,0,0,0,0
627,628,16,244,925,178,441,17,1,0,0,1
628,629,17,247,828,231,590,10,1,1,1,1
629,630,8,241,1084,187,536,22,0,0,0,0
630,631,11,234,933,151,536,27,1,1,1,1
631,632,9,216,1378,231,527,17,1,1,1,1
632,633,12,199,1219,180,595,22,0,0,1,0
633,634,8,249,1389,184,369,16,0,0,0,1
634,635,5,242,1279,153,385,12,0,0,1,1
635,636,10,248,1278,183,514,19,1,1,1,1
636,637,16,221,1061,193,474,28,1,0,1,1
637,638,16,196,829,239,424,22,1,1,0,1
638,639,19,237,891,151,399,28,0,0,0,0
639,640,14,185,1249,248,496,17,1,1,1,1
640,641,8,202,1117,206,354,27,0,1,0,1
641,642,12,183,1288,199,566,24,0,1,0,1
642,643,10,188,954,190,557,16,1,0,0,1
643,644,10,242,1084,232,399,16,1,0,0,1
644,645,17,221,1223,191,572,12,1,1,1,1
645,646,13,191,905,204,363,27,0,1,0,1
646,647,16,214,909,235,529,23,1,1,1,1
647,648,19,229,1177,197,494,29,1,1,0,1
648,649,5,219,1060,242,533,26,0,1,1,1
649,650,13,238,1238,215,454,18,0,1,1,1
650,651,8,185,1184,191,587,19,0,1,1,1
651,652,11,192,1067,188,553,17,1,1,1,1
652,653,14,239,979,162,411,28,0,1,0,1
653,654,15,195,1327,229,448,29,1,0,0,1
654,655,8,184,1297,178,367,11,0,0,1,1
655,656,7,202,870,175,548,29,0,0,0,0
656,657,16,232,895,203,374,21,0,0,0,0
657,658,12,246,802,236,443,13,1,1,1,1
658,659,5,185,1308,213,571,12,0,0,1,0
659,660,8,219,1073,241,416,10,1,0,0,1
660,661,15,221,1042,227,553,24,1,0,1,1
661,662,19,202,960,183,396,10,1,0,0,1
662,663,5,199,1025,228,518,18,0,1,1,1
663,664,8,242,1222,158,559,14,1,0,1,1
664,665,11,209,1380,218,517,29,0,1,1,1
665,666,6,189,1060,196,359,28,0,1,0,1
666,667,17,191,1135,235,457,15,1,0,0,1
667,668,16,206,927,195,376,17,0,1,1,1
668,669,14,181,1077,242,370,12,1,1,1,1
669,670,7,226,1171,172,535,29,1,1,0,1
670,671,18,235,902,164,546,11,0,0,0,0
671,672,14,190,1072,150,456,23,0,1,1,1
672,673,9,204,802,200,416,20,0,0,0,1
673,674,14,223,974,204,402,27,0,1,0,1
674,675,18,193,910,200,389,16,0,0,0,0
675,676,16,235,1088,159,433,10,1,0,0,1
676,677,6,185,1031,183,541,17,1,0,0,1
677,678,8,203,1185,190,466,15,0,0,1,1
678,679,7,222,1092,190,485,20,1,0,1,1
679,680,9,229,1064,157,381,19,1,1,0,1
680,681,18,236,1359,176,446,11,0,0,0,0
681,682,14,223,800,179,546,10,1,1,0,1
682,683,12,204,963,200,594,13,1,0,1,1
683,684,9,201,826,207,505,18,1,0,0,1
684,685,14,198,990,167,502,22,1,1,1,1
685,686,19,243,1059,160,584,13,1,0,1,1
686,687,9,209,1059,193,405,12,1,1,1,1
687,688,6,217,1154,212,486,27,1,1,0,1
688,689,7,229,916,247,394,11,1,0,0,1
689,690,18,220,964,215,403,18,1,0,1,1
690,691,19,191,1226,169,568,16,1,1,1,1
691,692,18,236,1166,243,388,11,1,1,0,1
692,693,12,243,820,156,505,21,1,0,0,1
693,694,7,194,1033,155,576,26,0,1,1,1
694,695,8,212,933,218,393,23,0,1,0,1
695,696,14,245,883,216,554,23,0,0,1,0
696,697,15,245,1059,190,589,24,1,0,1,1
697,698,12,216,951,230,358,26,1,1,1,1
698,699,15,205,848,221,518,13,0,0,0,0
699,700,11,230,1017,190,470,23,1,1,1,1
700,701,11,192,1316,174,587,16,1,0,0,1
701,702,17,204,1040,237,382,28,0,1,1,1
702,703,7,199,1004,202,542,11,1,1,0,1
703,704,15,247,1227,172,589,18,1,1,1,1
704,705,8,190,1038,191,559,24,1,0,0,1
705,706,11,187,843,156,554,28,1,0,1,1
706,707,19,232,1312,228,366,19,1,1,1,1
707,708,5,194,1363,201,467,17,0,0,1,1
708,709,18,226,823,189,598,22,1,0,0,1
709,710,17,215,1248,174,425,19,1,0,0,1
710,711,15,203,802,181,429,26,1,1,0,1
711,712,13,241,1068,170,570,11,1,1,1,1
712,713,5,233,1376,168,401,27,1,1,1,1
713,714,15,192,872,185,542,11,1,1,0,1
714,715,16,225,1197,246,460,28,1,0,0,1
715,716,18,187,931,234,570,25,0,0,0,0
716,717,12,227,1030,238,514,24,1,1,1,1
717,718,19,219,1254,246,410,17,0,1,0,1
718,719,11,199,1204,241,368,16,0,1,0,1
719,720,18,230,802,194,559,27,0,0,1,0
720,721,10,245,975,232,503,18,0,0,1,0
721,722,19,223,1311,172,390,25,0,1,1,1
722,723,14,236,1370,248,503,11,1,1,0,1
723,724,11,230,910,181,354,17,1,1,1,1
724,725,10,214,1394,200,488,18,0,0,1,0
725,726,16,191,1054,168,447,18,1,0,1,1
726,727,7,191,1392,228,436,10,0,0,0,1
727,728,12,216,1113,157,575,19,0,0,0,0
728,729,17,229,1089,161,460,12,0,1,1,1
729,730,6,228,1290,213,560,10,1,0,1,1
730,731,14,191,869,224,513,20,1,1,1,1
731,732,7,214,1021,207,590,18,0,1,0,1
732,733,7,219,879,208,434,23,0,1,0,1
733,734,17,190,889,188,483,13,1,0,0,1
734,735,19,182,1293,191,408,15,0,1,1,1
735,736,10,226,1080,236,449,22,0,0,0,0
736,737,16,231,1156,214,525,10,0,1,0,1
737,738,11,221,1245,184,555,13,0,1,0,1
738,739,9,183,877,231,582,21,1,1,1,1
739,740,18,196,1324,192,453,10,0,0,0,0
740,741,7,243,913,202,508,18,1,0,1,1
741,742,17,244,1361,220,489,24,0,0,1,0
742,743,19,193,931,153,358,13,1,1,0,1
743,744,18,218,915,190,471,10,0,0,1,0
744,745,7,184,1197,241,376,19,1,1,0,1
745,746,6,183,875,226,454,16,0,0,0,1
746,747,17,199,817,189,445,13,0,1,1,1
747,748,5,196,868,235,568,13,0,1,1,1
748,749,14,204,1271,175,400,25,1,0,1,1
749,750,5,191,1103,150,579,10,0,0,1,0
750,751,7,202,1130,184,369,16,1,1,0,1
751,752,13,240,1222,215,533,22,0,1,1,1
752,753,8,182,1045,193,381,28,1,0,1,1
753,754,18,188,1232,187,548,15,1,1,1,1
754,755,15,218,1348,239,529,11,1,0,0,1
755,756,5,232,1277,237,387,27,0,1,1,1
756,757,15,243,1347,192,489,25,1,0,1,1
757,758,16,201,1255,218,429,18,0,1,1,1
758,759,13,184,808,202,522,19,1,0,1,1
759,760,13,211,901,221,403,23,0,1,1,1
760,761,6,217,1191,243,482,26,1,0,0,1
761,762,5,187,1261,151,577,19,1,0,1,1
762,763,10,202,882,173,592,14,1,0,1,1
763,764,13,222,1176,237,495,17,1,1,1,1
764,765,7,239,1329,238,586,15,0,0,1,0
765,766,8,234,926,239,375,17,1,0,1,1
766,767,17,231,1064,219,532,13,0,0,0,0
767,768,19,203,847,172,472,11,1,1,0,1
768,769,10,205,1355,230,426,19,0,0,1,0
769,770,16,237,1100,245,350,11,0,0,1,0
770,771,8,249,875,214,446,18,0,0,0,1
771,772,13,225,1105,217,548,26,1,0,1,1
772,773,11,231,850,247,577,16,1,1,1,1
773,774,9,239,938,181,519,24,0,0,1,0
774,775,11,224,971,220,454,22,1,0,0,1
775,776,17,206,902,202,433,16,0,1,0,1
776,777,8,223,1374,214,473,10,0,0,1,1
777,778,11,212,1283,158,449,20,1,0,1,1
778,779,7,210,1138,174,443,22,1,0,0,1
779,780,17,194,1118,220,584,23,0,1,0,1
780,781,17,241,1173,225,565,11,0,1,1,1
781,782,11,181,1219,218,375,10,1,1,0,1
782,783,10,227,1141,212,562,19,1,1,0,1
783,784,16,223,1025,221,473,14,0,0,1,0
784,785,10,195,889,175,522,13,0,1,1,1
785,786,18,248,1258,201,422,19,1,0,1,1
786,787,14,219,1313,192,388,18,1,0,0,1
787,788,9,180,1306,155,564,29,1,0,0,1
788,789,11,238,1205,187,581,23,0,1,1,1
789,790,18,192,1225,154,400,17,0,0,0,0
790,791,10,223,813,212,595,29,0,1,1,1
791,792,16,234,1122,192,493,22,1,0,1,1
792,793,6,227,1010,162,482,12,0,0,0,1
793,794,8,202,1012,166,553,14,1,0,0,1
794,795,18,211,1112,207,376,23,1,1,0,1
795,796,8,214,1141,219,425,23,1,0,1,1
796,797,15,222,837,163,376,17,1,0,0,1
797,798,13,248,1230,161,554,19,0,1,1,1
798,799,19,242,1011,236,378,17,0,0,1,0
799,800,14,216,1274,189,478,25,0,0,1,0
800,801,10,224,1190,150,419,21,0,0,1,0
801,802,18,186,1312,174,407,19,1,1,1,1
802,803,10,228,1192,177,580,11,1,0,1,1
803,804,11,189,1179,180,363,21,0,0,0,0
804,805,5,208,1039,238,372,26,0,0,1,1
805,806,14,236,1225,242,566,21,0,1,0,1
806,807,19,189,863,174,411,11,0,0,1,0
807,808,12,246,857,244,440,18,0,1,0,1
808,809,10,189,1351,202,412,11,1,0,0,1
809,810,6,216,1235,182,483,22,1,0,1,1
810,811,10,208,1165,212,432,27,1,0,1,1
811,812,11,244,1151,211,394,18,1,1,0,1
812,813,17,193,873,249,460,10,0,1,0,1
813,814,15,182,1319,236,570,12,0,0,1,0
814,815,15,217,1155,197,417,16,0,1,0,1
815,816,16,183,1046,158,373,15,1,0,1,1
816,817,11,230,1315,153,487,20,0,1,0,1
817,818,19,241,1074,202,529,26,0,1,0,1
818,819,19,208,846,228,355,19,1,0,1,1
819,820,13,215,1161,210,568,21,1,0,0,1
820,821,12,233,945,209,383,17,0,1,1,1
821,822,18,206,911,231,479,11,1,0,0,1
822,823,10,222,955,209,413,23,1,0,0,1
823,824,16,226,854,233,574,22,0,1,1,1
824,825,15,249,1203,238,434,15,0,0,0,0
825,826,8,208,999,238,599,15,1,0,0,1
826,827,15,223,1383,249,539,26,1,0,0,1
827,828,7,242,1227,215,589,21,0,1,0,1
828,829,14,189,874,226,441,18,1,0,0,1
829,830,16,218,1175,234,584,15,0,1,0,1
830,831,14,211,1276,157,554,25,1,0,0,1
831,832,8,202,1011,236,381,26,0,1,0,1
832,833,18,237,1223,194,587,17,0,1,1,1
833,834,19,201,1214,229,569,18,1,0,0,1
834,835,7,241,1023,182,536,16,0,1,1,1
835,836,10,221,975,183,481,21,0,0,1,0
836,837,15,221,904,227,593,26,0,0,0,0
837,838,9,203,1169,151,434,10,1,0,0,1
838,839,6,232,919,153,488,19,0,1,0,1
839,840,10,203,1101,189,529,25,1,1,1,1
840,841,19,221,983,212,423,22,0,0,1,0
841,842,13,240,910,212,547,14,1,0,1,1
842,843,8,227,1120,177,491,27,0,0,0,1
843,844,10,195,1269,208,410,13,1,0,0,1
844,845,13,216,1211,248,454,16,1,1,0,1
845,846,9,245,805,197,431,19,0,0,1,1
846,847,15,222,835,175,536,26,0,1,0,1
847,848,6,180,995,230,395,14,1,0,0,1
848,849,12,186,956,223,503,24,1,0,0,1
849,850,13,247,937,175,481,23,1,0,0,1
850,851,6,211,1099,214,542,11,1,1,1,1
851,852,7,209,907,165,596,27,1,0,1,1
852,853,6,196,1270,230,556,25,0,0,1,0
853,854,19,247,932,157,594,11,1,1,0,1
854,855,6,206,1116,173,364,25,0,1,1,1
855,856,12,186,1228,190,565,20,0,0,0,0
856,857,10,191,802,188,548,27,0,1,1,1
857,858,16,235,869,187,365,13,1,0,1,1
858,859,19,223,1359,218,355,29,1,1,1,1
859,860,5,247,1004,248,404,24,1,0,0,1
860,861,9,200,879,236,350,14,1,0,0,1
861,862,6,194,1353,210,581,23,1,0,0,1
862,863,6,194,1315,199,549,22,0,1,0,1
863,864,18,243,1168,180,539,25,1,0,0,1
864,865,17,223,959,247,431,11,1,1,0,1
865,866,11,207,1254,241,382,14,0,0,1,0
866,867,19,200,897,221,408,29,1,0,1,1
867,868,11,203,975,227,379,15,1,0,0,1
868,869,5,214,1067,239,509,10,1,1,1,1
869,870,7,212,1118,187,557,27,0,0,0,0
870,871,8,245,990,181,553,27,0,1,1,1
871,872,12,202,931,199,585,27,1,1,0,1
872,873,17,201,907,197,509,17,1,1,1,1
873,874,14,237,969,203,368,18,1,1,1,1
874,875,19,248,1110,158,457,28,1,1,0,1
875,876,7,225,1081,168,452,15,0,0,1,1
876,877,16,219,1190,234,564,12,1,0,1,1
877,878,9,204,871,175,421,13,0,1,0,1
878,879,14,197,1149,189,594,10,0,0,1,0
879,880,19,232,1350,243,577,13,0,0,0,0
880,881,5,188,1063,152,540,11,0,1,0,1
881,882,17,185,1170,200,369,24,0,1,0,1
882,883,11,190,1016,231,419,22,1,1,1,1
883,884,14,242,1107,247,527,16,0,1,0,1
884,885,7,209,1099,153,542,14,0,1,0,1
885,886,9,191,1226,176,585,16,0,1,0,1
886,887,12,210,1039,203,479,27,1,1,1,1
887,888,8,238,929,238,400,11,1,1,1,1
888,889,5,222,1162,213,531,26,0,0,1,0
889,890,17,205,1365,244,410,12,0,0,1,0
890,891,10,234,1248,207,408,24,0,0,0,0
891,892,9,205,1183,215,556,20,0,1,0,1
892,893,18,225,856,232,466,27,1,0,0,1
893,894,5,183,943,221,535,15,1,0,0,1
894,895,18,217,1136,193,496,18,0,1,1,1
895,896,7,213,1000,219,519,18,1,0,1,1
896,897,8,240,1161,208,356,11,0,1,1,1
897,898,6,187,991,190,578,15,0,1,1,1
898,899,12,240,1227,169,521,10,0,1,0,1
899,900,15,217,1209,184,591,10,1,0,1,1
900,901,6,196,928,235,510,21,1,0,1,1
901,902,19,225,923,238,425,29,0,1,0,1
902,903,18,219,1105,244,565,16,1,1,0,1
903,904,8,213,1223,215,473,24,1,0,0,1
904,905,15,245,1186,150,374,15,1,0,1,1
905,906,9,248,998,238,400,26,1,1,0,1
906,907,15,204,1131,197,486,28,0,0,0,0
907,908,6,186,1067,154,467,15,1,0,0,1
908,909,12,240,1261,214,433,13,0,1,1,1
909,910,9,241,990,186,352,20,0,1,0,1
910,911,5,239,1192,210,592,20,0,0,1,0
911,912,15,209,827,200,378,19,0,0,0,0
912,913,7,208,1164,205,388,17,0,1,0,1
913,914,17,204,1354,234,598,10,1,1,1,1
914,915,15,183,1199,218,524,10,0,0,0,0
915,916,12,201,1184,155,393,24,0,0,0,0
916,917,9,186,967,211,447,12,0,0,0,1
917,918,5,201,1349,228,466,15,1,1,1,1
918,919,7,207,1318,172,363,13,0,0,1,1
919,920,11,206,1388,229,395,13,0,1,1,1
920,921,14,244,864,233,383,23,1,0,1,1
921,922,7,183,850,226,360,28,0,1,1,1
922,923,9,233,977,211,465,27,0,0,1,1
923,924,17,217,1212,189,437,12,0,0,0,0
924,925,14,187,1249,182,475,12,1,1,1,1
925,926,14,191,850,207,427,29,1,1,1,1
926,927,17,182,1191,180,465,28,0,0,0,0
927,928,10,234,1117,234,588,14,0,1,1,1
928,929,9,185,1294,170,380,21,1,1,1,1
929,930,15,197,950,208,414,13,1,0,0,1
930,931,9,185,1119,219,457,27,0,0,0,1
931,932,14,210,1279,224,549,12,0,1,0,1
932,933,15,183,1364,238,417,29,1,0,1,1
933,934,17,180,1191,225,476,18,0,0,0,0
934,935,13,224,836,171,460,19,1,0,1,1
935,936,6,224,1264,220,478,24,1,0,0,1
936,937,10,241,1034,215,445,13,1,0,0,1
937,938,12,180,1204,202,486,22,0,1,0,1
938,939,5,197,1350,163,417,27,1,1,1,1
939,940,15,209,1188,229,361,20,0,0,1,0
940,941,6,214,944,193,501,27,0,0,0,0
941,942,15,239,911,235,370,10,1,0,1,1
942,943,8,201,984,217,351,27,1,0,1,1
943,944,14,243,1051,243,548,21,1,1,0,1
944,945,7,197,927,159,588,18,1,1,0,1
945,946,13,218,815,204,418,12,0,1,1,1
946,947,7,181,1272,238,520,26,1,0,1,1
947,948,9,195,1060,205,449,14,1,1,0,1
948,949,19,197,1396,205,474,19,0,0,0,0
949,950,17,233,905,206,589,20,0,0,0,0
950,951,13,202,1364,199,372,25,1,1,1,1
951,952,7,227,1052,170,508,27,1,1,0,1
952,953,14,246,1277,187,388,17,1,0,0,1
953,954,13,191,1044,203,425,23,1,1,0,1
954,955,12,189,1018,211,402,13,1,1,1,1
955,956,15,220,1180,233,448,27,0,0,1,0
956,957,16,234,1019,190,597,13,1,1,1,1
957,958,17,231,988,217,545,23,0,0,1,0
958,959,13,227,866,187,463,29,1,1,1,1
959,960,7,184,1309,153,584,28,0,0,0,0
960,961,8,190,1335,234,542,22,1,0,1,1
961,962,17,186,828,188,356,24,0,0,1,0
962,963,8,224,1049,244,383,20,1,1,0,1
963,964,18,188,1377,183,379,23,1,0,0,1
964,965,11,198,868,239,435,23,1,1,1,1
965,966,5,182,836,191,364,23,0,0,0,1
966,967,15,249,824,172,402,29,1,1,1,1
967,968,8,209,1132,216,436,11,1,0,0,1
968,969,11,207,1090,207,441,13,0,1,1,1
969,970,16,197,1141,177,545,22,1,1,0,1
970,971,8,238,1375,208,463,18,0,0,0,1
971,972,14,191,1092,178,444,29,1,0,1,1
972,973,11,229,1225,210,453,20,0,1,0,1
973,974,8,183,1062,249,524,16,1,0,0,1
974,975,7,191,1087,197,437,21,0,1,1,1
975,976,7,237,1306,183,374,23,1,1,1,1
976,977,7,230,1039,175,585,17,1,0,0,1
977,978,11,195,1318,224,491,23,1,1,1,1
978,979,9,237,978,222,510,28,0,1,1,1
979,980,16,183,927,231,382,28,1,1,1,1
980,981,11,240,1259,239,592,25,1,0,0,1
981,982,5,219,960,157,468,24,0,0,1,1
982,983,9,209,1273,201,591,11,1,0,0,1
983,984,18,233,1350,179,375,23,1,0,0,1
984,985,14,247,1085,189,423,29,1,0,0,1
985,986,7,236,1058,191,451,28,0,0,0,1
986,987,6,225,1395,170,458,17,0,0,1,1
987,988,17,191,1132,183,495,26,0,1,1,1
988,989,11,185,864,160,501,23,1,1,0,1
989,990,6,210,1225,226,385,21,1,1,1,1
990,991,12,238,950,197,471,22,1,0,0,1
991,992,17,248,1329,152,385,16,1,0,1,1
992,993,10,239,804,246,512,27,0,1,0,1
993,994,11,212,932,238,434,10,0,0,0,0
994,995,6,217,1202,203,547,19,0,1,0,1
995,996,15,223,814,219,370,15,1,1,1,1
996,997,11,240,810,169,356,16,0,0,0,0
997,998,18,225,1106,150,486,11,1,1,1,1
998,999,11,209,803,167,350,29,0,0,1,0
999,1000,11,207,808,237,411,18,1,0,1,1
