,Plate Thickness,Plate Width,Plate Length,Steel Grade,Manufacturing Date,Plate Weight,Processing Method,Plate Usage,Temperature,Humidity,Presence of Defects,label
0,18,2446,3287,DIN,2025-09-01,2018,Forging,Construction,22,98,0,0
1,19,2144,3777,ISO,2025-09-02,3393,Casting,Automotive,33,84,0,1
2,16,2200,3015,DIN,2025-09-03,2263,Rolling,Construction,29,91,0,0
3,18,2416,3710,JIS,2025-09-04,2793,Forging,Aerospace,26,83,0,0
4,18,2211,3400,ISO,2025-09-05,2112,Forging,Aerospace,36,68,0,0
5,19,2460,3918,DIN,2025-09-06,3350,Rolling,Automotive,25,99,0,1
6,16,2219,3793,ISO,2025-09-07,2541,Rolling,Automotive,23,82,0,0
7,16,2239,3980,ISO,2025-09-08,2646,Rolling,Construction,36,72,0,0
8,18,2412,3085,DIN,2025-09-09,2578,Rolling,Aerospace,28,91,0,0
9,17,2396,3249,ISO,2025-09-10,3088,Rolling,Construction,23,74,0,0
10,18,2045,3390,DIN,2025-09-11,3315,Rolling,Automotive,26,95,0,0
11,18,2034,3781,JIS,2025-09-12,2024,Rolling,Aerospace,21,64,0,0
12,18,2252,3334,ISO,2025-09-13,2000,Forging,Aerospace,36,81,0,0
13,18,2389,3628,DIN,2025-09-14,2910,Forging,Automotive,27,75,0,0
14,19,2081,3518,ISO,2025-09-15,2140,Casting,Construction,34,69,0,0
15,16,2370,3136,JIS,2025-09-16,2647,Rolling,Aerospace,34,83,0,0
16,19,2255,3882,DIN,2025-09-17,2187,Forging,Automotive,27,77,0,0
17,19,2196,3687,JIS,2025-09-18,3151,Casting,Aerospace,35,77,0,1
18,19,2302,3839,DIN,2025-09-19,2200,Forging,Automotive,38,66,1,0
19,18,2408,3497,ISO,2025-09-20,3150,Rolling,Construction,30,63,1,0
20,17,2449,3826,DIN,2025-09-21,2256,Forging,Construction,21,85,0,0
21,16,2009,3726,JIS,2025-09-22,2546,Rolling,Construction,36,64,0,0
22,17,2311,3476,DIN,2025-09-23,2193,Rolling,Automotive,35,75,0,0
23,19,2285,3593,JIS,2025-09-24,2702,Forging,Construction,34,94,1,0
24,19,2241,3222,JIS,2025-09-25,3127,Forging,Construction,32,85,1,1
25,17,2250,3989,ISO,2025-09-26,3288,Rolling,Construction,34,77,0,0
26,17,2364,3371,ISO,2025-09-27,2801,Casting,Automotive,23,88,1,0
27,17,2004,3934,DIN,2025-09-28,2941,Forging,Construction,35,82,0,0
28,19,2118,3994,DIN,2025-09-29,3407,Rolling,Construction,31,73,0,1
29,19,2288,3401,JIS,2025-09-30,3283,Casting,Construction,23,74,0,1
30,16,2373,3442,JIS,2025-10-01,2413,Rolling,Construction,22,92,0,0
31,16,2064,3489,ISO,2025-10-02,3381,Casting,Construction,36,84,1,0
32,19,2145,3614,ISO,2025-10-03,3098,Forging,Construction,37,80,0,1
33,17,2223,3272,JIS,2025-10-04,3378,Rolling,Construction,37,76,0,0
34,17,2238,3525,ISO,2025-10-05,2909,Forging,Aerospace,36,82,1,0
35,16,2176,3158,JIS,2025-10-06,2187,Forging,Automotive,31,76,1,0
36,19,2266,3151,DIN,2025-10-07,3313,Forging,Construction,23,73,0,1
37,16,2340,3994,DIN,2025-10-08,2044,Casting,Aerospace,31,88,0,0
38,16,2281,3619,ISO,2025-10-09,2082,Forging,Construction,39,79,0,0
39,18,2062,3187,DIN,2025-10-10,3146,Forging,Automotive,34,89,0,0
40,18,2216,3812,DIN,2025-10-11,2357,Casting,Automotive,35,78,1,0
41,18,2341,3097,DIN,2025-10-12,3089,Forging,Construction,24,98,1,0
42,17,2314,3130,ISO,2025-10-13,2935,Rolling,Construction,34,72,0,0
43,19,2282,3804,JIS,2025-10-14,2374,Casting,Construction,36,77,0,0
44,19,2176,3170,JIS,2025-10-15,2161,Rolling,Construction,37,82,0,0
45,19,2460,3935,ISO,2025-10-16,3403,Forging,Automotive,24,92,1,1
46,19,2416,3985,ISO,2025-10-17,3381,Casting,Construction,32,98,0,1
47,18,2097,3182,ISO,2025-10-18,3211,Forging,Construction,38,99,0,0
48,17,2104,3982,DIN,2025-10-19,2321,Forging,Construction,32,77,0,0
49,17,2098,3363,DIN,2025-10-20,2449,Forging,Construction,37,68,0,0
50,18,2384,3038,DIN,2025-10-21,3497,Rolling,Construction,33,92,0,0
51,17,2404,3526,ISO,2025-10-22,3036,Casting,Construction,23,91,0,0
52,18,2495,3887,ISO,2025-10-23,2183,Rolling,Automotive,23,76,1,0
53,19,2310,3496,DIN,2025-10-24,2110,Rolling,Construction,39,78,1,0
54,18,2005,3515,DIN,2025-10-25,2507,Rolling,Construction,39,86,0,0
55,19,2475,3348,JIS,2025-10-26,3313,Forging,Automotive,38,65,0,1
56,19,2464,3981,ISO,2025-10-27,2294,Forging,Construction,32,94,0,0
57,16,2196,3920,DIN,2025-10-28,3474,Casting,Automotive,31,96,0,0
58,18,2350,3396,DIN,2025-10-29,2903,Rolling,Automotive,26,93,0,0
59,16,2132,3721,DIN,2025-10-30,3238,Rolling,Construction,31,79,1,0
60,18,2357,3160,JIS,2025-10-31,2973,Rolling,Construction,23,84,0,0
61,18,2258,3015,DIN,2025-11-01,2631,Rolling,Construction,21,63,0,0
62,16,2436,3492,JIS,2025-11-02,3050,Forging,Construction,21,69,1,0
63,16,2022,3425,ISO,2025-11-03,2732,Rolling,Construction,24,69,1,0
64,18,2484,3107,ISO,2025-11-04,3254,Rolling,Construction,29,83,0,0
65,17,2052,3893,JIS,2025-11-05,2320,Rolling,Construction,29,80,0,0
66,19,2164,3449,DIN,2025-11-06,2912,Rolling,Construction,28,70,0,0
67,16,2201,3310,ISO,2025-11-07,3256,Rolling,Automotive,32,86,0,0
68,19,2457,3738,ISO,2025-11-08,2436,Rolling,Construction,26,75,0,0
69,17,2082,3169,ISO,2025-11-09,2780,Forging,Construction,24,85,0,0
70,17,2144,3545,JIS,2025-11-10,3426,Casting,Construction,29,89,1,0
71,17,2084,3413,ISO,2025-11-11,3076,Forging,Automotive,29,75,0,0
72,16,2077,3250,ISO,2025-11-12,3336,Casting,Construction,25,66,0,0
73,17,2456,3758,ISO,2025-11-13,3304,Rolling,Automotive,38,75,0,0
74,16,2365,3780,ISO,2025-11-14,2725,Forging,Construction,27,94,0,0
75,17,2000,3140,ISO,2025-11-15,2030,Casting,Automotive,20,75,1,0
76,19,2050,3273,DIN,2025-11-16,2336,Rolling,Construction,36,99,0,0
77,19,2172,3415,ISO,2025-11-17,2182,Casting,Construction,26,71,0,0
78,18,2204,3607,JIS,2025-11-18,3046,Rolling,Construction,33,94,0,0
79,19,2259,3738,ISO,2025-11-19,2543,Rolling,Construction,36,80,0,0
80,18,2445,3890,DIN,2025-11-20,3469,Rolling,Construction,28,95,0,0
81,19,2448,3038,JIS,2025-11-21,3097,Forging,Construction,36,76,0,1
82,16,2368,3813,DIN,2025-11-22,3033,Forging,Automotive,24,91,0,0
83,19,2487,3028,DIN,2025-11-23,3479,Forging,Aerospace,39,65,0,1
84,18,2287,3957,ISO,2025-11-24,2659,Rolling,Construction,27,83,0,0
85,18,2033,3476,ISO,2025-11-25,2159,Rolling,Construction,25,86,1,0
86,17,2347,3317,DIN,2025-11-26,3037,Rolling,Construction,30,79,1,0
87,16,2094,3244,JIS,2025-11-27,3201,Rolling,Automotive,38,84,0,0
88,19,2071,3747,DIN,2025-11-28,2411,Casting,Construction,23,61,0,0
89,17,2038,3696,DIN,2025-11-29,3011,Rolling,Aerospace,37,68,0,0
90,19,2153,3271,JIS,2025-11-30,2052,Casting,Construction,20,87,0,0
91,19,2249,3439,DIN,2025-12-01,2407,Casting,Construction,32,97,0,0
92,17,2161,3747,ISO,2025-12-02,2846,Rolling,Automotive,33,62,1,0
93,17,2437,3238,DIN,2025-12-03,3045,Forging,Automotive,20,79,1,0
94,17,2117,3376,JIS,2025-12-04,3053,Rolling,Construction,30,65,0,0
95,17,2258,3265,ISO,2025-12-05,2702,Rolling,Construction,36,98,0,0
96,17,2378,3925,DIN,2025-12-06,2259,Rolling,Aerospace,23,92,1,0
97,19,2305,3920,ISO,2025-12-07,3228,Forging,Construction,31,60,1,1
98,17,2267,3358,DIN,2025-12-08,3082,Rolling,Automotive,29,96,0,0
99,16,2448,3339,ISO,2025-12-09,3494,Forging,Construction,25,65,0,0
100,18,2053,3388,DIN,2025-12-10,2775,Forging,Automotive,20,93,0,0
101,17,2235,3576,JIS,2025-12-11,3489,Rolling,Automotive,26,74,0,0
102,17,2388,3989,ISO,2025-12-12,3035,Forging,Construction,35,85,0,0
103,19,2477,3688,DIN,2025-12-13,3313,Forging,Automotive,33,73,0,1
104,17,2221,3002,JIS,2025-12-14,2849,Rolling,Construction,39,66,0,0
105,17,2250,3428,JIS,2025-12-15,2353,Rolling,Construction,39,90,0,0
106,17,2312,3141,ISO,2025-12-16,3098,Forging,Construction,25,83,0,0
107,19,2400,3375,ISO,2025-12-17,2872,Rolling,Construction,24,90,0,0
108,17,2111,3669,ISO,2025-12-18,3464,Forging,Automotive,37,88,1,0
109,18,2254,3323,JIS,2025-12-19,2990,Rolling,Construction,34,91,1,0
110,19,2302,3145,JIS,2025-12-20,3264,Rolling,Construction,25,76,0,1
111,18,2406,3957,DIN,2025-12-21,3017,Rolling,Construction,38,73,0,0
112,19,2206,3292,JIS,2025-12-22,3177,Rolling,Construction,20,99,1,1
113,17,2228,3664,DIN,2025-12-23,3119,Forging,Construction,20,95,0,0
114,18,2340,3431,DIN,2025-12-24,2293,Rolling,Automotive,32,83,0,0
115,19,2397,3704,ISO,2025-12-25,2208,Forging,Aerospace,22,86,0,0
116,16,2065,3948,JIS,2025-12-26,3366,Casting,Automotive,29,84,0,0
117,17,2074,3974,ISO,2025-12-27,3111,Forging,Construction,22,91,0,0
118,19,2434,3584,JIS,2025-12-28,2817,Forging,Construction,28,77,1,0
119,16,2102,3398,JIS,2025-12-29,2389,Rolling,Construction,27,77,0,0
120,19,2421,3816,JIS,2025-12-30,2324,Rolling,Construction,22,96,0,0
121,16,2191,3888,ISO,2025-12-31,2939,Forging,Construction,32,85,1,0
122,17,2251,3343,ISO,2026-01-01,2888,Rolling,Construction,25,68,0,0
123,18,2225,3963,ISO,2026-01-02,3180,Forging,Construction,32,94,0,0
124,16,2293,3139,ISO,2026-01-03,2667,Rolling,Aerospace,39,67,0,0
125,19,2305,3186,ISO,2026-01-04,2632,Forging,Construction,39,79,0,0
126,17,2097,3804,JIS,2026-01-05,2576,Casting,Construction,31,81,0,0
127,16,2337,3060,DIN,2026-01-06,2136,Casting,Construction,32,78,0,0
128,19,2285,3996,ISO,2026-01-07,2427,Forging,Construction,21,89,0,0
129,19,2334,3938,ISO,2026-01-08,3475,Forging,Automotive,35,87,0,1
130,19,2346,3379,DIN,2026-01-09,2611,Forging,Construction,25,94,0,0
131,16,2434,3709,DIN,2026-01-10,2910,Forging,Construction,38,70,0,0
132,16,2446,3806,DIN,2026-01-11,2818,Rolling,Construction,32,90,0,0
133,16,2481,3439,JIS,2026-01-12,2140,Rolling,Construction,36,98,0,0
134,18,2307,3318,DIN,2026-01-13,3106,Rolling,Construction,28,95,0,0
135,16,2248,3301,JIS,2026-01-14,2176,Casting,Automotive,36,89,1,0
136,16,2165,3343,JIS,2026-01-15,2197,Rolling,Automotive,21,82,0,0
137,16,2480,3010,ISO,2026-01-16,2623,Forging,Automotive,38,78,0,0
138,18,2471,3061,JIS,2026-01-17,2690,Forging,Construction,38,71,0,0
139,16,2334,3844,ISO,2026-01-18,3444,Forging,Automotive,26,74,0,0
140,19,2029,3225,JIS,2026-01-19,2400,Forging,Construction,29,90,0,0
141,16,2246,3152,ISO,2026-01-20,2470,Rolling,Construction,29,96,1,0
142,19,2105,3710,JIS,2026-01-21,2217,Forging,Automotive,39,96,1,0
143,19,2050,3563,JIS,2026-01-22,2928,Casting,Construction,28,74,0,0
144,19,2080,3771,JIS,2026-01-23,2631,Rolling,Construction,36,88,0,0
145,18,2132,3570,JIS,2026-01-24,2950,Rolling,Automotive,34,85,0,0
146,18,2284,3583,ISO,2026-01-25,2905,Forging,Construction,21,61,0,0
147,18,2387,3659,ISO,2026-01-26,2174,Casting,Construction,23,79,0,0
148,16,2137,3860,DIN,2026-01-27,2022,Rolling,Construction,38,74,0,0
149,19,2183,3574,ISO,2026-01-28,2234,Forging,Automotive,36,63,1,0
150,18,2400,3309,DIN,2026-01-29,3036,Casting,Aerospace,24,81,0,0
151,18,2329,3884,ISO,2026-01-30,3124,Rolling,Automotive,26,97,0,0
152,16,2272,3242,JIS,2026-01-31,2928,Casting,Construction,37,82,0,0
153,18,2339,3492,DIN,2026-02-01,2522,Forging,Construction,26,85,0,0
154,16,2471,3365,JIS,2026-02-02,3475,Forging,Construction,36,70,0,0
155,17,2068,3329,ISO,2026-02-03,2430,Forging,Construction,26,87,1,0
156,18,2033,3106,JIS,2026-02-04,2792,Rolling,Construction,23,61,0,0
157,17,2261,3225,JIS,2026-02-05,2532,Rolling,Construction,27,67,0,0
158,16,2052,3824,DIN,2026-02-06,2978,Rolling,Construction,32,88,0,0
159,19,2449,3217,DIN,2026-02-07,3316,Rolling,Aerospace,23,70,0,1
160,18,2204,3936,JIS,2026-02-08,2809,Rolling,Construction,25,96,1,0
161,16,2125,3752,ISO,2026-02-09,2912,Casting,Construction,24,77,0,0
162,19,2234,3505,DIN,2026-02-10,3124,Casting,Construction,31,73,0,1
163,19,2042,3258,ISO,2026-02-11,3327,Forging,Aerospace,23,69,1,1
164,17,2239,3887,ISO,2026-02-12,2870,Casting,Automotive,28,94,0,0
165,16,2458,3773,ISO,2026-02-13,2539,Forging,Automotive,23,68,0,0
166,19,2370,3516,ISO,2026-02-14,3023,Rolling,Aerospace,38,94,0,1
167,18,2110,3772,ISO,2026-02-15,3378,Rolling,Construction,33,70,1,0
168,18,2248,3053,ISO,2026-02-16,3326,Forging,Construction,24,71,0,0
169,17,2150,3046,JIS,2026-02-17,2226,Forging,Construction,37,62,0,0
170,19,2182,3726,DIN,2026-02-18,3259,Rolling,Construction,29,98,0,1
171,16,2335,3688,JIS,2026-02-19,2872,Forging,Construction,38,73,0,0
172,18,2094,3520,DIN,2026-02-20,2891,Rolling,Construction,31,87,0,0
173,19,2458,3098,ISO,2026-02-21,3478,Forging,Aerospace,37,70,0,1
174,19,2373,3019,DIN,2026-02-22,3036,Casting,Aerospace,36,98,0,1
175,17,2399,3889,DIN,2026-02-23,2209,Forging,Automotive,30,84,0,0
176,18,2007,3752,ISO,2026-02-24,2740,Casting,Automotive,22,80,0,0
177,18,2387,3572,DIN,2026-02-25,2396,Casting,Automotive,36,69,0,0
178,16,2359,3890,ISO,2026-02-26,3123,Casting,Construction,20,74,1,0
179,18,2387,3489,DIN,2026-02-27,2030,Casting,Construction,34,78,0,0
180,16,2183,3418,DIN,2026-02-28,2897,Casting,Automotive,28,81,0,0
181,18,2280,3689,ISO,2026-03-01,2648,Forging,Automotive,34,80,0,0
182,17,2194,3849,ISO,2026-03-02,2328,Rolling,Construction,22,91,0,0
183,18,2351,3061,JIS,2026-03-03,3189,Rolling,Aerospace,38,82,1,0
184,16,2194,3144,DIN,2026-03-04,3482,Forging,Construction,32,72,1,0
185,16,2154,3215,ISO,2026-03-05,2951,Rolling,Construction,31,64,1,0
186,17,2092,3002,JIS,2026-03-06,3123,Rolling,Automotive,39,63,0,0
187,18,2159,3159,ISO,2026-03-07,2620,Casting,Construction,20,87,0,0
188,18,2433,3738,DIN,2026-03-08,3196,Casting,Construction,36,73,0,0
189,17,2060,3997,JIS,2026-03-09,2161,Casting,Construction,32,67,0,0
190,18,2121,3780,ISO,2026-03-10,2775,Rolling,Automotive,20,68,0,0
191,18,2050,3119,ISO,2026-03-11,3286,Rolling,Construction,29,94,1,0
192,16,2402,3892,ISO,2026-03-12,2273,Rolling,Automotive,34,96,0,0
193,18,2276,3088,ISO,2026-03-13,3026,Rolling,Construction,26,80,0,0
194,18,2004,3328,ISO,2026-03-14,3051,Rolling,Construction,37,77,0,0
195,17,2465,3579,DIN,2026-03-15,2325,Rolling,Aerospace,35,92,1,0
196,17,2091,3909,ISO,2026-03-16,2939,Casting,Construction,33,67,0,0
197,19,2169,3356,DIN,2026-03-17,3172,Forging,Aerospace,37,76,0,1
198,16,2316,3609,JIS,2026-03-18,2539,Rolling,Construction,26,90,1,0
199,18,2021,3266,JIS,2026-03-19,2487,Rolling,Aerospace,36,93,0,0
200,18,2404,3616,DIN,2026-03-20,2821,Forging,Construction,37,65,0,0
201,19,2325,3951,ISO,2026-03-21,3461,Rolling,Construction,31,81,0,1
202,18,2000,3322,DIN,2026-03-22,3088,Casting,Construction,27,73,0,0
203,16,2132,3634,DIN,2026-03-23,2355,Rolling,Construction,21,62,1,0
204,19,2232,3987,DIN,2026-03-24,3275,Rolling,Automotive,26,71,0,1
205,16,2011,3540,ISO,2026-03-25,2234,Rolling,Construction,23,95,0,0
206,19,2345,3648,JIS,2026-03-26,2226,Rolling,Construction,37,71,0,0
207,19,2045,3194,DIN,2026-03-27,3336,Forging,Construction,25,61,0,1
208,17,2033,3920,ISO,2026-03-28,2048,Forging,Construction,28,61,0,0
209,16,2432,3737,ISO,2026-03-29,2117,Forging,Automotive,28,74,0,0
210,18,2077,3331,DIN,2026-03-30,2053,Rolling,Construction,33,82,0,0
211,18,2217,3169,JIS,2026-03-31,2564,Forging,Automotive,27,88,0,0
212,16,2300,3520,JIS,2026-04-01,3067,Forging,Automotive,38,76,1,0
213,18,2410,3462,JIS,2026-04-02,2052,Casting,Automotive,22,91,0,0
214,18,2072,3039,ISO,2026-04-03,2557,Rolling,Construction,37,66,0,0
215,16,2281,3536,DIN,2026-04-04,3125,Rolling,Automotive,24,89,0,0
216,19,2248,3260,DIN,2026-04-05,2867,Forging,Aerospace,33,87,1,0
217,16,2046,3394,ISO,2026-04-06,2397,Forging,Automotive,23,73,0,0
218,19,2120,3954,ISO,2026-04-07,3161,Rolling,Construction,26,89,0,1
219,18,2213,3225,JIS,2026-04-08,2674,Rolling,Automotive,39,76,0,0
220,18,2238,3983,ISO,2026-04-09,2386,Rolling,Automotive,31,91,0,0
221,18,2055,3123,DIN,2026-04-10,2110,Casting,Automotive,21,65,0,0
222,17,2349,3974,ISO,2026-04-11,2613,Rolling,Construction,30,83,1,0
223,19,2106,3037,ISO,2026-04-12,2016,Casting,Construction,33,65,1,0
224,17,2318,3327,ISO,2026-04-13,3205,Forging,Automotive,35,86,0,0
225,17,2047,3250,JIS,2026-04-14,2883,Casting,Construction,39,77,0,0
226,16,2060,3900,JIS,2026-04-15,2540,Casting,Automotive,25,83,0,0
227,17,2336,3175,JIS,2026-04-16,2170,Rolling,Construction,23,96,0,0
228,16,2025,3601,DIN,2026-04-17,2408,Casting,Construction,34,83,1,0
229,16,2291,3913,ISO,2026-04-18,2739,Rolling,Construction,20,97,0,0
230,17,2256,3453,DIN,2026-04-19,3401,Casting,Construction,26,93,0,0
231,19,2007,3036,DIN,2026-04-20,3211,Forging,Aerospace,31,99,0,1
232,19,2112,3315,JIS,2026-04-21,2857,Rolling,Automotive,29,74,0,0
233,19,2354,3687,ISO,2026-04-22,2229,Forging,Automotive,24,70,0,0
234,19,2252,3972,DIN,2026-04-23,2118,Casting,Construction,31,81,0,0
235,19,2179,3795,ISO,2026-04-24,3179,Rolling,Automotive,37,83,0,1
236,17,2206,3964,ISO,2026-04-25,2783,Forging,Automotive,29,60,1,0
237,17,2302,3972,JIS,2026-04-26,2464,Forging,Construction,25,77,0,0
238,18,2126,3592,DIN,2026-04-27,2103,Casting,Construction,31,71,0,0
239,19,2055,3113,ISO,2026-04-28,2697,Rolling,Automotive,26,87,0,0
240,17,2213,3039,ISO,2026-04-29,2174,Rolling,Automotive,37,99,0,0
241,18,2013,3300,DIN,2026-04-30,2744,Rolling,Aerospace,21,66,0,0
242,19,2473,3223,JIS,2026-05-01,3444,Forging,Construction,29,82,0,1
243,16,2027,3317,JIS,2026-05-02,3157,Rolling,Automotive,34,80,0,0
244,18,2470,3348,JIS,2026-05-03,3414,Casting,Construction,31,93,0,0
245,17,2077,3114,JIS,2026-05-04,2664,Rolling,Construction,36,70,1,0
246,16,2215,3697,ISO,2026-05-05,2032,Forging,Construction,23,81,0,0
247,16,2385,3322,DIN,2026-05-06,2054,Rolling,Construction,26,94,0,0
248,16,2364,3567,DIN,2026-05-07,2518,Rolling,Construction,28,88,0,0
249,18,2153,3039,ISO,2026-05-08,2755,Rolling,Construction,38,87,0,0
250,17,2013,3865,JIS,2026-05-09,2011,Rolling,Automotive,26,77,0,0
251,16,2186,3039,ISO,2026-05-10,2719,Forging,Automotive,21,73,1,0
252,19,2311,3858,JIS,2026-05-11,2554,Casting,Construction,25,77,0,0
253,16,2370,3972,DIN,2026-05-12,2372,Forging,Aerospace,37,87,1,0
254,16,2006,3748,DIN,2026-05-13,2483,Casting,Construction,25,83,0,0
255,18,2002,3288,DIN,2026-05-14,2972,Casting,Construction,32,67,0,0
256,18,2110,3261,JIS,2026-05-15,3251,Forging,Automotive,38,67,0,0
257,17,2406,3215,DIN,2026-05-16,2622,Casting,Construction,21,63,1,0
258,19,2237,3146,DIN,2026-05-17,2306,Forging,Construction,31,86,0,0
259,18,2362,3335,ISO,2026-05-18,2456,Rolling,Construction,34,95,1,0
260,16,2238,3167,DIN,2026-05-19,2159,Forging,Construction,33,64,1,0
261,17,2492,3091,ISO,2026-05-20,2330,Rolling,Automotive,25,92,1,0
262,16,2273,3352,JIS,2026-05-21,2775,Forging,Construction,37,93,0,0
263,16,2293,3570,DIN,2026-05-22,2224,Forging,Construction,24,89,0,0
264,18,2226,3570,DIN,2026-05-23,2982,Rolling,Construction,37,67,0,0
265,17,2370,3815,ISO,2026-05-24,2728,Rolling,Automotive,22,98,0,0
266,19,2014,3680,ISO,2026-05-25,3479,Casting,Construction,22,85,0,1
267,19,2191,3780,JIS,2026-05-26,3068,Forging,Automotive,29,96,0,1
268,18,2472,3362,ISO,2026-05-27,3237,Rolling,Construction,38,93,0,0
269,18,2118,3556,ISO,2026-05-28,3082,Forging,Construction,22,66,0,0
270,17,2484,3344,ISO,2026-05-29,2643,Forging,Construction,31,99,0,0
271,19,2027,3692,JIS,2026-05-30,2615,Forging,Construction,35,87,0,0
272,19,2201,3169,JIS,2026-05-31,2194,Casting,Construction,36,98,0,0
273,19,2038,3355,ISO,2026-06-01,2488,Forging,Construction,26,98,0,0
274,16,2440,3190,ISO,2026-06-02,2156,Rolling,Aerospace,32,87,0,0
275,19,2272,3666,ISO,2026-06-03,2609,Casting,Construction,21,73,0,0
276,16,2230,3421,JIS,2026-06-04,3249,Casting,Automotive,23,97,0,0
277,17,2085,3699,DIN,2026-06-05,2411,Rolling,Construction,29,63,0,0
278,16,2473,3006,ISO,2026-06-06,3228,Rolling,Construction,26,77,0,0
279,17,2125,3132,ISO,2026-06-07,3102,Rolling,Construction,36,84,0,0
280,19,2299,3746,ISO,2026-06-08,3147,Forging,Aerospace,39,66,0,1
281,19,2024,3556,DIN,2026-06-09,2470,Forging,Construction,25,97,0,0
282,17,2144,3825,JIS,2026-06-10,3241,Forging,Construction,38,87,0,0
283,18,2012,3760,ISO,2026-06-11,2515,Casting,Construction,24,64,0,0
284,17,2211,3030,ISO,2026-06-12,3127,Forging,Construction,29,62,0,0
285,18,2024,3534,ISO,2026-06-13,2392,Rolling,Construction,28,90,0,0
286,16,2067,3425,JIS,2026-06-14,2630,Rolling,Construction,32,79,0,0
287,16,2393,3393,ISO,2026-06-15,2607,Rolling,Construction,38,78,0,0
288,16,2066,3671,JIS,2026-06-16,2979,Rolling,Construction,25,70,0,0
289,19,2232,3362,DIN,2026-06-17,2433,Forging,Automotive,23,99,0,0
290,16,2108,3436,ISO,2026-06-18,3354,Casting,Construction,22,62,0,0
291,18,2145,3669,ISO,2026-06-19,3166,Rolling,Construction,22,82,0,0
292,16,2110,3550,ISO,2026-06-20,2539,Forging,Construction,23,66,1,0
293,17,2227,3926,DIN,2026-06-21,2277,Forging,Automotive,24,82,0,0
294,17,2110,3081,JIS,2026-06-22,2232,Rolling,Construction,27,66,0,0
295,19,2469,3355,DIN,2026-06-23,3113,Rolling,Construction,35,93,0,1
296,17,2033,3257,DIN,2026-06-24,3222,Rolling,Construction,22,78,0,0
297,18,2110,3717,ISO,2026-06-25,2361,Rolling,Construction,31,68,1,0
298,16,2263,3588,JIS,2026-06-26,3464,Casting,Construction,27,77,0,0
299,19,2423,3988,JIS,2026-06-27,2025,Rolling,Automotive,32,84,0,0
300,16,2368,3523,ISO,2026-06-28,3048,Rolling,Automotive,23,73,1,0
301,16,2235,3294,JIS,2026-06-29,3417,Forging,Automotive,33,84,0,0
302,18,2082,3961,DIN,2026-06-30,2506,Casting,Construction,33,78,0,0
303,17,2041,3223,DIN,2026-07-01,3324,Rolling,Construction,32,98,1,0
304,17,2424,3524,JIS,2026-07-02,3362,Rolling,Construction,25,74,0,0
305,16,2100,3045,JIS,2026-07-03,2266,Rolling,Construction,36,75,0,0
306,19,2005,3666,DIN,2026-07-04,2460,Rolling,Construction,23,86,0,0
307,17,2179,3112,ISO,2026-07-05,2455,Rolling,Automotive,27,99,0,0
308,19,2281,3232,ISO,2026-07-06,3383,Forging,Construction,36,69,0,1
309,17,2319,3016,JIS,2026-07-07,3091,Rolling,Construction,22,63,1,0
310,19,2225,3359,ISO,2026-07-08,3006,Rolling,Construction,36,78,0,1
311,18,2442,3222,ISO,2026-07-09,2862,Casting,Construction,28,87,0,0
312,19,2439,3865,DIN,2026-07-10,3435,Rolling,Construction,21,80,1,1
313,18,2314,3699,DIN,2026-07-11,2490,Rolling,Automotive,32,73,0,0
314,18,2364,3447,DIN,2026-07-12,3072,Rolling,Construction,39,92,0,0
315,19,2453,3855,JIS,2026-07-13,2563,Casting,Automotive,21,69,0,0
316,18,2228,3364,ISO,2026-07-14,3125,Rolling,Automotive,39,78,1,0
317,16,2376,3674,ISO,2026-07-15,2215,Casting,Automotive,30,89,1,0
318,18,2288,3325,ISO,2026-07-16,3461,Forging,Construction,34,81,0,0
319,17,2436,3466,JIS,2026-07-17,2558,Rolling,Construction,30,62,0,0
320,19,2149,3413,DIN,2026-07-18,2158,Casting,Construction,22,96,0,0
321,16,2276,3454,ISO,2026-07-19,2488,Rolling,Automotive,22,77,1,0
322,19,2197,3585,JIS,2026-07-20,2685,Rolling,Construction,31,70,0,0
323,17,2069,3232,JIS,2026-07-21,3265,Casting,Automotive,24,61,0,0
324,17,2111,3223,JIS,2026-07-22,2793,Forging,Construction,39,71,1,0
325,17,2003,3993,JIS,2026-07-23,2004,Forging,Construction,26,65,0,0
326,18,2349,3830,ISO,2026-07-24,2360,Rolling,Construction,26,99,0,0
327,18,2330,3411,JIS,2026-07-25,2458,Rolling,Construction,32,88,0,0
328,19,2445,3571,DIN,2026-07-26,2247,Forging,Construction,28,89,0,0
329,19,2317,3334,JIS,2026-07-27,2945,Rolling,Automotive,32,61,0,0
330,16,2349,3221,JIS,2026-07-28,2421,Rolling,Automotive,31,68,1,0
331,16,2094,3036,JIS,2026-07-29,2014,Rolling,Automotive,32,61,0,0
332,19,2151,3988,DIN,2026-07-30,2735,Rolling,Automotive,29,88,0,0
333,18,2310,3277,ISO,2026-07-31,3145,Casting,Automotive,20,92,0,0
334,17,2136,3195,DIN,2026-08-01,2276,Rolling,Construction,27,69,0,0
335,19,2246,3915,JIS,2026-08-02,2452,Casting,Automotive,35,93,0,0
336,16,2386,3863,JIS,2026-08-03,3413,Rolling,Construction,32,67,0,0
337,18,2242,3483,ISO,2026-08-04,3317,Forging,Construction,22,96,1,0
338,19,2030,3241,ISO,2026-08-05,2597,Rolling,Automotive,22,92,0,0
339,19,2039,3323,ISO,2026-08-06,2445,Rolling,Construction,24,65,0,0
340,18,2228,3730,JIS,2026-08-07,2209,Rolling,Construction,30,99,0,0
341,19,2035,3191,JIS,2026-08-08,2713,Rolling,Construction,26,78,1,0
342,18,2407,3016,ISO,2026-08-09,2301,Forging,Construction,29,91,0,0
343,17,2222,3523,DIN,2026-08-10,3246,Casting,Aerospace,29,86,0,0
344,18,2005,3917,JIS,2026-08-11,2002,Forging,Construction,39,60,0,0
345,18,2321,3400,JIS,2026-08-12,2989,Rolling,Construction,21,92,1,0
346,18,2467,3905,DIN,2026-08-13,3116,Rolling,Construction,22,99,0,0
347,19,2219,3885,DIN,2026-08-14,2519,Rolling,Construction,27,91,0,0
348,19,2074,3704,DIN,2026-08-15,3451,Forging,Aerospace,30,64,0,1
349,18,2003,3021,ISO,2026-08-16,2492,Forging,Construction,32,76,0,0
350,19,2334,3473,DIN,2026-08-17,3258,Casting,Construction,26,67,0,1
351,16,2133,3119,DIN,2026-08-18,2619,Rolling,Automotive,32,93,0,0
352,16,2117,3209,JIS,2026-08-19,3184,Forging,Aerospace,21,68,0,0
353,19,2368,3305,DIN,2026-08-20,2330,Rolling,Automotive,25,82,1,0
354,19,2093,3269,JIS,2026-08-21,2332,Forging,Automotive,28,94,1,0
355,18,2485,3703,ISO,2026-08-22,2049,Forging,Construction,39,66,0,0
356,17,2434,3686,DIN,2026-08-23,2862,Forging,Construction,21,74,1,0
357,19,2061,3284,ISO,2026-08-24,2271,Forging,Construction,37,79,0,0
358,16,2440,3715,ISO,2026-08-25,2579,Rolling,Automotive,35,84,0,0
359,18,2193,3675,JIS,2026-08-26,3275,Forging,Construction,31,62,0,0
360,19,2334,3762,JIS,2026-08-27,2559,Rolling,Construction,26,83,0,0
361,16,2202,3226,ISO,2026-08-28,2695,Forging,Construction,26,93,0,0
362,16,2391,3947,DIN,2026-08-29,3113,Rolling,Construction,36,81,0,0
363,17,2025,3380,JIS,2026-08-30,2445,Forging,Construction,32,70,0,0
364,18,2434,3459,ISO,2026-08-31,3016,Casting,Aerospace,30,67,0,0
365,18,2172,3006,DIN,2026-09-01,3355,Casting,Construction,25,98,0,0
366,17,2299,3028,JIS,2026-09-02,3162,Casting,Automotive,33,94,0,0
367,17,2132,3906,DIN,2026-09-03,2356,Forging,Automotive,25,97,1,0
368,18,2325,3032,ISO,2026-09-04,2273,Forging,Construction,25,67,0,0
369,18,2409,3645,ISO,2026-09-05,3042,Forging,Construction,21,96,0,0
370,19,2117,3878,JIS,2026-09-06,2310,Casting,Construction,39,86,0,0
371,19,2323,3078,DIN,2026-09-07,2869,Rolling,Construction,34,87,0,0
372,17,2274,3927,ISO,2026-09-08,2885,Casting,Automotive,36,99,1,0
373,19,2211,3946,JIS,2026-09-09,2153,Casting,Construction,27,93,0,0
374,16,2224,3458,ISO,2026-09-10,3413,Forging,Construction,24,91,0,0
375,19,2019,3569,JIS,2026-09-11,3283,Rolling,Construction,36,74,0,1
376,19,2112,3982,ISO,2026-09-12,2619,Rolling,Aerospace,39,76,0,0
377,16,2139,3537,JIS,2026-09-13,2882,Casting,Automotive,20,92,1,0
378,17,2046,3481,ISO,2026-09-14,2796,Rolling,Automotive,37,75,0,0
379,16,2000,3429,ISO,2026-09-15,2124,Casting,Automotive,34,88,0,0
380,19,2089,3737,ISO,2026-09-16,3377,Rolling,Construction,24,68,0,1
381,17,2141,3284,ISO,2026-09-17,3296,Rolling,Automotive,26,92,0,0
382,19,2319,3515,JIS,2026-09-18,2618,Casting,Construction,37,88,0,0
383,16,2037,3976,JIS,2026-09-19,2244,Forging,Automotive,25,72,0,0
384,16,2292,3098,ISO,2026-09-20,2847,Forging,Automotive,24,80,0,0
385,19,2381,3396,DIN,2026-09-21,2449,Forging,Construction,38,80,0,0
386,18,2138,3488,JIS,2026-09-22,2929,Rolling,Automotive,29,64,1,0
387,18,2355,3038,JIS,2026-09-23,3270,Forging,Aerospace,34,69,0,0
388,16,2332,3270,DIN,2026-09-24,2519,Rolling,Construction,29,65,0,0
389,16,2490,3886,ISO,2026-09-25,3164,Casting,Automotive,35,72,0,0
390,18,2258,3796,DIN,2026-09-26,2361,Casting,Construction,31,60,0,0
391,18,2160,3156,DIN,2026-09-27,2007,Rolling,Construction,37,79,0,0
392,19,2389,3074,ISO,2026-09-28,2477,Forging,Construction,20,67,0,0
393,19,2177,3883,DIN,2026-09-29,3375,Forging,Construction,35,69,0,1
394,18,2009,3799,ISO,2026-09-30,2494,Rolling,Aerospace,25,68,0,0
395,19,2260,3129,JIS,2026-10-01,2832,Casting,Automotive,22,62,1,0
396,19,2406,3686,ISO,2026-10-02,3450,Rolling,Automotive,21,70,0,1
397,17,2137,3973,DIN,2026-10-03,3062,Rolling,Construction,21,71,0,0
398,19,2171,3083,DIN,2026-10-04,2592,Forging,Aerospace,32,69,0,0
399,16,2385,3021,DIN,2026-10-05,2186,Forging,Construction,28,84,1,0
400,19,2012,3458,ISO,2026-10-06,2753,Forging,Automotive,35,84,1,0
401,19,2167,3538,DIN,2026-10-07,2092,Forging,Construction,24,70,0,0
402,18,2129,3706,DIN,2026-10-08,2085,Forging,Construction,26,95,0,0
403,16,2083,3848,DIN,2026-10-09,3067,Forging,Automotive,32,98,0,0
404,19,2320,3381,DIN,2026-10-10,2136,Rolling,Construction,39,85,0,0
405,19,2318,3747,DIN,2026-10-11,2420,Rolling,Construction,32,73,1,0
406,17,2100,3439,JIS,2026-10-12,2073,Rolling,Construction,26,98,0,0
407,19,2328,3603,ISO,2026-10-13,3179,Rolling,Construction,29,99,0,1
408,19,2272,3988,JIS,2026-10-14,3278,Forging,Construction,34,60,0,1
409,17,2264,3020,DIN,2026-10-15,2170,Rolling,Construction,25,63,0,0
410,18,2458,3302,ISO,2026-10-16,2169,Rolling,Construction,24,89,0,0
411,19,2398,3975,ISO,2026-10-17,2871,Rolling,Construction,21,71,0,0
412,17,2407,3868,ISO,2026-10-18,2321,Casting,Automotive,34,94,0,0
413,16,2037,3954,JIS,2026-10-19,2455,Casting,Construction,35,72,0,0
414,18,2418,3083,JIS,2026-10-20,2943,Forging,Aerospace,38,90,0,0
415,16,2093,3773,JIS,2026-10-21,2789,Casting,Automotive,28,97,0,0
416,16,2094,3658,DIN,2026-10-22,2612,Forging,Construction,38,82,0,0
417,17,2304,3952,DIN,2026-10-23,3178,Forging,Automotive,26,63,0,0
418,19,2068,3452,ISO,2026-10-24,2888,Rolling,Automotive,23,75,0,0
419,17,2317,3386,ISO,2026-10-25,2348,Forging,Aerospace,22,66,1,0
420,17,2443,3506,DIN,2026-10-26,3474,Forging,Construction,39,81,1,0
421,17,2235,3256,ISO,2026-10-27,3196,Forging,Construction,30,88,1,0
422,17,2433,3569,ISO,2026-10-28,2009,Forging,Automotive,20,70,0,0
423,18,2333,3891,DIN,2026-10-29,2739,Forging,Automotive,25,92,0,0
424,19,2372,3933,JIS,2026-10-30,3288,Forging,Automotive,30,88,0,1
425,16,2375,3526,JIS,2026-10-31,3461,Casting,Construction,20,98,1,0
426,16,2458,3161,JIS,2026-11-01,3270,Rolling,Automotive,26,71,1,0
427,19,2136,3956,DIN,2026-11-02,2666,Forging,Aerospace,25,66,1,0
428,16,2417,3162,DIN,2026-11-03,2545,Rolling,Construction,33,98,0,0
429,19,2075,3831,DIN,2026-11-04,2128,Forging,Construction,21,85,1,0
430,16,2482,3792,JIS,2026-11-05,2600,Forging,Construction,23,99,0,0
431,17,2034,3791,ISO,2026-11-06,2604,Rolling,Automotive,30,68,0,0
432,16,2000,3523,DIN,2026-11-07,2326,Forging,Automotive,34,93,0,0
433,19,2295,3785,JIS,2026-11-08,2979,Rolling,Automotive,37,72,0,0
434,19,2319,3270,ISO,2026-11-09,2403,Forging,Construction,20,95,0,0
435,19,2405,3491,DIN,2026-11-10,2628,Rolling,Construction,22,84,0,0
436,19,2059,3207,DIN,2026-11-11,3382,Forging,Construction,22,83,0,1
437,19,2319,3538,ISO,2026-11-12,2717,Rolling,Construction,26,76,0,0
438,18,2348,3583,ISO,2026-11-13,3040,Forging,Automotive,20,61,1,0
439,18,2327,3059,ISO,2026-11-14,2273,Rolling,Aerospace,30,72,0,0
440,16,2266,3429,ISO,2026-11-15,2684,Casting,Aerospace,25,90,0,0
441,19,2360,3984,ISO,2026-11-16,2115,Casting,Aerospace,39,88,1,0
442,16,2228,3656,JIS,2026-11-17,2860,Casting,Construction,22,87,1,0
443,19,2269,3604,ISO,2026-11-18,2692,Forging,Construction,38,86,0,0
444,19,2315,3308,DIN,2026-11-19,3114,Forging,Automotive,21,74,0,1
445,18,2285,3519,ISO,2026-11-20,3105,Rolling,Aerospace,37,90,0,0
446,18,2290,3590,JIS,2026-11-21,2323,Rolling,Construction,31,99,0,0
447,17,2212,3026,ISO,2026-11-22,2960,Rolling,Construction,29,74,0,0
448,18,2164,3685,DIN,2026-11-23,2113,Forging,Construction,24,92,1,0
449,17,2004,3561,JIS,2026-11-24,3081,Casting,Automotive,28,79,0,0
450,17,2338,3198,JIS,2026-11-25,2153,Rolling,Construction,21,71,1,0
451,17,2378,3386,ISO,2026-11-26,3427,Casting,Construction,21,96,1,0
452,17,2077,3348,JIS,2026-11-27,3289,Forging,Construction,25,68,1,0
453,17,2409,3959,DIN,2026-11-28,2314,Forging,Construction,29,82,0,0
454,16,2061,3939,DIN,2026-11-29,3064,Rolling,Automotive,37,67,1,0
455,18,2131,3692,ISO,2026-11-30,2104,Rolling,Construction,31,91,0,0
456,17,2088,3535,ISO,2026-12-01,3216,Forging,Automotive,23,73,0,0
457,19,2236,3827,JIS,2026-12-02,3424,Forging,Automotive,36,86,0,1
458,18,2041,3377,DIN,2026-12-03,3301,Rolling,Automotive,34,84,0,0
459,18,2088,3898,DIN,2026-12-04,2353,Forging,Construction,25,72,0,0
460,17,2401,3915,JIS,2026-12-05,3015,Casting,Aerospace,35,80,0,0
461,16,2295,3557,JIS,2026-12-06,2732,Casting,Construction,36,90,0,0
462,17,2327,3526,ISO,2026-12-07,2708,Casting,Aerospace,22,96,0,0
463,16,2294,3152,DIN,2026-12-08,3279,Rolling,Aerospace,29,64,0,0
464,19,2103,3733,ISO,2026-12-09,2650,Rolling,Construction,24,72,0,0
465,18,2013,3205,JIS,2026-12-10,2823,Forging,Construction,33,87,1,0
466,19,2287,3454,DIN,2026-12-11,2946,Rolling,Construction,32,84,0,0
467,16,2178,3272,JIS,2026-12-12,2660,Rolling,Construction,25,94,0,0
468,16,2124,3893,ISO,2026-12-13,2098,Rolling,Construction,31,98,0,0
469,19,2421,3235,ISO,2026-12-14,2587,Rolling,Construction,27,66,0,0
470,16,2352,3851,ISO,2026-12-15,2281,Rolling,Construction,24,97,0,0
471,19,2022,3739,ISO,2026-12-16,2402,Rolling,Construction,34,91,0,0
472,18,2062,3520,ISO,2026-12-17,3132,Rolling,Construction,35,62,1,0
473,19,2142,3677,JIS,2026-12-18,2699,Rolling,Construction,20,98,0,0
474,18,2480,3943,ISO,2026-12-19,2198,Forging,Construction,35,96,0,0
475,19,2152,3955,ISO,2026-12-20,3326,Forging,Construction,24,81,0,1
476,16,2144,3830,JIS,2026-12-21,2326,Forging,Construction,22,67,1,0
477,19,2224,3725,DIN,2026-12-22,2153,Rolling,Construction,39,76,0,0
478,16,2494,3500,JIS,2026-12-23,2551,Rolling,Automotive,34,86,0,0
479,19,2449,3116,ISO,2026-12-24,2404,Forging,Construction,32,92,0,0
480,19,2461,3385,DIN,2026-12-25,2461,Forging,Construction,35,76,0,0
481,17,2308,3343,ISO,2026-12-26,2131,Forging,Construction,30,71,0,0
482,16,2103,3583,ISO,2026-12-27,2790,Rolling,Automotive,21,86,0,0
483,17,2103,3394,JIS,2026-12-28,2873,Casting,Automotive,25,67,0,0
484,16,2434,3063,ISO,2026-12-29,2083,Rolling,Automotive,25,82,0,0
485,17,2038,3716,DIN,2026-12-30,3422,Rolling,Automotive,33,88,0,0
486,18,2434,3720,DIN,2026-12-31,2753,Forging,Construction,30,79,0,0
487,19,2197,3071,ISO,2027-01-01,2627,Forging,Construction,27,75,0,0
488,16,2133,3788,JIS,2027-01-02,3132,Rolling,Construction,27,76,0,0
489,16,2066,3273,ISO,2027-01-03,2220,Rolling,Aerospace,20,75,1,0
490,19,2390,3989,DIN,2027-01-04,2552,Forging,Automotive,26,78,1,0
491,16,2178,3319,JIS,2027-01-05,3391,Rolling,Automotive,25,67,0,0
492,16,2455,3337,DIN,2027-01-06,3170,Rolling,Construction,27,97,0,0
493,17,2041,3365,JIS,2027-01-07,2111,Rolling,Automotive,38,97,0,0
494,16,2447,3494,ISO,2027-01-08,2614,Casting,Construction,39,88,0,0
495,18,2499,3606,DIN,2027-01-09,2923,Rolling,Construction,27,95,0,0
496,18,2014,3165,ISO,2027-01-10,2474,Casting,Construction,33,85,1,0
497,19,2110,3543,JIS,2027-01-11,2835,Forging,Construction,37,90,0,0
498,16,2156,3010,JIS,2027-01-12,2270,Casting,Construction,35,71,0,0
499,19,2288,3300,ISO,2027-01-13,2420,Casting,Automotive,28,76,0,0
500,18,2499,3728,DIN,2027-01-14,2706,Rolling,Construction,34,74,0,0
501,16,2477,3800,ISO,2027-01-15,3390,Rolling,Construction,29,68,0,0
502,16,2230,3101,DIN,2027-01-16,3303,Rolling,Construction,35,98,0,0
503,19,2410,3424,DIN,2027-01-17,3306,Rolling,Construction,23,71,0,1
504,18,2419,3391,JIS,2027-01-18,2039,Forging,Automotive,39,91,1,0
505,16,2156,3778,DIN,2027-01-19,2188,Rolling,Automotive,32,84,0,0
506,19,2037,3213,ISO,2027-01-20,3187,Rolling,Automotive,24,98,1,1
507,18,2440,3690,ISO,2027-01-21,2993,Rolling,Automotive,26,77,1,0
508,19,2096,3087,ISO,2027-01-22,2535,Casting,Automotive,28,74,0,0
509,17,2484,3552,ISO,2027-01-23,3027,Rolling,Construction,27,91,0,0
510,16,2410,3400,ISO,2027-01-24,2289,Rolling,Automotive,35,65,0,0
511,17,2438,3587,JIS,2027-01-25,2432,Rolling,Construction,25,94,1,0
512,18,2288,3888,DIN,2027-01-26,2470,Casting,Construction,35,93,0,0
513,17,2253,3045,DIN,2027-01-27,3204,Forging,Construction,25,97,0,0
514,17,2195,3671,ISO,2027-01-28,3271,Rolling,Automotive,33,64,0,0
515,18,2085,3462,JIS,2027-01-29,2627,Rolling,Automotive,20,77,0,0
516,19,2321,3591,JIS,2027-01-30,2278,Rolling,Construction,28,75,1,0
517,17,2009,3309,ISO,2027-01-31,2876,Rolling,Automotive,32,67,0,0
518,19,2004,3085,JIS,2027-02-01,2580,Casting,Aerospace,38,84,0,0
519,17,2122,3091,DIN,2027-02-02,2862,Forging,Construction,36,91,0,0
520,19,2329,3659,ISO,2027-02-03,2253,Rolling,Construction,30,85,1,0
521,18,2352,3672,DIN,2027-02-04,2180,Casting,Automotive,27,81,0,0
522,17,2117,3713,DIN,2027-02-05,2680,Rolling,Construction,24,90,0,0
523,18,2293,3935,ISO,2027-02-06,2824,Forging,Automotive,29,69,0,0
524,17,2396,3927,JIS,2027-02-07,2699,Casting,Construction,26,71,0,0
525,18,2158,3241,JIS,2027-02-08,2565,Rolling,Construction,29,87,0,0
526,18,2302,3864,DIN,2027-02-09,3349,Forging,Automotive,23,65,0,0
527,17,2227,3001,DIN,2027-02-10,3380,Rolling,Automotive,28,79,0,0
528,17,2364,3224,DIN,2027-02-11,2679,Rolling,Automotive,33,64,0,0
529,17,2215,3800,DIN,2027-02-12,2390,Rolling,Automotive,21,82,0,0
530,16,2435,3744,DIN,2027-02-13,3108,Rolling,Automotive,28,68,0,0
531,19,2183,3972,ISO,2027-02-14,3340,Forging,Automotive,20,88,0,1
532,16,2014,3925,DIN,2027-02-15,2211,Casting,Construction,29,75,1,0
533,16,2156,3928,JIS,2027-02-16,2383,Forging,Construction,29,81,1,0
534,18,2135,3588,DIN,2027-02-17,2341,Casting,Construction,39,67,0,0
535,17,2260,3115,ISO,2027-02-18,2843,Casting,Automotive,22,79,0,0
536,19,2156,3665,JIS,2027-02-19,3061,Rolling,Construction,25,73,0,1
537,18,2046,3917,ISO,2027-02-20,2419,Rolling,Construction,25,98,0,0
538,16,2323,3102,ISO,2027-02-21,2750,Rolling,Construction,21,96,0,0
539,17,2331,3193,ISO,2027-02-22,3192,Forging,Automotive,37,93,0,0
540,18,2172,3165,ISO,2027-02-23,3366,Casting,Automotive,21,70,0,0
541,17,2129,3870,JIS,2027-02-24,2305,Rolling,Construction,31,99,1,0
542,18,2410,3089,DIN,2027-02-25,2701,Forging,Automotive,24,92,0,0
543,17,2094,3685,ISO,2027-02-26,2868,Forging,Construction,39,90,0,0
544,16,2114,3121,JIS,2027-02-27,2536,Forging,Construction,26,93,0,0
545,19,2242,3142,JIS,2027-02-28,3135,Rolling,Automotive,35,66,0,1
546,16,2419,3993,JIS,2027-03-01,3434,Rolling,Construction,39,82,0,0
547,19,2291,3105,ISO,2027-03-02,2205,Rolling,Aerospace,20,66,0,0
548,17,2281,3886,DIN,2027-03-03,3208,Rolling,Construction,20,84,0,0
549,18,2298,3427,JIS,2027-03-04,3405,Rolling,Construction,36,62,0,0
550,16,2282,3304,JIS,2027-03-05,2495,Forging,Aerospace,20,97,1,0
551,19,2068,3871,ISO,2027-03-06,3402,Rolling,Construction,39,79,0,1
552,16,2147,3970,ISO,2027-03-07,3070,Casting,Aerospace,32,93,0,0
553,19,2010,3316,DIN,2027-03-08,2503,Forging,Aerospace,28,89,0,0
554,16,2253,3962,JIS,2027-03-09,3045,Forging,Construction,34,76,0,0
555,19,2329,3634,DIN,2027-03-10,2212,Rolling,Construction,22,69,0,0
556,19,2359,3901,DIN,2027-03-11,2309,Forging,Construction,33,94,0,0
557,17,2037,3008,ISO,2027-03-12,2660,Casting,Construction,30,79,1,0
558,19,2133,3773,DIN,2027-03-13,2752,Rolling,Construction,31,77,1,0
559,17,2199,3072,JIS,2027-03-14,2271,Rolling,Construction,32,86,0,0
560,19,2022,3358,ISO,2027-03-15,2937,Forging,Construction,32,95,1,0
561,18,2302,3222,JIS,2027-03-16,3225,Rolling,Construction,20,82,0,0
562,18,2345,3415,JIS,2027-03-17,2031,Rolling,Aerospace,29,91,0,0
563,18,2301,3552,ISO,2027-03-18,2442,Rolling,Automotive,22,69,0,0
564,19,2362,3369,DIN,2027-03-19,2161,Rolling,Automotive,23,70,1,0
565,17,2395,3715,ISO,2027-03-20,2766,Forging,Construction,35,97,0,0
566,17,2217,3263,JIS,2027-03-21,2253,Rolling,Automotive,27,65,0,0
567,19,2140,3839,DIN,2027-03-22,2520,Casting,Construction,35,93,0,0
568,18,2103,3689,DIN,2027-03-23,2976,Forging,Automotive,36,95,0,0
569,18,2445,3859,JIS,2027-03-24,2009,Forging,Aerospace,38,96,0,0
570,17,2209,3317,ISO,2027-03-25,2725,Forging,Construction,34,76,1,0
571,18,2472,3083,JIS,2027-03-26,2504,Casting,Automotive,35,99,0,0
572,16,2480,3317,DIN,2027-03-27,2784,Rolling,Automotive,34,99,0,0
573,17,2110,3110,ISO,2027-03-28,2435,Casting,Aerospace,21,71,0,0
574,18,2103,3250,DIN,2027-03-29,3134,Forging,Automotive,30,80,0,0
575,17,2315,3382,JIS,2027-03-30,2152,Forging,Construction,20,99,0,0
576,16,2170,3006,ISO,2027-03-31,2916,Forging,Construction,34,78,0,0
577,17,2459,3458,JIS,2027-04-01,2868,Rolling,Construction,38,62,0,0
578,17,2491,3083,JIS,2027-04-02,3125,Rolling,Automotive,23,77,0,0
579,17,2355,3207,ISO,2027-04-03,2752,Forging,Construction,30,78,0,0
580,17,2495,3899,JIS,2027-04-04,3214,Rolling,Automotive,24,65,0,0
581,16,2323,3389,ISO,2027-04-05,2562,Forging,Construction,22,75,0,0
582,19,2132,3313,ISO,2027-04-06,3104,Rolling,Construction,32,67,0,1
583,17,2375,3021,ISO,2027-04-07,2488,Rolling,Construction,29,77,1,0
584,17,2292,3409,JIS,2027-04-08,2894,Rolling,Automotive,30,98,0,0
585,18,2327,3894,DIN,2027-04-09,3111,Rolling,Construction,37,71,0,0
586,17,2126,3514,ISO,2027-04-10,3217,Forging,Construction,21,69,0,0
587,18,2105,3126,DIN,2027-04-11,2103,Rolling,Construction,26,66,0,0
588,19,2496,3808,DIN,2027-04-12,3119,Casting,Construction,28,60,1,1
589,16,2091,3699,ISO,2027-04-13,3446,Forging,Construction,29,95,0,0
590,16,2286,3873,JIS,2027-04-14,3221,Rolling,Automotive,37,80,0,0
591,19,2377,3013,JIS,2027-04-15,3024,Forging,Construction,26,96,0,1
592,16,2392,3970,DIN,2027-04-16,3006,Casting,Construction,26,83,0,0
593,19,2050,3977,JIS,2027-04-17,2406,Forging,Automotive,22,84,1,0
594,19,2028,3011,DIN,2027-04-18,3401,Rolling,Aerospace,31,66,0,1
595,19,2461,3086,JIS,2027-04-19,2166,Casting,Automotive,26,76,0,0
596,16,2295,3523,DIN,2027-04-20,2508,Forging,Construction,36,88,0,0
597,18,2296,3908,DIN,2027-04-21,2312,Rolling,Automotive,20,89,0,0
598,19,2213,3536,ISO,2027-04-22,3441,Rolling,Aerospace,24,66,1,1
599,17,2266,3300,JIS,2027-04-23,2762,Forging,Automotive,35,92,0,0
600,16,2406,3242,DIN,2027-04-24,2680,Rolling,Construction,34,66,0,0
601,19,2256,3121,ISO,2027-04-25,2476,Casting,Construction,21,83,0,0
602,19,2301,3146,ISO,2027-04-26,2072,Rolling,Automotive,28,70,0,0
603,17,2100,3566,DIN,2027-04-27,3164,Casting,Construction,26,68,0,0
604,18,2404,3749,DIN,2027-04-28,2581,Forging,Construction,23,71,0,0
605,18,2345,3355,JIS,2027-04-29,2261,Rolling,Automotive,39,94,0,0
606,18,2109,3684,JIS,2027-04-30,3363,Rolling,Automotive,37,63,0,0
607,19,2419,3903,ISO,2027-05-01,3331,Forging,Construction,23,95,0,1
608,19,2181,3732,JIS,2027-05-02,2244,Forging,Automotive,32,87,1,0
609,19,2470,3630,ISO,2027-05-03,3360,Forging,Construction,20,72,0,1
610,16,2312,3308,JIS,2027-05-04,2560,Rolling,Construction,22,82,0,0
611,17,2000,3694,JIS,2027-05-05,3099,Rolling,Automotive,35,78,0,0
612,19,2318,3287,DIN,2027-05-06,2174,Rolling,Construction,23,96,0,0
613,17,2437,3306,JIS,2027-05-07,2108,Forging,Construction,35,98,0,0
614,17,2054,3811,ISO,2027-05-08,2182,Rolling,Aerospace,38,83,1,0
615,18,2370,3593,DIN,2027-05-09,2191,Rolling,Construction,20,75,0,0
616,16,2423,3965,JIS,2027-05-10,2064,Forging,Construction,24,92,0,0
617,19,2398,3913,DIN,2027-05-11,2962,Casting,Aerospace,38,71,0,0
618,18,2148,3722,ISO,2027-05-12,3497,Rolling,Automotive,30,93,0,0
619,18,2430,3661,DIN,2027-05-13,3123,Rolling,Automotive,32,66,0,0
620,19,2456,3548,JIS,2027-05-14,2863,Forging,Automotive,39,70,0,0
621,17,2308,3351,ISO,2027-05-15,3151,Forging,Construction,24,90,0,0
622,18,2136,3311,ISO,2027-05-16,3475,Rolling,Automotive,23,88,0,0
623,17,2201,3872,JIS,2027-05-17,2368,Casting,Construction,23,72,0,0
624,16,2435,3058,JIS,2027-05-18,2850,Casting,Automotive,23,90,0,0
625,17,2312,3642,ISO,2027-05-19,2042,Rolling,Construction,23,61,0,0
626,16,2116,3923,ISO,2027-05-20,3442,Rolling,Automotive,39,98,0,0
627,17,2153,3713,ISO,2027-05-21,2487,Forging,Construction,37,74,0,0
628,18,2424,3754,ISO,2027-05-22,2077,Forging,Construction,37,70,0,0
629,18,2290,3034,DIN,2027-05-23,2825,Rolling,Automotive,35,93,0,0
630,16,2062,3444,JIS,2027-05-24,3293,Forging,Automotive,28,98,0,0
631,19,2243,3092,DIN,2027-05-25,2673,Forging,Automotive,37,63,0,0
632,16,2024,3949,DIN,2027-05-26,2700,Rolling,Construction,21,70,0,0
633,16,2089,3958,ISO,2027-05-27,2758,Forging,Construction,23,88,0,0
634,17,2074,3206,JIS,2027-05-28,2727,Casting,Automotive,31,61,0,0
635,17,2293,3352,DIN,2027-05-29,3338,Rolling,Automotive,26,75,0,0
636,16,2385,3902,JIS,2027-05-30,2924,Rolling,Automotive,34,98,1,0
637,18,2390,3331,DIN,2027-05-31,2901,Rolling,Aerospace,26,72,0,0
638,17,2209,3816,ISO,2027-06-01,2888,Casting,Automotive,36,96,0,0
639,19,2474,3861,DIN,2027-06-02,2992,Casting,Construction,35,76,0,0
640,17,2417,3724,ISO,2027-06-03,3191,Rolling,Automotive,38,80,0,0
641,17,2346,3158,DIN,2027-06-04,2338,Forging,Aerospace,28,78,0,0
642,19,2016,3953,ISO,2027-06-05,2192,Forging,Automotive,33,66,0,0
643,16,2127,3956,ISO,2027-06-06,3476,Forging,Automotive,36,97,0,0
644,19,2426,3023,JIS,2027-06-07,2282,Rolling,Automotive,24,67,0,0
645,16,2442,3403,ISO,2027-06-08,3359,Rolling,Construction,21,72,0,0
646,16,2363,3804,JIS,2027-06-09,2389,Rolling,Construction,39,96,0,0
647,16,2250,3515,ISO,2027-06-10,2999,Forging,Construction,35,61,0,0
648,19,2178,3731,DIN,2027-06-11,2524,Rolling,Aerospace,33,70,0,0
649,16,2181,3363,DIN,2027-06-12,3263,Casting,Automotive,33,83,0,0
650,18,2151,3381,DIN,2027-06-13,2658,Rolling,Construction,20,65,0,0
651,19,2024,3531,ISO,2027-06-14,2715,Rolling,Aerospace,22,85,0,0
652,18,2454,3955,ISO,2027-06-15,2890,Forging,Construction,26,66,0,0
653,16,2179,3151,ISO,2027-06-16,3481,Forging,Construction,34,98,0,0
654,17,2197,3561,ISO,2027-06-17,3112,Rolling,Automotive,38,78,0,0
655,16,2343,3688,DIN,2027-06-18,3118,Rolling,Automotive,39,65,1,0
656,18,2160,3946,JIS,2027-06-19,2451,Casting,Construction,21,88,1,0
657,18,2176,3607,JIS,2027-06-20,2427,Rolling,Construction,38,98,0,0
658,19,2284,3616,JIS,2027-06-21,3174,Rolling,Construction,28,61,0,1
659,17,2062,3419,JIS,2027-06-22,3399,Casting,Construction,38,78,0,0
660,19,2490,3249,DIN,2027-06-23,3045,Rolling,Construction,24,63,0,1
661,18,2149,3116,ISO,2027-06-24,2882,Rolling,Construction,37,65,0,0
662,16,2153,3865,JIS,2027-06-25,2312,Rolling,Construction,35,96,0,0
663,17,2155,3511,DIN,2027-06-26,2839,Rolling,Construction,23,87,1,0
664,16,2369,3739,DIN,2027-06-27,2518,Rolling,Construction,31,89,0,0
665,16,2468,3577,ISO,2027-06-28,3229,Rolling,Construction,26,66,0,0
666,17,2048,3334,DIN,2027-06-29,2374,Rolling,Automotive,33,68,0,0
667,19,2454,3417,DIN,2027-06-30,2450,Rolling,Automotive,31,84,1,0
668,16,2336,3931,JIS,2027-07-01,3014,Forging,Construction,22,92,0,0
669,18,2083,3773,DIN,2027-07-02,2594,Rolling,Construction,24,60,0,0
670,16,2360,3294,ISO,2027-07-03,3202,Rolling,Construction,36,65,0,0
671,17,2176,3937,JIS,2027-07-04,3233,Casting,Construction,29,77,1,0
672,17,2147,3754,ISO,2027-07-05,2499,Forging,Construction,29,69,0,0
673,17,2117,3370,DIN,2027-07-06,2463,Rolling,Construction,30,87,1,0
674,19,2341,3185,ISO,2027-07-07,3147,Casting,Construction,36,70,0,1
675,16,2475,3245,JIS,2027-07-08,2112,Rolling,Automotive,24,92,0,0
676,19,2062,3636,JIS,2027-07-09,3035,Rolling,Construction,32,60,0,1
677,19,2188,3267,ISO,2027-07-10,3149,Forging,Construction,29,72,0,1
678,17,2359,3642,JIS,2027-07-11,2330,Forging,Automotive,28,96,0,0
679,17,2048,3236,ISO,2027-07-12,3306,Rolling,Construction,36,79,1,0
680,19,2326,3529,JIS,2027-07-13,2139,Rolling,Construction,20,60,0,0
681,16,2256,3551,JIS,2027-07-14,3424,Forging,Construction,23,62,0,0
682,18,2223,3020,JIS,2027-07-15,2901,Rolling,Construction,23,77,0,0
683,19,2140,3910,ISO,2027-07-16,3120,Casting,Automotive,37,73,0,1
684,16,2477,3736,JIS,2027-07-17,2516,Rolling,Construction,28,90,0,0
685,17,2214,3866,JIS,2027-07-18,2568,Casting,Construction,37,86,0,0
686,17,2434,3793,ISO,2027-07-19,2845,Forging,Construction,33,76,0,0
687,16,2378,3519,JIS,2027-07-20,3092,Casting,Construction,34,88,0,0
688,18,2439,3099,ISO,2027-07-21,2117,Forging,Automotive,25,95,1,0
689,17,2210,3751,JIS,2027-07-22,2887,Forging,Automotive,29,96,0,0
690,17,2317,3477,ISO,2027-07-23,3082,Rolling,Construction,34,85,1,0
691,17,2031,3598,JIS,2027-07-24,3056,Rolling,Construction,23,76,0,0
692,16,2157,3297,DIN,2027-07-25,3341,Rolling,Construction,37,81,0,0
693,19,2284,3939,ISO,2027-07-26,2049,Casting,Automotive,37,84,0,0
694,17,2304,3525,ISO,2027-07-27,2018,Casting,Construction,36,61,0,0
695,19,2428,3333,ISO,2027-07-28,2725,Rolling,Construction,31,81,1,0
696,18,2476,3001,DIN,2027-07-29,2196,Rolling,Construction,26,64,0,0
697,17,2285,3374,ISO,2027-07-30,3473,Rolling,Construction,35,63,0,0
698,17,2143,3292,DIN,2027-07-31,2558,Forging,Construction,30,95,1,0
699,18,2423,3836,ISO,2027-08-01,2451,Rolling,Construction,33,65,0,0
700,17,2018,3933,ISO,2027-08-02,2288,Forging,Construction,22,80,0,0
701,19,2017,3552,JIS,2027-08-03,3164,Casting,Construction,38,72,0,1
702,16,2256,3317,ISO,2027-08-04,3107,Rolling,Construction,37,96,1,0
703,19,2077,3501,JIS,2027-08-05,2390,Rolling,Automotive,29,84,0,0
704,16,2370,3827,JIS,2027-08-06,2214,Rolling,Construction,25,85,0,0
705,16,2174,3380,DIN,2027-08-07,2214,Rolling,Construction,32,98,0,0
706,19,2497,3622,DIN,2027-08-08,3426,Rolling,Automotive,29,79,1,1
707,19,2193,3013,JIS,2027-08-09,2127,Rolling,Construction,37,92,0,0
708,19,2475,3503,ISO,2027-08-10,2759,Casting,Automotive,39,73,0,0
709,19,2112,3230,ISO,2027-08-11,2403,Rolling,Automotive,35,95,0,0
710,18,2113,3984,ISO,2027-08-12,3052,Rolling,Construction,25,76,1,0
711,17,2221,3083,JIS,2027-08-13,2337,Casting,Aerospace,32,80,1,0
712,16,2165,3129,ISO,2027-08-14,2830,Forging,Construction,23,75,1,0
713,19,2434,3742,DIN,2027-08-15,2713,Rolling,Construction,33,75,0,0
714,19,2318,3837,JIS,2027-08-16,2360,Forging,Construction,20,79,0,0
715,19,2131,3144,JIS,2027-08-17,2568,Rolling,Construction,39,88,0,0
716,18,2384,3890,DIN,2027-08-18,3415,Forging,Automotive,24,87,1,0
717,19,2263,3856,ISO,2027-08-19,2217,Forging,Automotive,27,67,0,0
718,19,2412,3027,JIS,2027-08-20,2201,Forging,Automotive,31,83,0,0
719,19,2054,3065,DIN,2027-08-21,2016,Rolling,Aerospace,21,62,0,0
720,17,2358,3162,ISO,2027-08-22,2321,Casting,Automotive,31,84,0,0
721,18,2130,3228,ISO,2027-08-23,2517,Rolling,Automotive,24,78,0,0
722,19,2287,3260,JIS,2027-08-24,3348,Rolling,Construction,24,92,0,1
723,16,2265,3448,DIN,2027-08-25,3435,Rolling,Construction,32,61,0,0
724,16,2457,3423,JIS,2027-08-26,3341,Rolling,Construction,28,74,0,0
725,16,2466,3459,JIS,2027-08-27,2680,Rolling,Automotive,29,81,0,0
726,18,2365,3951,DIN,2027-08-28,3105,Casting,Construction,20,69,0,0
727,18,2161,3675,DIN,2027-08-29,3497,Casting,Construction,22,77,0,0
728,16,2379,3300,DIN,2027-08-30,3491,Rolling,Construction,37,81,0,0
729,19,2480,3918,ISO,2027-08-31,2424,Rolling,Construction,31,86,0,0
730,18,2086,3302,DIN,2027-09-01,3227,Rolling,Construction,22,72,0,0
731,16,2054,3286,JIS,2027-09-02,3018,Rolling,Construction,28,92,0,0
732,16,2475,3394,DIN,2027-09-03,2386,Rolling,Automotive,21,64,0,0
733,19,2287,3009,JIS,2027-09-04,2777,Casting,Construction,22,85,0,0
734,17,2177,3706,DIN,2027-09-05,2097,Rolling,Automotive,33,72,0,0
735,18,2390,3629,DIN,2027-09-06,3368,Rolling,Construction,23,86,1,0
736,19,2348,3269,DIN,2027-09-07,2207,Rolling,Construction,38,73,0,0
737,16,2007,3591,DIN,2027-09-08,2585,Casting,Construction,32,83,0,0
738,16,2320,3969,JIS,2027-09-09,2165,Forging,Construction,26,62,0,0
739,19,2312,3604,ISO,2027-09-10,2021,Casting,Construction,31,89,0,0
740,18,2246,3777,DIN,2027-09-11,2153,Forging,Construction,22,94,0,0
741,17,2322,3843,ISO,2027-09-12,3462,Rolling,Construction,28,73,0,0
742,17,2471,3861,ISO,2027-09-13,3318,Rolling,Construction,21,71,0,0
743,16,2470,3360,DIN,2027-09-14,2218,Forging,Construction,28,87,0,0
744,18,2442,3256,DIN,2027-09-15,2668,Rolling,Automotive,31,88,1,0
745,17,2254,3132,JIS,2027-09-16,2229,Forging,Automotive,31,76,0,0
746,18,2327,3275,DIN,2027-09-17,2019,Rolling,Construction,34,99,0,0
747,18,2053,3775,JIS,2027-09-18,2552,Rolling,Aerospace,21,80,0,0
748,16,2248,3682,DIN,2027-09-19,2949,Forging,Construction,37,82,0,0
749,17,2238,3971,DIN,2027-09-20,2147,Forging,Automotive,32,79,1,0
750,19,2228,3512,ISO,2027-09-21,3131,Forging,Automotive,33,70,0,1
751,16,2066,3312,ISO,2027-09-22,2402,Rolling,Automotive,24,93,1,0
752,17,2050,3575,ISO,2027-09-23,2595,Forging,Construction,29,69,0,0
753,17,2096,3885,DIN,2027-09-24,2366,Rolling,Construction,31,69,0,0
754,17,2091,3979,ISO,2027-09-25,3437,Rolling,Construction,29,65,0,0
755,17,2494,3283,ISO,2027-09-26,3332,Rolling,Construction,30,95,0,0
756,17,2263,3120,ISO,2027-09-27,2801,Rolling,Construction,21,83,0,0
757,18,2417,3106,JIS,2027-09-28,2917,Rolling,Construction,24,71,0,0
758,16,2290,3932,ISO,2027-09-29,3157,Rolling,Construction,26,82,0,0
759,18,2095,3686,DIN,2027-09-30,3306,Rolling,Construction,25,86,0,0
760,19,2087,3996,ISO,2027-10-01,2072,Rolling,Automotive,22,96,1,0
761,17,2077,3203,DIN,2027-10-02,2480,Rolling,Automotive,32,65,0,0
762,16,2287,3164,ISO,2027-10-03,3375,Rolling,Aerospace,22,60,0,0
763,17,2119,3304,ISO,2027-10-04,2559,Rolling,Construction,25,65,0,0
764,16,2301,3496,DIN,2027-10-05,3349,Forging,Automotive,30,81,0,0
765,18,2490,3631,ISO,2027-10-06,2744,Rolling,Automotive,36,83,0,0
766,16,2399,3555,ISO,2027-10-07,3466,Rolling,Construction,29,84,1,0
767,19,2451,3823,ISO,2027-10-08,2099,Rolling,Construction,31,74,1,0
768,19,2499,3155,ISO,2027-10-09,3082,Forging,Aerospace,36,85,0,1
769,16,2164,3366,ISO,2027-10-10,2507,Casting,Construction,23,67,1,0
770,16,2181,3718,ISO,2027-10-11,2257,Forging,Construction,21,83,0,0
771,16,2468,3901,JIS,2027-10-12,2412,Forging,Construction,30,97,0,0
772,16,2397,3619,DIN,2027-10-13,3475,Rolling,Construction,26,65,0,0
773,19,2222,3250,DIN,2027-10-14,3088,Forging,Automotive,21,94,0,1
774,17,2310,3956,ISO,2027-10-15,2594,Forging,Automotive,37,60,0,0
775,16,2431,3915,JIS,2027-10-16,3177,Rolling,Construction,23,95,0,0
776,16,2465,3881,ISO,2027-10-17,2265,Rolling,Construction,27,71,0,0
777,19,2006,3333,ISO,2027-10-18,2820,Rolling,Construction,39,97,0,0
778,19,2329,3641,DIN,2027-10-19,3102,Casting,Construction,33,70,0,1
779,18,2262,3968,ISO,2027-10-20,3338,Forging,Construction,31,71,1,0
780,16,2160,3510,ISO,2027-10-21,2661,Forging,Automotive,37,98,0,0
781,18,2150,3292,DIN,2027-10-22,2946,Rolling,Construction,30,66,0,0
782,19,2084,3019,JIS,2027-10-23,2559,Rolling,Construction,27,70,0,0
783,19,2146,3281,DIN,2027-10-24,2916,Rolling,Automotive,21,95,0,0
784,17,2111,3796,JIS,2027-10-25,2890,Rolling,Construction,34,90,0,0
785,16,2380,3000,JIS,2027-10-26,3271,Casting,Automotive,28,92,0,0
786,18,2402,3118,ISO,2027-10-27,2867,Forging,Automotive,38,72,0,0
787,19,2035,3034,ISO,2027-10-28,2609,Rolling,Automotive,39,77,0,0
788,19,2284,3197,ISO,2027-10-29,2413,Casting,Construction,27,83,0,0
789,18,2187,3484,DIN,2027-10-30,2024,Rolling,Construction,38,68,0,0
790,17,2081,3756,DIN,2027-10-31,2283,Casting,Construction,24,90,0,0
791,19,2001,3058,JIS,2027-11-01,3472,Rolling,Construction,30,69,0,1
792,16,2384,3836,JIS,2027-11-02,2880,Rolling,Automotive,34,61,1,0
793,19,2302,3160,DIN,2027-11-03,2300,Rolling,Automotive,27,97,0,0
794,16,2196,3690,ISO,2027-11-04,3091,Rolling,Automotive,38,74,1,0
795,18,2403,3205,JIS,2027-11-05,3030,Rolling,Aerospace,27,62,0,0
796,16,2010,3011,JIS,2027-11-06,2816,Forging,Automotive,38,90,1,0
797,18,2233,3489,JIS,2027-11-07,3160,Casting,Construction,37,65,0,0
798,16,2385,3275,ISO,2027-11-08,3187,Forging,Construction,29,62,0,0
799,18,2194,3692,DIN,2027-11-09,2082,Rolling,Automotive,26,70,1,0
800,16,2470,3241,ISO,2027-11-10,3443,Forging,Construction,28,74,0,0
801,17,2118,3215,ISO,2027-11-11,3096,Rolling,Construction,20,87,0,0
802,16,2395,3250,ISO,2027-11-12,3260,Rolling,Construction,38,69,0,0
803,16,2019,3810,DIN,2027-11-13,2045,Forging,Automotive,24,97,0,0
804,17,2260,3125,DIN,2027-11-14,2617,Forging,Construction,38,66,1,0
805,19,2292,3993,ISO,2027-11-15,2927,Rolling,Automotive,20,74,0,0
806,19,2421,3216,ISO,2027-11-16,2261,Rolling,Automotive,34,77,0,0
807,16,2255,3305,DIN,2027-11-17,2175,Casting,Construction,35,77,0,0
808,17,2221,3796,ISO,2027-11-18,3189,Rolling,Construction,26,83,0,0
809,16,2392,3184,ISO,2027-11-19,2656,Rolling,Construction,31,61,0,0
810,18,2225,3038,DIN,2027-11-20,2841,Forging,Automotive,27,99,0,0
811,18,2052,3222,JIS,2027-11-21,2369,Rolling,Automotive,24,79,0,0
812,16,2427,3183,ISO,2027-11-22,2053,Rolling,Automotive,29,93,0,0
813,19,2354,3494,ISO,2027-11-23,2689,Rolling,Construction,24,85,1,0
814,19,2499,3426,ISO,2027-11-24,3442,Forging,Construction,36,66,0,1
815,16,2341,3177,JIS,2027-11-25,3364,Forging,Construction,24,97,0,0
816,16,2363,3918,DIN,2027-11-26,3150,Forging,Automotive,34,89,0,0
817,18,2279,3427,DIN,2027-11-27,3432,Casting,Construction,32,64,0,0
818,19,2080,3293,ISO,2027-11-28,2366,Forging,Construction,20,70,0,0
819,16,2201,3851,DIN,2027-11-29,3294,Rolling,Construction,30,60,1,0
820,18,2157,3150,ISO,2027-11-30,2643,Rolling,Construction,20,93,0,0
821,19,2119,3383,DIN,2027-12-01,2378,Forging,Construction,30,60,1,0
822,17,2058,3637,JIS,2027-12-02,2072,Forging,Construction,37,78,0,0
823,18,2493,3812,DIN,2027-12-03,2914,Forging,Construction,37,61,0,0
824,19,2214,3307,JIS,2027-12-04,3271,Forging,Construction,35,80,0,1
825,19,2127,3335,JIS,2027-12-05,2859,Rolling,Automotive,32,79,0,0
826,18,2223,3945,ISO,2027-12-06,2042,Rolling,Automotive,26,82,0,0
827,17,2208,3745,JIS,2027-12-07,2376,Rolling,Construction,20,80,1,0
828,18,2369,3891,ISO,2027-12-08,3064,Rolling,Automotive,35,83,0,0
829,19,2114,3374,DIN,2027-12-09,2169,Rolling,Construction,20,63,1,0
830,16,2208,3007,ISO,2027-12-10,2211,Forging,Construction,36,71,0,0
831,16,2013,3340,ISO,2027-12-11,2038,Forging,Automotive,25,81,0,0
832,18,2008,3128,DIN,2027-12-12,2368,Rolling,Automotive,21,79,0,0
833,19,2039,3775,ISO,2027-12-13,2756,Rolling,Automotive,36,77,0,0
834,16,2449,3668,DIN,2027-12-14,2150,Rolling,Construction,25,60,1,0
835,19,2236,3351,DIN,2027-12-15,3134,Rolling,Construction,33,89,0,1
836,18,2280,3357,ISO,2027-12-16,3459,Forging,Automotive,37,92,0,0
837,16,2358,3516,ISO,2027-12-17,3070,Forging,Construction,25,83,0,0
838,19,2200,3494,DIN,2027-12-18,3023,Forging,Construction,29,73,0,1
839,16,2245,3085,ISO,2027-12-19,2736,Forging,Automotive,37,95,0,0
840,18,2277,3174,JIS,2027-12-20,3389,Forging,Automotive,28,64,0,0
841,19,2234,3801,DIN,2027-12-21,2068,Rolling,Automotive,27,70,0,0
842,16,2493,3192,JIS,2027-12-22,2298,Rolling,Construction,29,83,0,0
843,18,2003,3310,DIN,2027-12-23,2943,Rolling,Automotive,36,90,0,0
844,16,2153,3118,DIN,2027-12-24,2801,Casting,Construction,25,72,0,0
845,16,2441,3217,DIN,2027-12-25,2295,Rolling,Construction,33,75,0,0
846,17,2028,3426,ISO,2027-12-26,2202,Rolling,Automotive,25,83,0,0
847,17,2108,3969,ISO,2027-12-27,2060,Casting,Construction,26,72,0,0
848,18,2097,3413,JIS,2027-12-28,2945,Casting,Construction,31,83,0,0
849,17,2214,3113,DIN,2027-12-29,2962,Forging,Automotive,22,85,0,0
850,18,2292,3977,JIS,2027-12-30,3337,Rolling,Construction,33,61,0,0
851,17,2074,3144,JIS,2027-12-31,3184,Rolling,Construction,38,75,0,0
852,16,2325,3537,JIS,2028-01-01,2330,Rolling,Construction,35,97,0,0
853,18,2145,3647,JIS,2028-01-02,2337,Rolling,Construction,26,60,0,0
854,18,2127,3302,DIN,2028-01-03,3327,Rolling,Construction,27,70,1,0
855,16,2340,3743,ISO,2028-01-04,3361,Rolling,Automotive,37,94,0,0
856,18,2041,3880,DIN,2028-01-05,2638,Casting,Automotive,32,88,0,0
857,18,2355,3587,ISO,2028-01-06,2274,Rolling,Construction,28,96,0,0
858,17,2040,3986,DIN,2028-01-07,3187,Forging,Automotive,29,76,0,0
859,18,2421,3839,JIS,2028-01-08,3466,Forging,Construction,28,98,0,0
860,19,2033,3344,DIN,2028-01-09,2318,Rolling,Construction,34,87,0,0
861,16,2016,3813,ISO,2028-01-10,2588,Forging,Automotive,39,88,0,0
862,17,2164,3963,ISO,2028-01-11,2503,Rolling,Construction,21,62,0,0
863,17,2152,3800,DIN,2028-01-12,2386,Rolling,Aerospace,32,69,0,0
864,19,2485,3000,ISO,2028-01-13,2869,Forging,Construction,21,73,0,0
865,16,2377,3146,JIS,2028-01-14,2832,Rolling,Automotive,38,71,0,0
866,16,2075,3286,ISO,2028-01-15,3014,Casting,Construction,21,89,0,0
867,17,2086,3975,ISO,2028-01-16,2602,Rolling,Construction,22,91,0,0
868,18,2116,3653,ISO,2028-01-17,2690,Forging,Construction,25,91,0,0
869,17,2361,3052,DIN,2028-01-18,2493,Rolling,Automotive,22,91,1,0
870,16,2341,3303,DIN,2028-01-19,2489,Rolling,Construction,29,85,0,0
871,19,2468,3068,ISO,2028-01-20,2720,Rolling,Aerospace,25,60,0,0
872,17,2026,3360,ISO,2028-01-21,3096,Forging,Construction,35,61,0,0
873,16,2312,3601,DIN,2028-01-22,2508,Casting,Construction,36,76,1,0
874,17,2286,3957,ISO,2028-01-23,2389,Casting,Construction,38,89,0,0
875,18,2133,3219,DIN,2028-01-24,2294,Rolling,Automotive,22,98,0,0
876,17,2218,3961,DIN,2028-01-25,3392,Forging,Automotive,37,66,0,0
877,17,2167,3703,ISO,2028-01-26,2795,Forging,Construction,26,86,0,0
878,16,2097,3965,ISO,2028-01-27,2864,Forging,Automotive,28,68,1,0
879,16,2267,3574,JIS,2028-01-28,2548,Rolling,Construction,39,81,0,0
880,16,2236,3584,DIN,2028-01-29,2648,Forging,Automotive,31,93,0,0
881,17,2308,3160,DIN,2028-01-30,2567,Casting,Automotive,24,60,1,0
882,18,2454,3680,ISO,2028-01-31,3210,Rolling,Construction,22,68,0,0
883,19,2393,3088,DIN,2028-02-01,2852,Casting,Construction,30,79,0,0
884,19,2172,3687,ISO,2028-02-02,2769,Forging,Aerospace,23,78,0,0
885,16,2400,3780,DIN,2028-02-03,2444,Rolling,Automotive,24,95,0,0
886,16,2409,3584,JIS,2028-02-04,2362,Rolling,Construction,20,99,0,0
887,17,2468,3756,ISO,2028-02-05,2122,Rolling,Construction,37,63,0,0
888,19,2475,3588,ISO,2028-02-06,3211,Forging,Construction,31,68,0,1
889,16,2189,3158,ISO,2028-02-07,2741,Casting,Construction,32,81,0,0
890,18,2121,3488,ISO,2028-02-08,2679,Rolling,Automotive,28,77,1,0
891,18,2045,3970,ISO,2028-02-09,2419,Casting,Automotive,21,71,0,0
892,16,2063,3323,ISO,2028-02-10,3275,Casting,Construction,24,98,1,0
893,16,2129,3609,JIS,2028-02-11,3358,Rolling,Construction,32,68,0,0
894,19,2309,3380,DIN,2028-02-12,2091,Casting,Construction,35,65,0,0
895,19,2362,3101,ISO,2028-02-13,2062,Casting,Construction,35,78,1,0
896,17,2192,3493,JIS,2028-02-14,2511,Forging,Construction,22,66,0,0
897,19,2306,3643,ISO,2028-02-15,3162,Forging,Construction,23,75,0,1
898,18,2180,3613,JIS,2028-02-16,3208,Casting,Construction,30,64,0,0
899,18,2291,3018,ISO,2028-02-17,3228,Forging,Construction,33,75,0,0
900,16,2370,3453,JIS,2028-02-18,2771,Rolling,Construction,22,60,0,0
901,19,2281,3481,DIN,2028-02-19,3237,Casting,Construction,35,96,1,1
902,17,2028,3593,JIS,2028-02-20,2255,Forging,Construction,34,98,0,0
903,18,2148,3396,JIS,2028-02-21,2134,Forging,Construction,29,78,0,0
904,18,2266,3278,ISO,2028-02-22,2874,Rolling,Construction,28,96,0,0
905,17,2295,3850,JIS,2028-02-23,2821,Forging,Construction,30,76,0,0
906,17,2010,3364,ISO,2028-02-24,2087,Rolling,Construction,35,85,0,0
907,18,2163,3330,ISO,2028-02-25,2987,Casting,Automotive,29,81,0,0
908,18,2112,3640,ISO,2028-02-26,3230,Rolling,Aerospace,36,67,0,0
909,17,2186,3343,DIN,2028-02-27,3152,Rolling,Automotive,38,92,0,0
910,18,2294,3821,ISO,2028-02-28,2822,Rolling,Construction,21,61,1,0
911,16,2231,3454,DIN,2028-02-29,3026,Rolling,Automotive,21,89,0,0
912,16,2226,3600,DIN,2028-03-01,2973,Forging,Automotive,25,79,0,0
913,17,2309,3724,JIS,2028-03-02,2933,Casting,Construction,38,77,0,0
914,19,2097,3654,JIS,2028-03-03,2120,Casting,Construction,27,69,0,0
915,17,2054,3064,DIN,2028-03-04,3408,Rolling,Automotive,22,83,0,0
916,17,2110,3075,ISO,2028-03-05,3061,Rolling,Construction,33,63,1,0
917,19,2151,3710,ISO,2028-03-06,3364,Casting,Construction,35,96,0,1
918,19,2245,3142,ISO,2028-03-07,3007,Casting,Automotive,20,63,1,1
919,19,2405,3916,ISO,2028-03-08,2924,Rolling,Automotive,22,72,0,0
920,16,2068,3914,ISO,2028-03-09,2644,Rolling,Construction,37,84,1,0
921,18,2311,3827,ISO,2028-03-10,2713,Rolling,Construction,28,72,0,0
922,16,2288,3604,JIS,2028-03-11,2859,Casting,Construction,25,77,1,0
923,18,2249,3472,DIN,2028-03-12,2020,Forging,Automotive,20,83,0,0
924,16,2035,3416,ISO,2028-03-13,2241,Rolling,Construction,29,61,0,0
925,18,2238,3304,DIN,2028-03-14,2454,Rolling,Construction,25,92,1,0
926,16,2147,3735,ISO,2028-03-15,2962,Casting,Automotive,31,78,0,0
927,19,2466,3496,DIN,2028-03-16,2620,Rolling,Construction,23,68,0,0
928,17,2226,3290,DIN,2028-03-17,2302,Rolling,Automotive,32,87,0,0
929,16,2243,3939,DIN,2028-03-18,2802,Forging,Construction,36,94,1,0
930,18,2490,3101,DIN,2028-03-19,2963,Rolling,Construction,27,98,0,0
931,19,2336,3985,JIS,2028-03-20,2068,Rolling,Automotive,39,69,0,0
932,16,2445,3266,JIS,2028-03-21,3152,Casting,Construction,22,60,0,0
933,16,2364,3866,DIN,2028-03-22,2195,Casting,Construction,31,80,0,0
934,19,2490,3967,DIN,2028-03-23,2139,Casting,Construction,26,68,1,0
935,16,2481,3621,DIN,2028-03-24,3467,Casting,Automotive,31,74,0,0
936,17,2200,3973,ISO,2028-03-25,2282,Forging,Aerospace,21,94,0,0
937,16,2153,3841,ISO,2028-03-26,2311,Casting,Aerospace,33,64,1,0
938,17,2449,3961,ISO,2028-03-27,2745,Rolling,Construction,24,81,0,0
939,17,2072,3941,DIN,2028-03-28,2276,Forging,Construction,28,82,0,0
940,19,2200,3776,DIN,2028-03-29,2060,Casting,Construction,30,66,0,0
941,16,2295,3002,ISO,2028-03-30,3342,Rolling,Automotive,24,82,0,1
942,19,2016,3084,JIS,2028-03-31,2051,Rolling,Construction,22,84,0,0
943,16,2128,3793,JIS,2028-04-01,2152,Rolling,Aerospace,36,86,0,0
944,16,2216,3327,JIS,2028-04-02,3334,Rolling,Construction,21,65,0,1
945,18,2060,3815,DIN,2028-04-03,2543,Rolling,Aerospace,20,93,0,0
946,16,2426,3449,JIS,2028-04-04,2566,Casting,Automotive,26,68,0,0
947,19,2103,3453,ISO,2028-04-05,3412,Casting,Automotive,33,92,0,1
948,17,2041,3923,JIS,2028-04-06,2621,Rolling,Construction,24,65,0,0
949,16,2024,3628,ISO,2028-04-07,3200,Rolling,Construction,38,96,0,1
950,18,2038,3220,JIS,2028-04-08,3385,Rolling,Construction,30,90,0,1
951,19,2290,3153,ISO,2028-04-09,2313,Casting,Construction,21,93,0,0
952,16,2130,3664,JIS,2028-04-10,2806,Rolling,Construction,27,88,0,0
953,19,2497,3011,JIS,2028-04-11,2847,Rolling,Construction,28,73,0,0
954,18,2228,3132,ISO,2028-04-12,2096,Rolling,Construction,22,95,0,0
955,18,2107,3993,DIN,2028-04-13,2880,Rolling,Automotive,21,95,0,0
956,19,2171,3303,JIS,2028-04-14,3236,Rolling,Automotive,26,74,0,1
957,16,2434,3292,DIN,2028-04-15,2828,Casting,Construction,24,67,0,0
958,17,2477,3974,JIS,2028-04-16,2136,Forging,Aerospace,24,85,1,0
959,18,2101,3299,DIN,2028-04-17,3029,Forging,Construction,39,95,1,1
960,16,2353,3739,ISO,2028-04-18,3010,Rolling,Construction,32,80,0,1
961,16,2011,3782,ISO,2028-04-19,2108,Forging,Construction,39,87,0,0
962,17,2274,3042,ISO,2028-04-20,2546,Forging,Automotive,25,63,0,0
963,18,2100,3943,JIS,2028-04-21,3062,Rolling,Construction,39,75,0,1
964,18,2043,3342,ISO,2028-04-22,2661,Forging,Construction,37,81,0,0
965,16,2442,3325,DIN,2028-04-23,2424,Rolling,Automotive,21,71,0,0
966,16,2304,3813,DIN,2028-04-24,2629,Casting,Construction,25,75,0,0
967,17,2444,3497,DIN,2028-04-25,2260,Rolling,Automotive,28,99,0,0
968,17,2016,3363,JIS,2028-04-26,3449,Casting,Aerospace,22,97,0,1
969,18,2329,3890,JIS,2028-04-27,2086,Rolling,Aerospace,20,96,0,0
970,19,2056,3426,DIN,2028-04-28,2464,Forging,Construction,20,88,0,0
971,18,2310,3020,JIS,2028-04-29,2075,Forging,Construction,38,77,0,0
972,16,2496,3406,JIS,2028-04-30,2470,Forging,Construction,24,69,0,0
973,18,2302,3618,DIN,2028-05-01,2413,Rolling,Construction,32,98,0,0
974,19,2011,3335,JIS,2028-05-02,2824,Rolling,Construction,38,77,0,0
975,17,2317,3814,ISO,2028-05-03,2894,Forging,Construction,31,60,0,0
976,19,2079,3116,ISO,2028-05-04,2725,Rolling,Aerospace,35,98,0,0
977,19,2215,3123,JIS,2028-05-05,2456,Rolling,Aerospace,38,80,0,0
978,19,2338,3398,DIN,2028-05-06,3308,Forging,Construction,22,60,1,1
979,17,2263,3792,JIS,2028-05-07,3262,Forging,Construction,31,74,1,1
980,19,2478,3803,JIS,2028-05-08,2652,Rolling,Construction,24,63,0,0
981,19,2148,3714,ISO,2028-05-09,2671,Rolling,Construction,21,79,0,0
982,19,2080,3050,JIS,2028-05-10,3395,Rolling,Automotive,26,69,0,1
983,16,2214,3782,DIN,2028-05-11,2494,Forging,Automotive,32,82,1,0
984,19,2484,3323,DIN,2028-05-12,3068,Forging,Automotive,34,93,0,1
985,17,2373,3788,DIN,2028-05-13,3424,Casting,Automotive,22,92,1,1
986,19,2463,3140,JIS,2028-05-14,3270,Casting,Construction,39,93,0,1
987,19,2197,3469,ISO,2028-05-15,2596,Rolling,Automotive,24,98,0,0
988,17,2199,3786,DIN,2028-05-16,2449,Rolling,Construction,27,69,1,0
989,19,2024,3801,DIN,2028-05-17,2484,Rolling,Construction,20,79,0,0
990,17,2465,3333,JIS,2028-05-18,2645,Rolling,Construction,27,60,0,0
991,19,2088,3892,DIN,2028-05-19,2619,Casting,Construction,37,72,0,0
992,17,2267,3963,ISO,2028-05-20,3041,Forging,Construction,39,60,0,1
993,19,2142,3372,ISO,2028-05-21,2661,Rolling,Construction,35,64,0,0
994,19,2058,3563,ISO,2028-05-22,2757,Rolling,Aerospace,37,75,0,0
995,16,2409,3493,JIS,2028-05-23,2288,Forging,Construction,39,74,0,0
996,16,2488,3538,ISO,2028-05-24,3437,Forging,Construction,31,87,0,1
997,19,2364,3668,ISO,2028-05-25,2720,Rolling,Construction,32,90,1,0
998,19,2025,3750,JIS,2028-05-26,2637,Casting,Automotive,32,82,0,0
999,18,2046,3155,ISO,2028-05-27,2234,Forging,Construction,29,76,0,0
