,Customer ID,Age,Annual Income,Number of Dependents,Purchase Frequency,Total Purchase Amount,label
0,10970,32,126460.7247323511,8,Medium,17616.711255171973,0
1,10939,19,76086.35016824791,10,Medium,5171.557128925956,0
2,10831,44,103547.74112072909,10,Low,37254.19497651443,0
3,10378,53,80141.448157337,5,Low,38041.06137843161,0
4,10774,34,58989.4045384224,2,High,34688.29004609751,0
5,10551,20,68391.6243253113,2,Low,32826.18216044949,0
6,10891,48,75699.776767656,3,High,23090.00381445336,0
7,10717,56,146009.8122784729,9,Low,32960.27958223898,0
8,10918,18,107764.78797197157,2,Low,39015.2414762063,0
9,10184,38,51810.57115583345,2,Medium,13250.000345381493,0
10,10174,37,81394.3784086328,1,Low,16204.57131523761,0
11,10476,23,50910.647086814904,3,Medium,41510.23562557329,0
12,10748,34,137013.3909426283,5,Low,35486.04163263321,0
13,10421,20,105031.01653716777,10,Medium,41980.07651626563,0
14,10634,35,76788.30105714116,1,Medium,10558.355721296099,0
15,10131,48,94373.48551788065,3,Medium,48073.62476163121,0
16,10557,54,86335.1889645395,10,Low,2952.0703876610023,0
17,10948,51,66132.94756538578,8,Medium,44627.09471334589,0
18,10865,27,113435.45708186805,10,High,18985.623934218223,0
19,10551,21,31243.03120663176,1,High,35758.76508997063,0
20,10442,46,114704.15038777218,4,High,49099.420319244025,0
21,10456,60,117545.831162598,0,Low,39515.81972475474,1
22,10076,56,50633.088219786434,1,Low,5191.7659520594525,0
23,10060,44,140606.55133199145,7,High,42837.60511358248,0
24,10098,33,129838.39223982353,10,High,45822.44396864544,0
25,10932,34,98910.19823519394,2,Low,10634.304276333527,0
26,10326,37,87117.16483569241,6,High,27160.989997112312,0
27,10061,59,71205.54935024321,6,Medium,5171.5847486610055,0
28,10871,56,33569.79085100531,9,Low,20355.929390545454,0
29,10581,41,58664.677511829614,9,Low,35627.56476938424,0
30,10184,48,81723.25012396414,4,Medium,27385.484943995838,0
31,10486,22,88720.41023517435,3,High,7201.549016264257,0
32,10781,24,126310.95011705154,8,Low,7294.6410302768845,0
33,10814,39,122210.68716081993,2,High,45745.03396340182,0
34,10809,35,108743.47806132426,6,Low,7738.554698869136,0
35,10913,55,79468.3694478478,1,Low,40833.98387395674,0
36,10815,30,92685.3774386441,8,Low,25715.17610989282,0
37,10080,26,76775.21750671728,5,High,27810.344156627416,0
38,10719,31,87392.01053487242,5,High,48053.703146313055,0
39,10393,50,126012.36361758804,3,Medium,39884.86311209709,0
40,10931,49,106407.34351120594,4,High,1094.8774664508474,0
41,10733,24,87895.42413873019,5,Low,10591.50255511715,0
42,11000,23,42345.91177430863,5,Medium,43445.743902389026,0
43,10175,41,126420.39034399678,3,Low,35377.697836989326,0
44,10288,44,104772.35355968557,5,Medium,48678.96848890841,0
45,10272,37,78686.71504071595,4,Low,1897.8286713798066,0
46,10560,40,35839.86082752393,6,High,48723.9255633185,0
47,10218,52,77099.59626573298,0,High,36672.753569783294,1
48,10916,51,89323.14673045672,0,High,29308.863773360816,1
49,10372,59,115860.69780310208,10,High,38950.17243433522,0
50,10841,39,51342.320316537385,4,Medium,30198.67867780887,0
51,10729,35,53934.093904662004,6,Medium,25802.86569931923,0
52,10022,43,35117.744646296305,6,Medium,27958.543922810444,0
53,10286,24,104086.75106495181,3,High,11987.81948863241,0
54,10973,23,99754.5795566052,3,High,12195.984289944563,0
55,10592,22,64561.56241717829,7,Low,32556.948619221334,0
56,10544,27,91233.91434043023,0,Low,41485.78079907152,1
57,10355,34,39726.09520772519,0,Low,6850.072400665405,0
58,10167,52,41930.97641397137,0,High,17398.749068732115,1
59,10655,52,89002.28945788111,4,High,37423.94908970492,0
60,10717,19,42717.738862030455,2,Low,17533.279493496233,0
61,10765,44,108476.67571874823,8,High,41060.683060722535,0
62,10887,56,143088.42225003245,6,Low,49387.93616071422,0
63,10817,21,94378.83760678473,6,High,31046.30279089077,0
64,10422,26,65829.75290114399,2,High,29422.352442103558,0
65,10016,51,57861.14359249876,9,High,11247.996765569522,0
66,10420,20,113132.25985540061,4,Low,45363.22591851507,0
67,10644,45,112535.44367448344,7,Low,31155.70709178675,0
68,10365,40,42614.31105040658,2,Medium,34603.225023172534,0
69,10890,21,135410.25719267677,7,Medium,4756.560442505727,0
70,10388,35,145539.3754989161,7,Low,16357.592352329619,0
71,10165,42,122717.68583286693,7,High,8443.412144950646,0
72,10649,19,117847.30258830136,6,Low,28758.44108099019,0
73,10013,34,44843.571582751036,6,Low,4645.724231792312,0
74,10708,58,132443.6970817389,9,High,29893.42152427915,0
75,10700,38,133859.5853201641,0,Low,49623.84204120522,1
76,10232,21,130516.51693446298,7,Medium,13243.590621878784,0
77,10903,52,85073.45340702869,2,High,18744.64327578877,0
78,10523,29,77735.70882094686,9,Medium,24124.250208168654,0
79,10472,21,75859.6361439468,9,Low,5681.693720031408,0
80,10377,32,96103.77213561056,6,High,46667.60582545019,0
81,10002,38,132420.27480109734,6,Medium,35367.88310205144,0
82,10290,32,73383.0369221053,9,Low,7826.847177497617,0
83,10342,53,131485.77699053645,0,Low,27593.21087325726,1
84,10754,20,81787.42834114865,10,Medium,37592.384976322886,0
85,10324,43,79370.59416055214,7,Low,17534.50131612259,0
86,10264,54,119974.20338383742,2,Low,37353.29592911485,0
87,10091,54,42087.57053318626,6,Medium,46863.74123464184,0
88,10793,38,128461.61208433173,1,Low,42817.78383104896,0
89,10295,54,42303.5379817557,3,Low,38750.81851619678,0
90,10185,36,124210.90355290155,4,High,40206.723503283756,0
91,10594,29,101453.99748945645,1,Medium,28418.311620700253,0
92,10750,23,58342.84532768917,4,High,14247.94987982113,0
93,10240,44,134251.95954444428,0,Low,14342.26065661801,1
94,10022,41,60712.13578455579,6,Low,9245.070343286057,0
95,10381,35,108674.0218942524,8,Medium,35692.33154841595,0
96,10385,33,76890.66319092474,5,High,1337.9571409972646,0
97,10300,23,140347.79787396753,0,Low,4080.7238502074965,0
98,10073,42,127745.99606063099,1,High,16679.281478545912,0
99,10344,59,92469.77984589283,9,Low,4349.602306246419,0
100,10744,46,63367.99413741194,5,Low,3736.121816485036,0
101,10320,36,87501.4755355454,1,High,32963.61828721125,0
102,10429,19,61946.442435440185,4,Medium,25527.33632374165,0
103,10476,21,32241.22843465129,1,Low,43696.74522972451,0
104,10538,35,126669.0609396212,10,Medium,15220.368583169335,0
105,10246,28,51279.72455778334,4,High,10504.366026507947,0
106,10240,20,79950.93251296677,9,Low,11668.960359300492,0
107,10847,23,63731.287221954924,4,Medium,8764.37100095801,0
108,10172,55,57632.923962239605,10,High,19934.777789110907,0
109,10212,34,77766.94990535642,1,Low,21860.184006316278,0
110,10759,25,95302.03861860439,4,Medium,35982.36365457996,0
111,10108,41,80729.92415491203,1,Medium,37457.41087890907,0
112,10892,23,53856.774461728375,0,High,7517.550243100103,0
113,10814,21,65164.20670069846,7,Low,12890.667071005359,0
114,10493,24,61049.16530567953,3,High,18224.844655209003,0
115,10698,42,33095.859972012266,4,High,46324.842787847236,0
116,10750,22,106389.80084918962,8,Medium,7557.9630338744655,0
117,10958,19,35058.695604123306,7,Low,14845.351531957556,0
118,10470,39,138899.84260355547,4,Low,44188.08208118347,0
119,10683,20,58100.20436046076,10,High,3937.489623436442,0
120,10851,22,126000.19700952039,9,High,42940.19283988462,0
121,10260,28,149972.83282495837,8,Medium,40899.7965543857,0
122,10784,50,141290.7350438211,6,Medium,46251.16150332624,0
123,10014,49,131569.46894666637,7,Low,44454.25170247022,0
124,10564,41,60431.13373770997,0,High,15868.095237138661,1
125,10494,40,35882.45818821399,6,High,16970.023274182535,0
126,10866,41,94454.19346674805,7,High,4633.786195752234,0
127,10950,51,120378.04105757085,0,Medium,45273.14012614685,1
128,10330,23,68255.1507979255,9,High,32492.74226692948,0
129,10506,32,51951.59718855629,2,Medium,26013.699206109904,0
130,10591,46,149665.9691639759,1,High,1114.6655399606796,0
131,10756,18,70385.52122916197,1,Low,44343.382974877546,0
132,10179,25,91323.39832386194,5,Medium,9757.159197450575,0
133,10166,32,60501.219618063646,8,Low,22040.38812670664,0
134,10876,31,58027.07946116767,3,High,17490.34013553557,0
135,10232,19,49632.295618397904,0,Medium,34830.64257029246,1
136,10530,20,145217.5193491177,5,High,45013.86210648189,0
137,10297,31,119289.1015313845,4,High,19202.773450475906,0
138,10813,42,69096.50993903208,4,Medium,18198.877812041705,0
139,10794,19,56452.71112716176,10,Medium,14957.666341130618,0
140,10358,27,53666.40936231932,3,Low,21341.794592616203,0
141,10442,52,74402.4049598102,4,Low,2908.186150778399,0
142,10951,39,60012.81037780082,9,High,31045.148431575144,0
143,10017,36,134004.33820697857,7,High,23815.2185805023,0
144,10178,29,69558.31785606651,8,Medium,20120.45048531593,0
145,10352,48,140985.05123525957,8,High,21946.448175346144,0
146,10345,30,49580.351010705235,10,Medium,18855.251783989846,0
147,10279,27,31019.14177060395,6,High,11545.518644386228,0
148,10392,60,68366.95149848112,6,High,20809.675148421687,0
149,10116,36,104517.81585968025,10,High,6869.871799154363,0
150,10935,55,138347.48443403497,6,Medium,44730.60890985424,0
151,10932,57,112536.90672265246,9,High,47613.43483253393,0
152,10616,60,125045.69500939987,2,High,47449.54032451251,0
153,10569,53,111619.24358681939,7,Medium,42346.43788952903,0
154,10695,56,94069.17976926098,8,Medium,3001.37351189366,0
155,10000,56,136539.69544949487,0,Medium,38098.59127025081,1
156,10786,30,133457.00412265077,0,High,12281.278282314322,1
157,10769,52,114001.95601474323,0,Low,29028.82866246412,1
158,10302,52,99703.8151130726,6,Low,48698.28088036747,0
159,10679,47,56623.18597895867,6,Medium,40749.13172586673,0
160,10359,57,123498.0253041992,0,Low,15421.495516033488,1
161,10398,40,63893.748410644905,8,High,20813.54649862606,0
162,10508,47,140167.008726298,9,Medium,38471.40539304954,0
163,10253,57,117106.70867077041,7,Medium,43742.82916967103,0
164,10246,44,72119.2109777336,3,Low,13216.240738947232,0
165,10657,37,80387.74449094496,10,High,42825.385332174184,0
166,10652,47,55771.81071283495,8,High,7092.787940555518,0
167,10993,42,118206.63499371476,5,Medium,49371.12195175277,0
168,10734,58,39465.85754284254,10,Medium,40196.55716274818,0
169,10758,38,111637.27843769458,8,High,45447.501549735636,0
170,10665,47,142182.74332370103,7,High,5401.972786043149,0
171,10242,55,132143.55209114618,4,Medium,44599.013673659865,0
172,10610,60,33405.75771466033,8,Medium,40610.794700678496,0
173,10171,30,139388.36368523943,3,Low,42550.12209568165,0
174,10379,59,68632.5613361075,5,Medium,10341.200310204462,0
175,10849,23,138542.77680533708,4,High,36371.04258456112,0
176,10266,41,40789.75343080123,6,Low,11358.763533737058,0
177,10062,19,112246.47236807564,7,High,40862.57812479774,0
178,10151,36,89726.15279046634,0,High,10620.276272797599,1
179,10275,36,31793.55061053303,8,Medium,27891.749158639526,0
180,10014,49,149352.9765504506,9,Medium,6302.309817614394,0
181,10336,40,101859.87506538648,5,Low,4735.552654154299,0
182,10979,48,47735.252748130595,5,Low,28686.668404655153,0
183,10274,41,54770.670039718476,6,High,11416.189733466146,0
184,10791,22,106995.95295536892,7,Low,16685.93570409743,0
185,10740,47,31820.978278723054,9,High,21277.32767902417,0
186,10851,35,71993.85378023595,10,Low,35285.529439508646,0
187,10732,23,31854.74649089881,2,Low,26089.36983673026,0
188,10697,42,74685.5985556178,3,Medium,22135.085514488106,0
189,10257,48,46706.730488392845,5,High,10264.306461606482,0
190,10189,19,35754.43426190795,6,High,17481.28928144393,0
191,10119,25,96754.54654762181,3,Medium,16440.01295407148,0
192,10174,52,115747.44634629774,3,Low,46201.81263342277,0
193,10550,53,88511.99360700457,0,Medium,43600.18476916006,1
194,10542,60,127582.2725442392,0,Low,6744.385088014026,0
195,10675,56,114701.06328708277,7,Medium,12090.142125483064,0
196,10222,27,62190.64744804289,0,Low,17903.089430810272,1
197,10459,56,113495.15182203405,7,High,3711.1755205059876,0
198,10411,42,134802.49914023772,8,Medium,11209.903614157696,0
199,10486,54,30078.19490846304,5,High,25221.698202441166,0
200,10149,58,55519.122236756026,4,Medium,36681.92313844855,0
201,10913,39,65244.24504062872,7,High,12151.488668420654,0
202,10750,20,84569.16001500798,7,Medium,29880.505673194057,0
203,10188,30,37479.57159684323,3,Low,11148.005111271932,0
204,10648,20,75979.43423443713,4,Medium,23006.938341532205,0
205,10118,22,51922.33794445872,5,Low,5670.1143623499465,0
206,10378,49,120012.77163989427,4,Medium,15904.24135103274,0
207,10846,35,79168.66558468743,0,Low,13209.827200933245,1
208,10719,48,33194.59809124119,2,High,11837.026381806641,0
209,10430,57,46836.72055518872,10,Low,35176.33946846998,0
210,10599,23,89158.9876254317,8,Medium,29421.07906233155,0
211,10888,29,40024.318897990765,8,Medium,30662.847613818656,0
212,10816,26,102217.28362120144,6,Low,5399.486244212638,0
213,10495,31,145686.80395572583,3,Medium,34002.46510669909,0
214,10085,45,61918.69911938712,2,High,37178.398537990324,0
215,10399,56,48713.1913812132,1,Medium,46697.334839546966,0
216,10861,24,119833.42284682841,2,High,39204.96217239437,0
217,10945,35,89292.37949587624,10,Medium,8457.840205668175,0
218,10244,28,60723.43044952673,5,High,27137.920766749165,0
219,10888,41,134551.7585102365,3,High,28325.87296600412,0
220,10880,41,71070.68341018326,1,Low,13388.172130971823,0
221,10258,36,130395.46229096781,3,High,17491.16149971607,0
222,10815,20,109394.13167847275,6,Medium,31299.171168832887,0
223,10688,46,125632.39830515903,9,Medium,1113.1017174690528,0
224,10419,53,72781.82746064765,9,High,40929.02230587121,0
225,10887,33,144081.27979504768,1,Low,17506.233086196775,0
226,10363,54,80974.83999549647,10,Low,23766.82236872431,0
227,10185,28,52666.226715968834,9,High,4340.954830962087,0
228,10512,30,49531.74481817831,0,High,38296.34427561629,1
229,10350,24,46741.00104165796,0,Medium,32971.81680635364,1
230,10071,54,61963.17415922003,10,Low,35616.47325991948,0
231,10271,42,149950.33965040446,3,Low,43399.2219335776,0
232,10287,59,91937.83398560261,2,High,14360.387867498244,0
233,10818,19,103425.25722850574,3,Low,33001.56111033533,0
234,10441,31,100645.74408934418,10,Medium,9894.49582159766,0
235,10057,36,82549.29559889104,4,Low,28765.921860751576,0
236,10731,47,47586.41272101408,6,High,28895.103678750278,0
237,10509,60,120841.58961644863,1,Medium,22346.60867938043,0
238,10144,40,74873.19637123801,4,High,33813.58006492157,0
239,10576,42,96407.21050177036,7,Low,43497.12060107274,0
240,10026,48,105699.28765205308,9,High,16982.850086557133,0
241,10293,26,125818.92696399576,8,Medium,14857.486015922415,0
242,10227,27,77617.5725379346,5,High,11557.644653470355,0
243,10061,58,130712.55445387884,3,Low,13862.267447079785,0
244,10317,18,69666.48801025865,5,Low,43915.3892113537,0
245,10117,44,54606.73665064309,7,Medium,19066.84088412518,0
246,10791,41,55179.74396695001,4,High,4423.25816291095,0
247,10183,36,81095.59833043706,3,High,40790.40988377233,0
248,10112,48,62113.1901762747,9,Medium,15013.790769006775,0
249,10894,29,88386.89201441905,5,Low,16245.838822818188,0
250,10431,36,90261.87889279547,5,High,9684.118949597187,0
251,10117,55,144379.45704564656,3,Low,27435.340668153574,0
252,10428,27,84284.35953553047,10,Medium,31269.723019259865,0
253,10795,47,147689.74615518074,5,Low,10300.288722403324,0
254,10412,37,124633.39855308273,1,Low,26149.500290320593,0
255,10620,41,139771.7166369722,6,Medium,29435.59014048198,0
256,10249,28,118836.18881805235,10,Medium,44104.867265750225,0
257,10410,19,140415.959898572,4,High,45473.490468463795,0
258,10750,30,37310.930873694175,9,Medium,37459.73860113824,0
259,10737,54,143524.32982945017,7,Medium,45316.86675073593,0
260,10116,52,44422.603056314205,3,Medium,39428.94326311064,0
261,10923,19,63007.37162563559,0,High,7908.5449996768375,0
262,10265,30,37993.210188894045,6,Low,49649.0458733154,0
263,10283,58,61952.04537026583,8,High,16612.15194679344,0
264,10203,47,121289.30768281121,5,High,23542.780281395415,0
265,10021,43,59363.70283987724,5,Medium,9811.734689404975,0
266,10351,34,72377.63565100191,4,Low,13991.38552069562,0
267,10517,36,70691.55539874415,9,High,36088.94708754578,0
268,10054,40,145344.7306933263,6,High,7146.486041348571,0
269,10032,32,115812.54983263188,8,High,9037.168336912604,0
270,10666,36,110433.443723118,4,Low,10604.082993080216,0
271,10952,46,59675.45672356847,9,High,46709.27196351763,0
272,10300,50,47841.16824329943,5,Medium,36580.430339298306,0
273,10993,29,105062.48172704322,5,Low,44694.84929755489,0
274,10538,23,65682.72436121709,7,Low,10974.903784801729,0
275,10740,38,96157.71954246171,8,High,9636.439268601927,0
276,10525,31,51083.92357966183,6,High,40533.70252417248,0
277,10308,54,134245.33141563428,10,Medium,35290.01197397647,0
278,10826,48,71869.15100936018,6,Medium,43403.327730404024,0
279,10774,48,92564.76030744644,10,Low,3614.795570972546,0
280,10083,41,101840.05693386795,0,High,29628.72087441824,1
281,10065,32,58689.14825190352,4,Low,37027.448505189444,0
282,10970,44,126317.85816946998,6,Medium,27036.080790907854,0
283,10811,60,50355.49548387308,1,High,47692.572283103866,0
284,10738,33,83674.19542898645,1,Medium,43275.53513281507,0
285,10638,53,91453.93370750584,2,Low,5742.10220989,0
286,10467,20,83239.6252855934,1,High,3642.325626818533,0
287,10327,55,146390.7743882989,8,Medium,27125.512840163,0
288,10774,43,119555.53774422508,10,Low,17853.70013933846,0
289,10636,57,110092.08430172574,10,High,42468.22367711849,0
290,10330,51,39250.66706382119,6,Medium,42863.95146731106,0
291,10654,56,100271.62048796807,0,Low,4189.229286639163,0
292,10766,53,131097.51868762527,5,Medium,23656.303973357397,0
293,10638,19,117884.48891058688,2,Low,30905.882356833496,0
294,10308,54,92873.87433309016,10,High,40542.904702669046,0
295,10632,50,97554.68292580395,3,High,30645.549681363285,0
296,10432,51,81703.75846430537,6,Low,5023.725338448894,0
297,10216,18,88976.76835429113,2,Low,45219.80136585898,0
298,10558,34,92418.43604705422,0,Low,34764.62691202594,1
299,10237,43,103046.02871256972,2,Medium,26358.693173210406,0
300,10159,44,96305.55087158526,0,Medium,14930.122471601388,1
301,10499,46,58233.61504864418,5,Medium,16579.98852522463,0
302,10360,24,101526.12238195435,3,High,48287.70462704102,0
303,10086,33,148856.45936965398,4,High,41640.39826700612,0
304,10856,50,140723.137864673,7,High,2350.3476300435773,0
305,10707,31,72096.03629507989,5,Low,2527.950567376868,0
306,10193,27,68487.7290441078,5,High,26487.897162186586,0
307,10995,56,58447.93505601617,0,Low,16101.725874607084,1
308,10963,26,120969.07480607608,7,High,22581.481882508426,0
309,10469,59,54605.86648438519,6,Medium,38302.8547902152,0
310,10757,50,88475.38759762228,0,Medium,18341.927877072947,1
311,10614,53,149657.2664920797,2,High,29395.662908041344,0
312,10008,50,81667.064098547,1,High,27894.174202287686,0
313,10862,49,93908.57942195129,4,High,29282.894299080715,0
314,10301,44,110337.22862630994,4,Low,40603.306288966574,0
315,10996,56,58492.716324720306,2,Medium,35676.61688114747,0
316,10274,51,41295.71979944572,1,Medium,31378.71101941502,0
317,10120,45,40795.392833063284,8,Low,29118.993609401572,0
318,10799,18,146114.3851592741,1,Medium,41224.59983575123,0
319,10799,23,70293.24160747674,10,High,20531.204963638727,0
320,10309,22,57681.15136379986,7,Medium,18639.878655794775,0
321,10585,20,53608.747016208494,10,Low,23321.030818218384,0
322,10537,24,121970.12413550726,1,Low,25781.3284534156,0
323,10579,54,123262.84796006505,1,High,40044.537116404856,0
324,10237,51,59562.426245353054,0,Medium,48488.08446631569,1
325,10425,45,91679.55337360378,4,High,8725.732496814406,0
326,10408,51,110063.98835084627,2,High,46487.91761234182,0
327,10298,53,103742.8699111856,3,High,30498.87788439248,0
328,10457,51,84613.56377033495,3,High,16769.229131802575,0
329,10094,34,34271.47844332251,9,High,47084.38489602446,0
330,10448,53,123406.18647650366,4,Low,7506.066354937398,0
331,10863,37,52528.772399722766,1,High,11358.964103741613,0
332,10416,57,58210.534301550666,6,Medium,11631.16973006313,0
333,10159,30,47317.69752235488,0,Medium,16690.48694826291,1
334,10292,22,35062.6564196523,10,Medium,47657.178071673356,0
335,10019,39,143409.5152009243,0,High,36227.37255155702,1
336,10524,49,142270.5499435041,3,Medium,49215.84914075827,0
337,10808,24,116820.0302779272,2,High,35296.72488749091,0
338,10245,22,61083.02150584197,7,Low,40421.12583675874,0
339,10907,56,131200.29099435965,2,Medium,25158.485268353088,0
340,10931,23,103112.13265736008,5,High,4783.006299069407,0
341,10509,30,88097.10932756329,2,High,9560.869982113307,0
342,10978,27,133644.43441970123,8,High,37604.95150804717,0
343,10061,31,82647.48730264093,0,High,46259.851888149955,1
344,10868,21,47875.308667152756,0,Medium,37746.543163852635,1
345,10869,30,83942.81349229574,6,Medium,14157.056537408716,0
346,10143,49,43718.98837309773,3,Low,11663.711735111177,0
347,10302,33,43576.27465516606,6,Low,39826.7664132896,0
348,10975,20,98587.83305680768,3,Medium,37210.66527092736,0
349,10521,55,56890.28643270775,0,Low,17732.235376534973,1
350,10205,48,37044.08157149372,10,Low,48149.41074172445,0
351,10359,26,37271.234077033325,6,Low,46854.94068855698,0
352,10028,46,55315.3703768964,6,High,45031.41477870569,0
353,10568,26,113562.279249931,1,Low,41703.00092969166,0
354,10963,21,97867.05842386061,1,Medium,14582.901032830105,0
355,10217,38,85340.23704867871,8,Medium,33230.38466106238,0
356,10425,53,60456.14759467196,9,High,24794.556071057403,0
357,10081,46,109461.3641029977,3,High,29385.57119399946,0
358,10521,50,119289.5322829251,4,High,45719.3757654938,0
359,10676,60,50865.210244995396,0,Medium,49928.62701233693,1
360,10524,43,56086.17430944314,5,Low,5986.911477445751,0
361,10387,20,69174.27397746491,6,Low,17727.510051859474,0
362,10659,22,32384.049539150932,4,High,14193.498087291884,0
363,10940,33,58372.6262010321,0,High,5088.71878100414,0
364,10812,40,117609.39503069359,1,Medium,49916.20553112487,0
365,10956,38,52691.974967320515,3,Low,11870.956293050782,0
366,10236,50,98611.61835270918,0,Low,1998.4470837568201,0
367,10419,48,145327.2079595186,8,Low,1400.3817595400499,0
368,10839,52,66386.41474967705,8,Medium,17687.253723056892,0
369,10124,31,127725.98398960214,0,Medium,2082.6054147679224,0
370,10417,42,140477.17681991722,4,High,1184.0552686420128,0
371,10473,51,59743.55201792605,8,Medium,4271.864466183408,0
372,10893,42,75360.71592971034,10,Medium,33712.87843761091,0
373,10743,40,85765.1274201507,2,Medium,45544.258167749445,0
374,10808,28,75731.94181466338,5,Low,22039.257231213836,0
375,10028,35,90429.35488293663,6,High,33826.673502299534,0
376,10357,46,40399.23023220748,0,High,12616.47936148027,1
377,10698,47,54538.47922701523,6,Medium,40730.813055045146,0
378,10298,60,46681.91228337951,0,High,27234.7493974967,1
379,10869,55,125074.27695965937,4,Low,20821.55497179885,0
380,10958,31,123359.57369471541,8,Medium,9384.651004998439,0
381,10162,37,118800.84286838814,1,High,13543.657579685672,0
382,10992,43,80775.49961368836,7,Medium,18893.41712268117,0
383,10439,20,38600.36055899618,8,High,46850.86167985645,0
384,10543,49,147219.54549399728,8,Low,9070.143291386312,0
385,10528,45,135747.07988566713,5,High,30276.169012940303,0
386,10756,24,45522.66939790075,8,High,1769.9061706223933,0
387,10030,38,97215.47378465568,7,Low,4423.068442134741,0
388,10865,29,87339.31429159465,7,Low,40628.24140507599,0
389,10289,18,94094.187114398,1,Medium,37369.12739806583,0
390,10293,25,39402.711459382466,8,High,45173.42691792056,0
391,10216,45,41950.44710256655,5,High,46287.76000671538,0
392,10187,44,147416.7611947098,4,Medium,47256.656172584415,0
393,10440,57,66971.22494888677,2,Low,27301.779955850194,0
394,10543,24,144682.9368235231,8,High,32896.20241424474,0
395,10094,18,149443.9665151449,6,Low,43576.473049439104,0
396,10314,20,123503.66541458928,2,High,24097.64392403663,0
397,10685,33,102510.76630904656,6,High,47560.230894000786,0
398,10539,33,139584.84680399267,10,Medium,23795.616667011815,0
399,10343,46,94568.51045781022,8,Medium,16879.971336730625,0
400,10048,54,84402.08934875662,5,High,23734.479436385012,0
401,10275,45,65983.61477624267,2,Low,40171.68645736078,0
402,10147,33,131531.9127045942,10,High,28796.436745732706,0
403,10215,60,45232.30727554072,4,Low,7762.586901086155,0
404,10404,45,41228.64567061455,0,Medium,13854.328583666356,1
405,10030,44,99783.17027629702,2,High,26435.30196557663,0
406,10669,26,42296.0384666593,6,Medium,36953.664609549625,0
407,10322,60,126119.40616711894,3,Medium,46374.683463834976,0
408,10734,58,144774.40386507634,10,Low,28020.804057988193,0
409,10664,44,110217.60911771822,2,Medium,7126.468744017535,0
410,10899,60,118579.26564051243,5,Medium,42565.90743257182,0
411,10707,32,63736.9040228922,7,Low,4593.904787714065,0
412,10153,57,96472.95281147567,10,Medium,9911.257650446132,0
413,10946,22,76037.45664933628,5,High,45959.77524905297,0
414,10019,60,30041.75449422511,1,Low,32483.633009362926,0
415,10400,21,107094.0744190044,8,High,48099.070546871175,0
416,10723,56,50009.518880804855,7,Medium,30924.085249670414,0
417,10560,46,40546.375811916834,9,Low,7197.144085197631,0
418,10415,44,65367.77641346083,1,Medium,32735.759312583636,0
419,10348,41,65478.053991901266,1,High,41825.97061433513,0
420,10453,26,58157.420709008366,9,Medium,34707.18409294667,0
421,10196,41,100425.6964888398,3,High,17137.42576344926,0
422,10834,43,134596.89816999083,7,High,34144.56116879003,0
423,10585,40,74641.35049798057,9,High,48536.21767549939,0
424,10290,38,147686.1135564897,5,High,21013.695258500342,0
425,10221,29,121833.29923898664,0,Medium,7147.693233622018,0
426,10374,52,75682.62437065307,4,High,44930.852983865945,0
427,10650,19,90863.02878518787,10,Medium,41765.4775770292,0
428,10065,31,51957.26784543667,0,Medium,9389.973551380805,0
429,10252,27,57782.31657918148,9,High,20417.424796064413,0
430,10028,53,41668.186334653954,0,Low,6831.955347794774,0
431,10161,51,46893.20063270476,4,Low,29835.089705683058,0
432,10228,45,132271.34954757988,9,Medium,30162.548826716185,0
433,10014,25,134317.0758097199,3,Medium,32238.65603183167,0
434,10244,30,97505.45689698777,10,High,42914.892271398094,0
435,10085,24,51576.89937067643,10,Low,17309.437174302846,0
436,10983,19,94912.50625465314,7,Medium,25558.04765263532,0
437,10199,44,60572.098612116744,2,High,16372.092847182274,0
438,10972,55,62560.26176480928,0,Medium,4152.308859018958,0
439,10148,60,132276.828648187,5,Low,11131.762990719031,0
440,10563,55,53719.91998251392,4,Low,41572.43450121017,0
441,10721,57,98984.51709478485,4,High,27538.024693673266,0
442,10557,54,74533.71113992536,9,High,8562.783463119362,0
443,10769,29,76536.27830866314,5,Medium,47707.57286558787,0
444,10306,55,145240.26437895838,0,High,31996.74610966922,1
445,10559,59,119489.72885103451,5,High,11752.093022709445,0
446,10553,56,129088.12469706326,1,High,6962.027331877762,0
447,10942,38,77487.77001342509,9,High,15158.737706443888,0
448,10393,58,142171.5213150405,9,Low,36782.445069901216,0
449,10774,55,113441.34084977368,9,High,18991.77423563289,0
450,10247,53,99564.99006707084,3,High,48815.3385400865,0
451,10748,51,43060.429588405634,2,Low,13906.462927876073,0
452,10026,58,58007.165770312786,0,High,13147.260790915236,1
453,10568,38,57063.47469408961,9,Low,31550.728288364055,0
454,10170,52,142405.804753787,6,Medium,2824.2340845262647,0
455,10271,27,105111.72857178515,3,High,13750.258334539112,0
456,10960,34,77967.98883803509,6,Medium,13162.66705982409,0
457,10453,50,33438.277614066465,8,High,14354.619334399957,0
458,10707,30,37553.96524316838,0,Medium,44079.34004567899,1
459,10148,22,82491.342963736,9,High,28202.606758939135,0
460,10035,24,115707.53696588898,10,High,15867.038199563756,0
461,10749,51,86450.04408129303,10,Medium,36065.35583757809,0
462,10677,49,70582.41841200835,7,Low,26769.80215969182,0
463,10821,55,134186.28559184438,6,Medium,21558.9742232781,0
464,10322,53,58547.60265533021,1,Low,12680.22689493358,0
465,10908,36,84179.83486372727,6,High,1616.2469737423821,0
466,10486,48,72579.9094115734,9,High,17882.25231882164,0
467,10919,21,73860.4736771544,8,High,7422.907598770384,0
468,10710,30,142825.851810073,10,High,1556.3219906639013,0
469,10375,34,103781.30476719214,8,Medium,15817.805458231669,0
470,10272,38,34396.37675218625,10,High,25535.588256743944,0
471,10372,50,112145.28213694805,3,Medium,28070.734501769544,0
472,10421,45,97105.79461051624,9,Low,13973.812243455595,0
473,10532,29,78632.21149881519,5,Medium,18711.192244991234,0
474,10955,28,146550.24434659292,5,Medium,6293.510912877721,0
475,10689,25,56091.18925239652,0,Medium,13921.677664237579,1
476,10944,60,50555.90470412414,0,High,49961.214198914924,1
477,10765,57,53862.53313525088,5,Low,20551.492217060917,0
478,10404,59,63694.08091825388,1,High,42767.62869651607,0
479,10012,36,80413.87933430012,5,High,10991.839904773507,0
480,10681,38,84112.43905554985,0,High,30310.52620860661,1
481,10955,55,116400.11238402055,10,Low,18045.015065983385,0
482,10810,60,74186.94264746744,2,High,29514.4841612862,0
483,10782,60,137041.5062412019,8,Low,4427.2877093161605,0
484,10439,31,39342.34255495177,6,Medium,14388.875823241231,0
485,10201,43,55493.69890760135,5,High,43041.81728140656,0
486,10461,33,124431.9060466179,1,Low,46808.87865571078,0
487,10056,20,134890.7030230465,1,Medium,36247.11150585104,0
488,10092,46,57706.1345535766,9,Medium,4001.1293834008866,0
489,10154,59,64886.84655363492,4,Medium,35416.78651626915,0
490,10198,58,107893.4588920992,1,Medium,5819.362183642998,0
491,10054,23,122878.643075889,8,Medium,11400.862403497335,0
492,10172,47,48655.48107400948,3,High,35375.081474595936,0
493,10763,56,116668.31248818497,1,Low,28638.02875428729,0
494,10057,55,132975.83589114365,2,Low,6420.561939831806,0
495,10653,60,95522.80173056762,1,High,27904.582622103695,0
496,10687,21,89333.68631424685,1,Medium,49752.05682469611,0
497,10700,49,142624.09413024166,3,Medium,5752.140914666351,0
498,10313,47,132325.22051627588,6,Low,5702.370472698949,0
499,10969,60,109852.24368017181,5,High,10519.552582584689,0
500,10963,60,37635.2762788258,0,Medium,5156.091973216987,0
501,10728,23,82613.58564751549,9,Medium,42026.2409200231,0
502,10116,24,145270.16842329875,1,High,38657.44949516343,0
503,10088,60,85846.83139259266,3,Medium,9971.326039761996,0
504,10236,56,74180.38830526258,1,High,37727.560032494664,0
505,10284,29,65882.7153566682,9,Medium,44143.81422356016,0
506,10517,19,79102.19451015527,9,High,20079.880268680525,0
507,10170,51,88867.84392065107,1,High,41677.52757186456,0
508,10078,55,39390.198600351636,9,Low,49232.32546827358,0
509,10296,21,81434.62796260283,7,High,15701.653451381624,0
510,10040,32,113414.73313188387,10,Medium,12373.719307371835,0
511,10947,28,68108.90720083656,2,Medium,18865.112104363416,0
512,10777,19,40677.06560831689,7,High,15540.392370971163,0
513,10627,36,37317.63590376498,3,Medium,19409.709990801526,0
514,10388,44,115185.91319722778,1,High,5954.300013984434,0
515,10469,53,118483.376892929,5,Medium,3861.3410091305327,0
516,10457,20,52087.52341188972,0,High,15195.023989064575,1
517,10582,50,100807.09633589281,1,High,8312.88764833062,0
518,10097,38,121998.38456341326,5,High,19066.71981086101,0
519,10880,30,135461.06392456073,5,Medium,38569.35590510488,0
520,10732,36,77914.54737776902,10,Low,33664.97952784346,0
521,10715,39,140588.82470353882,6,High,10729.827347935201,0
522,10859,38,135058.8692933976,10,High,32157.673631171492,0
523,10338,22,90600.13736265057,10,High,47410.89595883416,0
524,10736,32,30878.730264719972,5,Medium,3952.7214281787874,0
525,10597,56,102287.8039307008,6,High,35708.744422548145,0
526,10800,22,89069.8923542437,6,Low,17570.984264877574,0
527,10290,27,126821.72808785764,5,Low,23858.910752392952,0
528,10160,33,125369.98506690044,10,High,36899.76650398727,0
529,10858,19,143852.60183262295,2,High,32835.88425688367,0
530,10139,57,100549.46514460673,2,High,40214.02314501713,0
531,10183,38,58497.06819435235,0,Medium,30358.674378674827,1
532,10545,24,125494.47083598969,10,Medium,19379.032039584323,0
533,10170,36,33930.8357380447,10,Medium,19564.88277584264,0
534,10371,39,72788.20913372727,2,High,14420.213299098308,0
535,10430,46,60767.12331435704,5,Low,34103.93986912246,0
536,10241,52,44615.79649622958,0,Low,45777.256908594485,1
537,10089,59,73976.58509633133,10,Low,14393.634519234893,0
538,10452,22,115877.06467137203,5,Low,15071.984263305494,0
539,10077,31,91076.46795614489,4,Low,44656.111642937045,0
540,10156,49,94711.8943021599,5,Low,17693.51226406156,0
541,10215,44,54055.83366928503,2,High,40827.92375124498,0
542,10851,28,57960.38197185965,5,Medium,8536.23485147817,0
543,10227,36,142061.06977034165,0,Low,36086.599061169225,1
544,10022,51,137572.93695323163,8,High,3867.595194541606,0
545,10087,25,107108.79343563048,9,Medium,17960.587649306093,0
546,10824,31,93869.11456541694,6,Medium,37206.28013248043,0
547,10054,35,125796.32596200501,2,Low,26603.719748782227,0
548,10577,59,71961.99266008598,7,Low,29129.643733285684,0
549,10144,36,54421.14000775054,0,High,49736.66662064717,1
550,10721,56,44550.39051016416,3,Medium,14437.669159944746,0
551,10831,51,95865.86519713617,8,Medium,11461.129887091838,0
552,10312,60,97935.16275756343,1,High,2052.871509355617,0
553,10242,18,125988.16734739121,3,Low,4860.104420099833,0
554,10155,24,91218.85567696232,9,High,17576.92333445338,0
555,10905,43,101344.62115774667,10,High,6248.336435755813,0
556,10844,60,64136.49809515239,4,Medium,39996.90467944675,0
557,10224,39,88083.83814399656,1,Low,6959.11966740604,0
558,10565,45,133196.41099170863,0,Low,42347.217003835816,1
559,10731,51,135758.11079039273,3,High,47270.29317199572,0
560,10295,46,46711.80650536204,3,High,14399.19724081,0
561,10636,45,30186.92606173746,5,Medium,46702.1069242322,0
562,10308,25,115912.85452138311,1,High,43143.1422175946,0
563,10803,18,41966.68199126479,5,Medium,17865.805920478426,0
564,10757,21,45587.87311661848,4,Low,33438.336897487425,0
565,10734,29,96940.34006587333,10,Low,5750.486537477949,0
566,10422,39,43891.34229843151,1,Medium,18833.635084577687,0
567,10591,29,64543.381645300666,9,Low,49171.802793918556,0
568,10895,21,140773.48773773242,9,High,25620.686597589556,0
569,10465,60,64299.84803827113,4,High,13860.186030736202,0
570,10578,37,33301.467391633865,4,Medium,22381.027459064037,0
571,10170,55,69777.9575341567,2,Low,48675.208181724614,0
572,10165,34,106525.91056965539,10,Low,14736.163977795393,0
573,10419,22,85599.45366910164,8,Medium,42512.9928183596,0
574,10037,38,78748.98004149087,0,Medium,31870.9814437283,1
575,10080,53,114423.46512362213,1,Low,37406.16675458013,0
576,10214,47,51561.894982371276,2,High,12093.878913210083,0
577,10664,42,143908.90544495906,2,Low,45617.00615595246,0
578,10066,33,79163.08338642097,8,High,38954.42945379495,0
579,10366,50,138199.53285324865,6,Medium,47959.01102802234,0
580,10309,26,116319.7235479654,10,Medium,45456.12122694258,0
581,10592,55,97295.83097881055,2,Medium,19881.266895098,0
582,10286,22,60367.2388042021,4,High,6539.577911584047,0
583,10924,53,91187.19568835568,7,Low,26793.433041224955,0
584,10244,40,49553.97066184579,7,Low,1403.5094311460464,0
585,10784,20,137833.68948028458,8,High,1937.3238517772438,0
586,10124,57,140078.08951522285,2,Low,30159.202247531422,0
587,10615,19,147903.57497326197,0,High,26980.05341866923,1
588,10105,30,64164.91333029285,1,Medium,26172.6776737654,0
589,10777,40,149319.3623947501,10,Low,18927.77228302079,0
590,10044,34,91403.7505752412,2,Low,40907.86821169849,0
591,10842,33,84774.18964585909,7,Medium,17781.611784101726,0
592,10142,41,67789.87631893759,10,High,19558.892704818067,0
593,10755,34,39758.22409667638,1,Low,40149.54485233272,0
594,10899,29,107786.1222154507,3,High,38280.75747186741,0
595,10954,46,57500.36579112046,1,Medium,25279.09572233121,0
596,10780,18,108979.79978053343,1,Low,40878.64486808698,0
597,10987,38,136266.22288379987,9,Medium,31609.011595828324,0
598,10291,19,84192.90883956851,1,Low,19837.938995740627,0
599,10158,23,105410.89837889402,2,High,42955.96382769212,0
600,10292,34,40516.63117077582,3,High,22180.234887958643,0
601,10065,53,139379.59431919042,2,High,28020.00650200788,0
602,10614,47,32551.88961520532,1,Medium,45185.1800242162,0
603,10856,41,149442.57105173013,6,Low,25632.167977107492,0
604,10156,43,84867.66847094407,8,Medium,48297.90858422122,0
605,10915,45,100771.02367755302,3,High,19860.827688637804,0
606,10324,21,67940.64085022174,10,High,48097.11599629541,0
607,10661,60,76382.85963739257,5,Medium,11270.029150232363,0
608,10411,56,143640.48803372023,9,High,33211.70869856086,0
609,10652,42,69005.52250067878,3,High,23921.606881391002,0
610,10978,57,32592.010763338203,9,Medium,7465.371929061597,0
611,10674,33,149173.19672781375,9,High,22613.51482326771,0
612,10021,34,148391.19169588725,3,High,38904.94608503718,0
613,10586,40,48267.112544991774,3,High,34809.2444054636,0
614,10242,30,67921.26502329818,8,High,7914.739799619532,0
615,10092,19,59884.24664045467,9,High,4946.704686183419,0
616,10695,26,73393.28433290645,7,High,14127.403085881446,0
617,10323,30,147985.41458024984,3,Low,27002.59500159403,0
618,10732,31,119432.94107985495,8,Low,24318.352748348127,0
619,10474,54,36093.982785991604,10,Medium,11156.320412587676,0
620,10753,29,112723.5710793551,3,High,32723.00730748048,0
621,10118,22,50228.25631894059,2,Low,39986.97938218182,0
622,10485,22,32823.61397346463,1,Low,19342.4657789058,0
623,10553,48,125875.43382634572,0,Medium,7792.080738211331,0
624,10045,45,111395.15069210887,7,Low,18066.19175360433,0
625,10166,34,93994.09394088536,6,Medium,18128.108378790308,0
626,10323,54,148124.39765840716,8,Medium,3826.731684640586,0
627,10223,38,46972.44067859631,2,High,11965.272611692182,0
628,10444,18,108478.98985221206,2,Medium,34179.56933872593,0
629,10410,48,71487.36138228248,5,Medium,5636.739356545592,0
630,10557,38,79755.42936347704,3,Medium,20623.380839734426,0
631,10465,60,147290.73385005683,1,Low,26716.961141634434,0
632,10588,35,76375.51765057191,1,Low,13856.03310902092,0
633,10584,43,137517.72384483987,6,High,23269.899325627768,0
634,10982,39,92696.57197558861,1,Low,3595.411863161582,0
635,10162,58,58009.78271862428,9,High,26401.99665769856,0
636,10792,48,31986.625364407984,10,High,24395.396752991397,0
637,10325,28,85652.58351622349,1,Medium,10606.270588537047,0
638,10560,54,104906.18561365144,0,Medium,31429.370569166163,1
639,10020,22,114549.05665309174,4,Low,13923.354626709443,0
640,10876,36,74160.89140152394,9,Low,42798.673740603,0
641,10714,33,59738.78391014539,2,High,41260.664287946965,0
642,10497,28,86067.90002400454,10,Low,3328.23026813151,0
643,10110,55,114302.35434770127,4,Medium,17992.519362779214,0
644,10797,46,33019.927987883275,5,Low,13844.524411574459,0
645,10217,54,78722.71510623251,7,High,26191.968528351117,0
646,10068,55,52369.72186675461,5,Low,11911.386220110202,0
647,10281,42,129312.16936006866,2,Low,45552.59362978899,0
648,10263,19,58341.434211617336,8,Low,38124.26878384365,0
649,10302,39,81468.05502728437,8,High,17467.33195913796,0
650,10164,30,91261.50130781127,4,Medium,22238.910564083566,0
651,10212,33,40812.18685066214,2,Low,16244.580214031861,0
652,10070,40,84469.07252029529,10,Medium,1240.460109348209,0
653,10299,36,142116.06683176532,9,Medium,42979.929906134654,0
654,10641,25,98511.99418583131,8,Medium,22138.70573115837,0
655,10597,49,141666.65610635083,4,Medium,2387.112029656867,0
656,10326,55,86126.01952746957,1,High,46429.986883510705,0
657,10009,35,140956.35077215199,7,Medium,7082.895455936627,0
658,10989,32,122615.37862505141,1,Medium,46497.898251685845,0
659,10238,34,94516.97286342036,4,Medium,44611.26209841548,0
660,10484,57,134363.4949468328,2,Low,27975.175602302057,0
661,10098,35,48254.37413795733,1,High,36695.93743078036,0
662,10839,50,148627.24339447482,4,Medium,22162.550595957262,0
663,10338,49,81300.97214112397,10,High,16281.984182032862,0
664,10588,49,73879.14722144621,7,Medium,15193.199274469373,0
665,10974,46,92199.75551349853,2,Low,5305.25987685702,0
666,10561,40,81884.14490771649,1,High,20458.084208276727,0
667,10629,21,113780.52633937355,6,Medium,30844.995437844565,0
668,10299,51,58473.62190966806,5,Low,34662.816705446254,0
669,10081,54,57258.786982782185,7,High,7670.53226600163,0
670,10674,57,131552.0932734143,5,Medium,49564.544027893186,0
671,10066,60,110175.99351422767,2,High,35491.92684615999,0
672,10491,27,131318.06270477286,7,High,19744.414872595546,0
673,10884,31,88751.51906939255,3,High,37913.429303431345,0
674,10165,32,35703.73085288943,9,Medium,12689.65772495748,0
675,10116,35,90772.4016934949,4,High,46724.00515757558,0
676,10332,22,96088.46023852263,10,Low,14760.35739273859,0
677,10334,51,134234.62047478216,8,High,17753.04463437153,0
678,10606,31,103499.35673897695,9,Low,6903.786762175444,0
679,10989,31,128687.55884845283,2,Medium,47756.00042455007,0
680,10047,25,47479.01264703336,0,Low,28457.391963385093,1
681,10751,23,90351.9618775704,7,Low,48014.37748078366,0
682,10261,22,78507.59317881215,8,Medium,46472.97513615324,0
683,10167,29,73920.26318091922,0,Low,1291.2918508008477,0
684,10458,59,80327.05908318589,10,High,41006.96150623465,0
685,10475,29,106708.98795319317,7,Medium,24632.336900910286,0
686,10044,60,99885.23602142044,3,High,8773.049170955612,0
687,10872,47,124497.53304256435,8,Low,13003.990487163104,0
688,10817,28,82984.6468244683,0,High,46717.481087918015,1
689,10237,47,55461.7728009151,3,Low,1539.262270198395,0
690,10645,19,45607.28833642911,9,Medium,5118.154263197196,0
691,10849,31,48110.05702753385,8,Low,31878.28039477582,0
692,10865,50,61946.688199212964,7,Low,19651.810464637976,0
693,10311,25,69929.02950924539,7,High,45928.72799611923,0
694,10197,26,110224.87884752643,10,Low,41486.17846195098,0
695,10947,34,112258.35930338938,9,Low,34130.14421480289,0
696,10902,34,123998.25048303082,10,Low,28252.80008468653,0
697,10900,28,33531.29050622372,5,High,10070.469450243443,0
698,10964,24,98922.93988263165,7,Low,44940.957253766624,0
699,10356,60,111757.36633798144,8,Medium,29125.14769364381,0
700,10573,42,107363.4074284357,5,High,27573.04822220256,0
701,10109,38,127222.79083009329,1,Medium,30067.213720261236,0
702,10721,38,38901.80082962252,6,High,14115.979584721259,0
703,10134,31,69416.16996134276,8,Low,13771.695055929558,0
704,10606,25,89935.52954550496,6,Low,40976.46860177699,0
705,10837,28,108007.8559516887,1,Medium,25375.582361995806,0
706,10519,54,115400.7262734972,6,Medium,41791.37619925331,0
707,10989,22,84367.07964223804,7,Low,21985.380798808117,0
708,10638,34,77586.04895097492,9,Low,37739.87040692636,0
709,10103,22,44866.82785073007,10,Medium,27023.61671622054,0
710,10538,28,54687.75720039018,2,High,11669.133732818924,0
711,10567,46,111558.00848634072,5,Low,10812.430327298738,0
712,10508,49,74188.90468905936,1,High,21527.4420454143,0
713,10977,35,32923.80068946653,5,Medium,6949.961548447105,0
714,10660,32,36819.72161660148,0,Medium,34065.01622628116,1
715,10583,33,61467.809841639275,8,Medium,1055.8440656314697,0
716,10180,20,70043.22533647796,2,Low,35708.755085164055,0
717,10580,19,30728.97467915769,1,High,11403.406512100868,0
718,10506,46,140237.06679366954,1,Low,46943.10441282163,0
719,10614,27,30367.726537506656,7,Low,39421.00143564579,0
720,10639,58,127351.04653471665,8,Low,11347.425812255506,0
721,10156,27,92551.51969273092,6,Medium,29405.69023590936,0
722,10021,54,104992.30594995881,6,Medium,25398.283637046803,0
723,10944,47,41003.14513530541,8,High,42461.32767256081,0
724,10091,60,96175.77354701927,4,Medium,16490.410753093085,0
725,10273,54,138428.89576555995,8,High,33091.93626240551,0
726,10382,42,34513.31449178892,10,Low,47047.64709236222,0
727,10949,60,33830.11435283655,4,Medium,40229.94864381214,0
728,10494,33,61625.75867268159,4,High,31282.8427544404,0
729,10013,43,97972.82895460006,2,Medium,20918.9980895971,0
730,10475,32,45658.62509011737,1,Medium,17962.839518082183,0
731,10518,19,57113.08559775527,0,High,5217.490910037607,0
732,10323,24,41133.67538632686,1,Medium,17693.186923449444,0
733,10997,21,125449.44542768454,3,Medium,27190.522370291157,0
734,10075,27,98650.19903918133,1,Low,42752.27048939545,0
735,10208,36,138356.36905676225,6,Medium,37559.92610824198,0
736,10520,40,123606.41390420224,8,Medium,12773.838736395051,0
737,10466,24,124923.05618535978,4,Medium,7918.2952457280935,0
738,10875,30,129661.35102392847,10,Low,34302.557249247744,0
739,10998,23,118577.1765258204,5,Medium,27445.861000275054,0
740,10687,35,76777.41563983074,8,Medium,43684.38986760164,0
741,10493,37,127618.74069866989,4,Medium,14849.420463610035,0
742,10192,53,118141.9556224384,6,High,7871.237803083655,0
743,10195,53,79813.66288790063,6,Medium,39073.680170671694,0
744,10942,48,117210.42009783037,9,High,11555.000186590025,0
745,10472,24,44422.79493691061,1,Medium,26130.522980091482,0
746,10903,46,132412.08437822922,7,Low,37523.286538853834,0
747,10844,26,62354.860948566085,1,Low,11998.90805705825,0
748,10625,26,86092.72753491373,4,Low,45889.556628304585,0
749,10032,44,96965.02538679332,0,Medium,36236.63297387638,1
750,10062,20,74374.34177007622,3,High,3554.949357419581,0
751,10450,21,93603.1402186348,7,High,41349.33696299199,0
752,10573,54,91512.49582336331,2,Medium,38465.98053942258,0
753,10217,26,116629.54817516687,10,High,26366.723366199232,0
754,10679,18,82150.22967365847,9,Medium,25127.475311259648,0
755,10856,24,57897.93816104617,2,Low,25741.59355148732,0
756,10729,45,60495.53039912501,6,Low,38740.89110033275,0
757,10091,38,45815.47355906087,2,Medium,12492.29756311044,0
758,10292,54,79560.42485406295,0,High,43054.74791347224,1
759,10301,55,37753.79053569014,3,High,9262.859705646,0
760,10035,52,66002.77502197507,6,Low,47734.43540000001,0
761,10047,42,138634.41326551093,8,Medium,13734.554672897757,0
762,10881,23,129280.93633229399,0,Low,10606.74533086045,1
763,10518,37,105223.27530909287,1,Low,2545.7895273937547,0
764,10766,38,137393.43227586529,5,Medium,7512.8961187206405,0
765,10299,19,115994.79608688339,6,High,23877.609468599985,0
766,10588,55,134239.87573332718,5,High,44099.02689339796,0
767,10191,25,148454.50821592484,5,Low,3382.4554348705174,0
768,10387,19,132672.35987558973,1,Medium,7558.060530066885,0
769,10153,27,99094.16107642,2,Low,2576.3529634733854,0
770,10513,26,48408.937772132704,4,Low,30938.5317162295,0
771,10058,18,70390.7856589364,2,Medium,25202.891907314683,0
772,10234,43,107253.07145301528,4,High,17529.4246235775,0
773,10747,47,111774.76029953247,1,Medium,45240.09568612018,0
774,10385,37,42520.47484293041,4,Medium,7646.2897169312255,0
775,10199,40,78730.32926516794,4,Low,36086.547251195996,0
776,10944,29,94731.90247283241,8,Medium,26929.08942000972,0
777,10258,54,94188.5381563616,6,Medium,2892.3132507181444,0
778,10756,58,45812.16583804048,0,Medium,40451.14295693526,1
779,10437,38,57588.36564699607,10,Low,9933.109817077244,0
780,10267,35,145197.64412683022,8,Low,19035.008240901512,0
781,10055,40,43649.06811803111,9,Low,1567.4963467980988,0
782,10525,29,57572.88415266026,6,High,15346.058551462704,0
783,10415,26,46843.032771550344,1,Low,45534.57751691949,0
784,10096,31,96814.27218948446,0,Medium,32433.476943628666,1
785,10801,24,116744.95809103598,3,High,21521.461786793734,0
786,10446,42,55505.02875566908,7,High,38249.134889187306,0
787,10059,33,58771.31746572943,6,Medium,34975.31958723871,0
788,10172,38,36840.34751654649,0,Low,7735.199436739843,1
789,10851,37,56671.48580335511,1,High,34853.20556179633,0
790,10893,29,103088.8926397923,8,Medium,47585.393126714305,0
791,10501,35,86514.87951221182,9,Low,26966.954098301056,0
792,10604,30,104430.89568281452,10,Medium,36055.746941590165,0
793,10552,22,102595.30171285705,1,Medium,23751.09095234797,0
794,10507,51,93414.31313760905,5,Medium,25491.37934213409,0
795,10760,23,37187.41037972671,5,Low,33597.506068835035,0
796,10959,20,144788.4625628053,4,Low,21997.081523338795,0
797,10582,60,102744.72117585593,9,Medium,37435.312144713396,0
798,10072,21,139067.44780264163,8,Low,43539.95846295149,0
799,10630,56,108389.77532418747,4,High,32273.56227140079,0
800,10383,27,60731.59893547029,5,Low,44145.114296240456,0
801,10496,47,148007.95459909333,7,Low,29193.65579276053,0
802,10974,59,65836.89424134194,10,Medium,28261.565311229366,0
803,10424,53,147361.2618008745,0,Low,29513.15651352877,1
804,10796,22,79415.8653867703,1,High,36752.74862445363,0
805,10523,58,119568.80519267435,5,Medium,4974.290476181533,0
806,10442,55,103639.70171659518,5,Low,11128.677711929047,0
807,10235,22,140024.4153341552,8,Medium,40683.88173827042,0
808,10973,19,65498.64621548108,6,Low,16536.375558211075,0
809,10825,31,73864.67180872748,7,High,37149.812157101405,0
810,10743,52,96653.684638261,9,Medium,33367.94896134872,0
811,10130,26,91723.74660172198,5,Low,29636.508077321905,0
812,10821,47,58634.40438375021,1,Low,48070.44787498867,0
813,10113,23,62101.82812843354,4,High,2889.678787811379,0
814,10099,28,80225.23759326551,10,Medium,12603.800605473434,0
815,10231,37,106675.19865305073,0,High,46760.75426029955,1
816,10151,27,97348.66300264365,5,High,8429.953223858896,0
817,10012,32,35851.764597714435,7,High,11093.534871562048,0
818,10471,39,141545.84123480477,10,Medium,11350.037153809788,0
819,10886,21,34442.51601107971,1,Low,15900.577986088663,0
820,10939,22,36007.915146990665,8,High,38683.947066166824,0
821,10477,37,93012.52186117577,4,Medium,10559.012799104235,0
822,10105,50,92466.91880608273,9,Medium,38133.18586972839,0
823,10244,57,37752.94263740693,2,Low,21647.159736626945,0
824,10301,50,111840.04667328703,7,High,13913.11061576941,0
825,10964,25,90193.70863205986,2,Medium,13238.220243981601,0
826,10977,57,149178.68784865318,9,Low,47166.77068687893,0
827,10944,39,107518.74181698951,0,High,19109.77289599357,1
828,10047,58,112889.05957356477,7,High,11720.318597839736,0
829,10867,25,62748.936979085964,10,High,1221.0140402139725,0
830,10347,19,46150.093668225796,5,Low,15050.675457363352,0
831,10147,26,35147.7333237872,0,Low,15155.13412953387,1
832,10063,48,38294.86866346902,9,High,14401.861233717813,0
833,10176,19,146731.0986198357,2,Low,17945.338230779656,0
834,10299,39,65875.57643646031,7,Low,8870.786371043661,0
835,10145,33,83938.99263396584,6,Medium,9983.96647574638,0
836,10323,46,103274.32550065493,2,Medium,40543.2802731058,0
837,10889,18,76518.88799686913,6,Low,1696.6571100380545,0
838,10167,43,88988.0483787483,8,Medium,39765.09080522823,0
839,10754,52,85990.12833035536,1,High,17621.356537340416,0
840,10939,47,87030.68326868734,10,Medium,27280.14435335682,0
841,10619,51,82037.16621936955,7,Low,6734.959659039077,0
842,10260,53,35730.12068040762,7,High,3951.9643158127947,0
843,10505,22,33153.460344985855,4,Low,16840.01055359505,0
844,10406,32,135086.33467889472,1,Medium,44158.14501376496,0
845,10368,53,62152.48350255946,10,Medium,17161.172614699517,0
846,10306,58,55562.36415561022,10,Medium,43978.84518544304,0
847,10780,21,67672.48382242964,6,High,43090.30132276952,0
848,10563,28,38241.75392806491,10,Low,12858.164813043206,0
849,10830,59,120644.01557980533,0,Low,33617.73488226828,1
850,10879,33,38235.40166025878,7,Low,31085.190779443994,0
851,10612,32,122818.53035418868,5,High,34587.948600220094,0
852,10615,47,54853.32640626094,10,Low,24912.116147834528,0
853,10764,41,48704.784950853864,3,Low,32921.769252276106,0
854,10096,56,111806.206309164,3,High,25258.762964431804,0
855,10201,48,117237.6709879283,3,Low,47537.7825144551,0
856,10472,54,120044.32396510114,5,Medium,9226.057595594997,0
857,10050,26,134158.7985590679,7,High,24289.2009727216,0
858,10197,31,65751.2752952787,0,Medium,14306.869839988265,1
859,10300,22,103771.27365872379,6,Medium,36244.16232767466,0
860,10586,55,72053.65196615265,1,Low,3563.2873144614114,0
861,10170,28,98926.08528496335,5,High,43335.00155051752,0
862,10265,36,114978.3623781396,6,Medium,41936.072762581236,0
863,10948,47,79180.2898112894,10,High,12964.37798764176,0
864,10218,27,116177.52142767083,8,Low,14304.876165488782,0
865,10145,56,84715.31049007594,10,Medium,4111.600725837076,0
866,10762,25,35207.23315559776,7,High,39831.36063197371,0
867,10535,54,90988.79950803955,6,Low,41324.58306231911,0
868,10417,21,76635.88064354745,2,Low,19605.93042380546,0
869,10279,27,133362.836653521,2,Low,17362.960206179156,0
870,10698,56,49739.85298786223,9,Medium,22791.36596727591,0
871,10822,55,135519.5166477958,5,High,8806.123056715864,0
872,10629,35,40814.1681810664,7,High,1472.713919060831,0
873,10621,31,47167.64612443023,0,Medium,25981.244495862637,1
874,10431,53,72007.88251950736,2,Medium,46398.21653094224,0
875,10032,55,132801.3636125544,8,Medium,37218.927860013355,0
876,10786,44,143380.0923697119,5,Medium,33713.81918269783,0
877,10789,51,117192.33011894193,6,Medium,44191.169734203,0
878,10421,39,144770.98560276668,6,High,19276.220518399925,0
879,10481,50,81380.32216815502,7,Low,3233.788040460481,0
880,10222,55,136140.09871848207,5,Low,39608.84012747812,0
881,10649,26,74405.39275114489,8,Medium,34195.27202529553,0
882,10218,24,67873.0820036245,6,High,46632.55976607911,0
883,10202,37,30890.347365084664,0,High,31321.484905941168,0
884,10001,42,141725.57172659866,8,Low,17102.55924846982,0
885,10281,40,63145.457022582894,7,Low,3051.4297465882332,0
886,10488,20,41390.93610835372,9,Medium,28487.57782911237,0
887,10095,38,126800.04546262043,6,Low,23985.31466900817,0
888,10362,33,128010.56148912403,5,High,13240.826352327542,0
889,10824,27,59421.51065682735,1,Low,20646.791354635465,0
890,10731,23,121262.4727007434,5,Medium,18118.687224067457,0
891,10231,48,90226.98747667868,10,Low,48400.68191681738,0
892,10227,28,126234.8405168886,8,Low,4505.386694697541,0
893,10571,51,83562.52341249862,6,High,1835.8455499163488,0
894,10503,51,78475.59221473499,3,Low,2677.597264720296,0
895,10160,22,31551.71528311793,9,High,13631.636464603975,0
896,10580,48,78715.37657272439,2,High,32402.48833638875,0
897,10834,29,137496.135703389,0,Low,14294.400917105173,1
898,10694,30,34368.20105514637,7,Low,41514.76601272125,0
899,10420,35,54757.837931602786,8,Low,46364.300738856124,0
900,10445,46,146322.30004073126,6,Low,3225.025273549897,0
901,10050,35,55029.83991185916,5,Low,27628.473054221788,0
902,10907,44,76554.54466945751,7,Low,37598.191706716774,0
903,10479,50,43701.85396526163,5,Medium,33535.85685223238,0
904,10902,44,38447.26311409557,9,High,42686.90344397575,0
905,10397,21,69762.66452598345,2,Low,46455.293094585824,0
906,10376,54,52658.22649990245,6,Low,25196.468571022087,0
907,10209,28,90489.45107716997,7,Low,15218.289738371664,0
908,10486,51,90390.05878277085,7,Medium,40602.19826531374,0
909,10340,41,49607.77541273343,9,Low,33305.41495638374,0
910,10216,27,113522.38186157243,0,High,47947.579728745164,1
911,10793,45,107199.24236531071,9,Low,21002.005452025187,0
912,10440,57,55148.74953756624,2,Low,39447.15358338368,0
913,10965,58,59941.82885543037,10,High,28518.640876291385,0
914,10929,54,54025.56667876315,1,Medium,44218.07826408299,0
915,10559,30,138304.8154526496,3,Low,32607.22242424242,0
916,10079,49,102484.28437664568,1,Medium,12698.760721885235,0
917,10758,19,113064.68039416823,9,Medium,43323.22907616689,0
918,10843,23,35411.60203743721,0,Medium,39509.861503381275,1
919,10168,33,105920.5716740752,3,Low,2887.4984182036746,0
920,10955,37,38620.894223700045,6,Low,49276.90385988699,0
921,10423,39,30123.654994234243,7,Medium,17508.478225841347,0
922,10068,41,62739.21997302481,9,Low,6166.032721581051,0
923,10271,47,91024.64950990595,10,Medium,27288.721264243457,0
924,10111,40,133919.56496977562,1,Low,11516.722862695899,0
925,10582,48,30832.10914193753,10,Medium,25049.623355630258,0
926,10119,52,140051.88981356268,7,Medium,27940.921769759676,0
927,10879,52,79781.22222855994,7,Low,15647.916043795267,0
928,10085,57,77207.77820284246,8,High,1563.9002766960848,0
929,10992,53,109782.99923607109,7,Medium,42860.67678985471,0
930,10033,55,104601.04004071519,8,Low,42888.283919528294,0
931,10439,52,64423.05548337945,1,High,1727.9494131575766,0
932,10260,25,129749.6100431266,0,Medium,7643.369240360361,0
933,10132,40,114648.43588718651,5,High,9913.42921376615,0
934,10435,24,85634.61605549417,4,Low,49756.50598445124,0
935,10703,59,44221.38066701316,4,Low,32008.521537984587,0
936,10544,27,38773.41669609018,2,High,26556.748027411122,0
937,10355,40,105836.25602721429,2,High,49496.18323091768,0
938,10527,33,100649.13748632696,7,High,45297.47581079286,0
939,10077,55,87029.05862225313,5,Low,33026.48015278355,0
940,10103,30,104707.94233216914,0,Low,26616.000097320855,1
941,10517,43,117981.02885606649,3,Low,46133.28737815342,0
942,10530,59,30436.428328338498,8,Medium,23309.248737609432,0
943,10889,32,149481.4490506712,1,Medium,43979.37213700837,0
944,10582,48,75505.73823027776,7,High,8246.722263572687,0
945,10192,38,136877.0667997395,8,Low,14424.49562734727,0
946,10146,58,110931.62796018177,1,Medium,6382.585927819701,0
947,10305,20,138907.16548522294,7,High,39619.367133561165,0
948,10965,57,133312.9814798701,5,Low,23907.304335224275,0
949,10546,37,122677.30318024117,4,Medium,7595.925604040509,0
950,10414,30,30757.11877121636,0,Low,7951.252928496356,1
951,10166,22,133427.55443867925,3,Low,48490.744706906145,0
952,10296,52,39982.227890491486,6,Low,11541.435939884404,0
953,10373,50,121282.91117807278,1,Low,41620.46225674452,0
954,10326,42,68743.41867364003,4,Low,34536.84410601468,0
955,10726,20,132179.96664959207,3,Medium,10464.916218391185,0
956,10745,46,82604.32111828082,2,Low,15312.6973482264,0
957,10961,18,67625.31897883378,2,Low,29893.363443985363,0
958,10778,48,111909.59917363187,5,Low,36459.05008285475,0
959,10952,29,46366.21705534174,1,Low,13889.00398243886,0
960,10040,30,133711.23622938496,8,High,22184.43564264651,0
961,10381,42,66778.6162241064,7,Low,46131.73600692862,0
962,10940,33,91327.66103042921,5,Medium,48527.60698479843,0
963,10907,22,40751.71677552303,0,Medium,38296.45283051625,1
964,10268,40,118534.57530952747,10,High,32244.517333913576,0
965,10742,35,79341.53997867744,1,Low,37391.89842972574,0
966,10712,60,43749.303205733064,1,High,17716.844288813794,0
967,10013,21,34099.82723310858,6,Low,20503.202291590642,0
968,10279,44,68952.54073328979,4,Medium,11322.431162210598,0
969,10661,43,121463.57255703065,1,Low,14836.386341241996,0
970,10391,25,145269.84060715698,1,Medium,27051.319110935554,0
971,10861,57,53815.75040406491,4,High,29067.865524192457,0
972,10499,40,107715.78778771844,7,Medium,37551.00631178526,0
973,10990,37,67243.2804952146,2,Low,47194.533721354725,0
974,10440,54,125340.674531936,7,High,10693.774966769564,0
975,10717,22,102158.05324848511,0,Low,15388.442640543342,1
976,10872,34,53573.765982480865,7,Medium,34568.70915725003,0
977,10487,48,85020.52913351505,3,Low,38397.25693076846,0
978,10972,23,109056.22337805435,2,Medium,47033.830315041116,0
979,10453,35,104517.7931180739,6,High,20590.515222223326,0
980,10792,42,79612.84062855321,4,Low,43233.267622281855,0
981,10622,44,113982.43727115006,8,Medium,28094.067946863448,0
982,10568,42,66131.63143852261,7,High,20139.155072343263,0
983,10336,41,38111.56845183709,10,Low,9364.574395770715,0
984,10167,39,82300.78549581103,1,Low,4538.5323096612465,0
985,10477,55,79964.56108187413,0,Medium,45597.11667920734,1
986,10019,25,37387.723033015995,8,Medium,21366.55242245811,0
987,10077,48,51406.47524843644,4,Medium,2809.2115878589357,0
988,10689,60,75982.32085672041,2,Low,49520.76055957714,0
989,10379,51,104526.4846606843,6,High,44398.86056786342,0
990,10370,18,93695.52961331367,3,High,16634.93464227011,0
991,10277,58,60827.45400314624,9,Medium,24318.549122379176,0
992,10054,41,124623.25297196275,2,High,42770.15580152252,0
993,10524,24,98359.81031018452,2,Low,2118.926207233487,0
994,10225,30,87789.84931714425,9,Medium,8860.62859118962,0
995,10229,44,48908.61658518347,5,High,12237.111436992323,0
996,10574,26,39254.62657687484,1,Medium,7910.364429076713,0
997,10224,49,59539.47055893024,7,Medium,46363.07237211958,0
998,10010,23,75881.5122333592,10,Low,29442.950242309555,0
999,10844,38,96343.58558933175,10,Medium,10047.782669671496,0
