,Years of Service,Total Number of Bills Introduced,Number of Bills Passed,Number of Bills Voted Against,Number of Amendments Introduced,Number of Amendments Voted Against,Number of Committee Assignments,Number of Subcommittees Assigned,Number of Bills Voted For,label
0,2.7625549565858916,79.53412251242928,4,25,27.79872205402019,7,3.6584405700453937,2,7,1
1,5.7995956718502715,10.929464596766636,21,13,28.63169565574566,16,3.0626457193542915,4,16,1
2,8.666464603851747,70.10963301278694,6,1,0.752000509707037,11,2.489902796005973,3,13,1
3,6.016768466364751,36.262298064425295,15,22,3.6508129027181235,5,0.8703412881791922,3,23,1
4,14.0727804405645,72.80695786110839,18,2,4.21309010043681,25,4.317817534353682,0,25,1
5,1.6667505771956206,65.29919700699479,0,19,15.383204979879025,10,4.199843737996129,4,12,1
6,8.4173626163641,75.78619693778607,3,12,7.5057006786891485,4,0.7279034201900103,4,29,1
7,11.485414660531976,28.799696027172107,13,27,6.953159973710578,5,0.9266527114613443,3,13,1
8,13.52770409747664,56.703603445082116,17,5,8.068570888462064,22,4.648365139040896,3,2,1
9,8.859545630834518,34.1732315752472,7,26,14.159679556786879,5,0.735078234572813,3,2,1
10,2.1443305547052605,94.86633357735936,11,9,9.504234751211975,25,0.6549615962213357,4,24,1
11,13.060296851725138,94.12080375494874,18,10,16.346509025650356,13,4.618952949929342,1,25,1
12,5.13842755433358,27.875947825468995,19,4,23.41236745197252,27,1.0224866731845457,4,18,1
13,3.4486510761576863,97.2119823133273,8,22,2.657587303830425,4,2.2432496844254333,4,25,1
14,13.584491294535763,73.12874435327835,29,28,16.900924629557334,0,3.451903004679833,4,7,0
15,8.268747720386159,57.00531766643599,14,20,27.28274573180131,2,0.04121116996659069,4,0,1
16,5.622341773739341,12.683412417920037,19,27,8.375805036178267,29,1.9426132428238612,3,23,1
17,6.549036877272961,55.34274635201542,1,7,17.279369065254272,15,2.2334614945181737,1,20,1
18,12.371098072378457,91.3332671539033,7,0,0.4798778754641897,8,0.6097844726525337,0,14,0
19,1.3369705852372256,92.15451822804872,16,7,17.606970818948433,5,4.621616022564978,4,10,1
20,12.533644447114485,72.35853710911813,12,19,7.969578234088463,21,0.3326103555256793,4,6,1
21,10.991117473964664,69.33896687075156,6,3,2.368007002130128,4,4.463810983075453,0,8,0
22,2.679055705301966,15.115224290447692,19,25,8.210347017156664,9,4.674268608957012,1,1,1
23,10.381990183527131,72.47426280618629,8,24,25.64985947127313,5,2.800539693863155,1,26,0
24,6.908882515189012,73.99387248953514,18,0,13.902600975904775,1,1.8111374994713358,1,16,1
25,3.293670880645621,96.30705042591698,14,28,14.316404441674429,14,0.03838083311347773,4,3,1
26,11.001807689619088,19.63164722140317,1,6,20.192560930949146,24,3.182226992018762,0,3,1
27,8.715722653053046,23.46153692420495,17,11,11.134518645738199,10,3.5654261142916175,2,29,1
28,14.25240731274333,45.185835065867316,9,26,1.5520076430827723,13,1.734973998644032,3,26,1
29,11.995379850202728,86.99289892435655,8,8,28.967396814857803,7,2.8236971875174715,4,10,0
30,10.536390573701366,66.8997444952895,29,6,2.4214748769700734,1,3.1727017507362603,4,2,0
31,8.34232941133297,89.54899389837128,19,16,27.463977712028072,21,3.258434495384133,3,15,1
32,12.19983570266984,54.25634575709043,16,21,23.954052892865448,29,3.3058850130136994,0,12,1
33,3.709477844538878,20.512510416823282,10,10,4.880259610737657,20,4.317470934143187,0,18,1
34,12.514652418951721,6.726571516414959,26,9,22.498113677745167,8,1.7632430306774176,0,1,1
35,1.2377016849224667,23.496641363987347,19,15,15.842892748617924,20,1.1914339221920822,1,0,1
36,2.9826055477484568,47.20018225351576,27,8,25.893280447180917,21,0.1342488295275024,3,14,1
37,13.404566189167879,33.15119038300697,29,7,29.661968914572018,24,1.119501926117536,3,3,1
38,9.114409992568298,47.04076776044346,3,21,19.69038224502069,25,0.8657875479956972,3,16,1
39,8.878301038108766,93.47775003239303,0,7,3.8796600223052327,20,0.18546463598540675,3,20,1
40,7.060927105374397,3.2276108651878355,24,9,24.764295929087012,11,0.2360713016575844,1,7,1
41,14.036049344708402,41.65959458310312,25,3,11.120577957018648,2,0.04178981380049074,2,25,1
42,6.301177639284415,96.11540717226778,22,26,21.690229179974082,17,2.7632650773389504,3,29,1
43,10.745438051678311,97.92318816980287,19,1,22.328149026960556,4,2.932894538819364,2,28,0
44,7.020380465787808,88.50030947718508,3,13,13.8653516118666,3,3.1745653725020624,4,19,1
45,7.210113941755351,94.64242130465483,13,27,6.830716055203778,8,1.5949016881073341,3,10,1
46,3.32735450533596,52.42474668993857,11,6,29.319041240124818,18,3.2555107612865353,3,24,1
47,7.245216818795419,90.27393100351726,20,20,0.4374036194017261,22,3.027736238819606,3,28,1
48,7.93563004319207,44.0257982475068,9,26,4.720365213611126,5,1.6716154801737426,2,2,1
49,5.376808445406377,54.4483049138775,25,12,6.568104073714642,19,2.868831350731546,2,15,1
50,9.837608611270262,29.89347857245668,21,3,10.194022581671506,10,3.629799784285319,4,4,1
51,10.208844979713218,87.77367910950927,24,12,7.677731801746192,2,2.9885046772224984,1,16,0
52,4.8796552788456244,39.13743936291173,26,17,7.626784943888571,6,4.568070760371084,1,15,1
53,12.706573272910191,25.77261688482522,17,3,17.537124882101345,13,1.802674724016287,4,15,1
54,3.6668118056076366,65.34099928610767,9,15,16.172265032200347,22,2.257054074762042,3,5,1
55,12.294192942091403,40.87705482171729,17,21,25.604437227603302,9,0.08323228798682358,0,20,1
56,3.246615049896718,96.99990689622379,1,28,12.136021684785662,16,1.2189580253762173,2,15,1
57,5.123507556193664,69.92681586408793,15,24,25.35491916382532,22,4.191687791167392,4,27,1
58,5.0805754736276505,16.576332990333686,4,10,6.063934063174326,27,3.421873043425512,4,15,1
59,5.101377660561585,38.87614982240949,0,8,21.39527608585588,10,3.2341312978598458,0,13,1
60,12.72310699495552,93.11936714248611,19,21,14.001580866111663,8,2.636218231285027,2,15,0
61,8.556830680612725,97.74568972259928,16,24,3.951041323680915,24,3.407642240727325,4,24,1
62,2.6929549800513675,78.2286950798422,22,0,29.11666150175419,6,3.1100935879721687,1,16,1
63,3.482156006685849,70.10620601107456,7,27,16.492111618070243,0,1.0787506717359867,4,16,1
64,12.770869646767197,87.74174390159862,21,26,10.164925170152797,13,3.1294859082279984,1,28,1
65,1.5480493069982486,57.36585009199477,7,24,29.289569312763845,6,2.3380571343029484,0,28,1
66,5.192153684446712,44.11951365895646,29,15,24.498928003644888,26,4.076315031996319,1,0,1
67,2.352051883800985,44.89952069476271,23,7,14.844503195685734,16,2.2011803566744503,3,9,1
68,13.508958378016246,43.378167143486245,2,22,24.13394445247339,14,1.1131145484119087,3,13,1
69,14.945762849219996,90.74181497240906,27,16,23.005181032980467,27,4.096781958001739,0,29,1
70,3.8705448782680536,66.58733662878964,23,24,2.1901806365646213,0,0.4969021302554244,0,26,1
71,12.28318009212881,1.0044789035394963,26,4,5.706038634821776,3,2.2974775162325356,1,10,1
72,14.68367876428561,23.521908370191714,28,14,12.854952359948097,3,0.33064006521095257,3,5,1
73,7.9657604634347665,86.20892929822384,24,7,27.586767961739223,9,4.755107183772134,3,15,1
74,3.5603089673869857,56.980413303097635,21,25,10.017902243806656,29,0.8044053752344116,2,28,1
75,13.73488671546394,63.65615812718687,19,16,4.308828626948928,10,4.904438762659131,3,23,0
76,6.479291697883732,60.105624568186066,15,9,1.8695342790522607,28,2.587991756018708,3,27,1
77,7.595061232750848,56.8408931188617,11,18,25.182428787416303,10,2.463597332046998,1,9,1
78,3.8344110590599767,41.54536084958491,5,3,17.38128469509352,23,2.4527148792631626,0,18,1
79,14.73289064575946,35.22924851895978,22,23,16.290263188302582,21,3.327059336453775,4,23,1
80,1.4808339426426942,37.07136395858597,4,26,24.47327622817459,29,0.07970757217867663,3,5,1
81,11.35271431318207,27.634568720927387,13,23,13.464833418121549,26,3.1553571081104854,4,2,1
82,11.237760338133349,53.89714918458854,22,8,14.343358395755635,9,2.0794270296839974,0,21,0
83,11.563733102280274,24.90842771152304,7,15,6.7067524706094925,26,0.3899479422306257,2,8,1
84,14.50624543354348,74.29941203529485,27,9,19.869078761296645,12,0.6522948265207867,1,12,1
85,10.10512000510579,71.53248302382347,6,16,28.54004877792249,11,1.5923053738444741,4,8,1
86,14.393314693751238,85.09593770752211,2,13,23.90854188171507,14,1.6581226604084804,0,22,1
87,14.750120801788,33.43144232368848,20,14,18.800584319403317,26,4.445916534843752,2,3,1
88,2.750020028600724,48.42911693325027,17,12,18.029019124279188,16,0.46084808956634693,3,15,1
89,10.977612952830421,35.38905061229558,18,6,0.800931306918875,18,1.499136933795192,0,7,1
90,8.726153240990111,15.271873584824414,3,29,8.458252850741342,29,0.8194179731786749,3,28,1
91,3.5266721231171765,85.33289630792036,26,27,16.33461536564377,29,0.6936070612946182,3,22,1
92,11.527164921715382,45.08807360920986,13,12,12.319499056760595,23,0.8000875612171177,0,10,1
93,3.3714415571178864,29.814095561981503,23,16,8.471751813261175,28,0.47924976967515187,2,12,1
94,14.068121556315159,59.26952033368267,10,6,21.560293736813207,15,4.074037006543902,0,28,1
95,14.569839991924985,13.719445305299693,28,9,15.425600209493386,22,4.22600710402143,3,9,1
96,5.104777786738783,41.227957895316194,26,17,14.8510166529156,22,1.6198622812014474,1,29,1
97,4.51276199420475,20.927638663431523,14,4,2.9471839852407875,27,2.88237563533833,3,17,1
98,1.6123371163218814,68.75094781785211,28,13,17.60315319817023,5,2.028931949447644,4,4,1
99,9.131387913657559,20.932315634701503,27,25,3.7093251501606406,22,3.0452198092415688,0,11,1
100,12.371273204705092,67.15197934194794,0,28,2.141754603244914,7,1.1432645545373754,2,21,0
101,13.206566483817504,42.7871634694615,29,1,17.06247676558138,27,2.919415918366706,3,3,1
102,8.201376867467093,99.21973181005185,14,2,16.472177886684538,3,2.359092528256994,3,16,1
103,2.747313587465743,50.58966797476296,25,24,26.389044619029946,15,3.0521616822969233,0,9,1
104,12.26679952153481,33.90139901841472,25,10,3.4241540177087657,5,3.8262864775836025,0,1,1
105,5.775816661468048,15.299585478317967,12,21,19.88076279622065,24,2.151234038009214,2,11,1
106,8.13052840068751,13.131275795962605,2,22,16.33977338640138,10,0.02295793037581595,2,13,1
107,12.797505373360655,81.935674138337,21,20,28.19115805305552,8,3.298724676547686,1,7,0
108,8.838011071541679,11.107319301639485,6,6,25.30568668379242,10,1.7578646175573294,0,26,1
109,13.900020426599516,10.23436029779744,8,7,11.424426624562864,3,1.1582973409453756,1,27,1
110,9.685975923491215,26.815373612583528,21,17,22.669947611148466,29,4.843309073251245,2,24,1
111,10.65802775826712,51.562153004511714,1,0,8.529347079115079,7,1.3729702768186485,0,0,0
112,14.658302765154987,23.413339554939185,7,5,21.276387932689588,15,1.2934401935354018,3,21,1
113,6.965254585646386,67.10513363702206,18,10,17.022750724631027,12,3.0084831349471286,2,7,1
114,10.370520742458028,70.25543827978862,18,22,10.57109987377178,15,2.279087079997188,2,23,1
115,8.188607354290053,16.670185703786167,12,20,8.366958556951625,4,2.9234775853848056,1,0,1
116,3.0736208637735665,43.23738314085289,5,9,4.092913723336968,18,4.470127367651461,2,1,1
117,11.94722435306151,47.96712073970022,22,14,11.379611542620845,1,1.0153734492246647,4,1,1
118,3.514714734944966,12.779880879402317,0,20,14.364111045913155,23,2.4954013591498363,0,24,1
119,1.2837188047442487,14.249119680891509,8,10,12.33709937333331,16,1.2420121634170695,4,19,1
120,14.72353409561004,29.172802862550363,26,26,6.428951338991093,8,0.6853360130853775,4,26,1
121,6.455549723716351,11.288554493793212,12,20,7.0570799201150685,22,4.877837536309907,4,14,1
122,5.562975541775687,49.11994913335281,15,12,10.578442361848708,2,2.605227501406434,1,18,1
123,7.462993296667354,59.89557106627957,11,18,2.3068407374332645,18,0.8855102060681302,1,14,1
124,14.652244515767034,43.25641660115471,12,21,18.475769193741584,12,0.11567846519566716,0,14,1
125,13.253722317862671,58.58307029560028,13,24,17.76642402462644,1,0.1256665753316616,2,21,0
126,9.555237232318653,87.9765508934529,3,4,12.200056137656128,9,3.0741947697216205,0,11,1
127,8.894858438091635,23.570776350699685,22,9,21.92882111526676,15,4.363922676332522,0,15,1
128,7.54317445301131,88.93883586150278,19,22,28.92966350321897,22,0.1079698177927918,0,16,1
129,8.795105921952175,43.822381673003505,22,25,2.576077244706947,29,4.697694401359913,4,19,1
130,8.189330554950029,55.132986959918384,18,20,21.937072701275476,28,2.4949430101689174,1,26,1
131,1.148047858468277,60.770084023279516,25,4,11.44604426324627,2,3.144251022257634,2,21,1
132,12.330467643778599,31.132268150780497,0,15,9.938643884433436,5,4.342836158268234,0,27,1
133,5.420766495620779,79.44320793711339,23,1,26.970661474061487,24,2.9030223980159326,3,11,1
134,12.06534143974278,74.88630794292422,5,15,12.157645600057986,23,3.637527511806205,3,0,1
135,11.035150085168599,29.42084343261431,4,20,29.20686814441776,20,1.7449204390541535,2,25,1
136,9.404736425833358,54.113414957773244,18,23,0.12307957453565721,8,4.544478174964363,2,11,1
137,9.184555027931884,89.27249008812048,12,25,0.8303139062870224,2,3.198363685447272,0,25,1
138,2.111580943664147,43.110455047975535,9,27,1.4976241206329732,28,0.4949713701116093,3,29,1
139,6.990794745095777,52.50295909908375,16,23,19.58144120172931,15,4.630722446374198,2,8,1
140,10.774580140555832,95.20019662282917,19,15,3.654661043739308,9,2.6045003561912465,4,18,0
141,13.054780190481088,49.250003485997254,23,10,28.083617823413604,21,3.4845762649674454,4,2,1
142,1.376262479930534,72.5287593514452,22,28,4.987267920991463,2,2.0367308080010527,3,13,1
143,3.792738576181123,41.60604394126409,4,20,10.31350588699757,11,2.6538368084598822,2,26,1
144,12.330681264184154,67.58222756154998,12,9,15.136468411945623,10,4.063570629294397,0,19,0
145,7.736260737424644,26.53130136187776,25,7,19.163046295085035,22,3.9362818208794503,1,15,1
146,3.316801950512363,50.24859174726183,25,20,24.557995585093238,11,1.6500512062985955,3,24,1
147,3.3962304607849516,2.6794398353294113,19,17,28.019580990448983,12,1.6812049360754315,2,10,1
148,11.620304283619692,16.07991302622279,14,10,28.832845107029385,15,3.6442559241743244,0,26,1
149,8.237610079494385,84.24742718539588,14,9,3.79781169987351,13,1.2587654564029664,4,14,1
150,7.076804921929227,51.936874890375606,11,17,17.87103147681044,9,4.214157478101224,2,7,1
151,8.320326845745164,43.46964115271034,29,9,20.832450194444977,2,0.3815554061727411,0,19,1
152,7.266671644968755,24.73106455372053,29,17,19.334277558933582,7,0.5485929514727006,4,15,1
153,3.287788641016023,83.92432014796333,1,20,2.84350262809282,2,4.2011787196264585,4,10,1
154,13.218964430093044,16.44353626869972,15,25,12.978879499491445,20,4.428644776221906,2,0,1
155,2.8526017514311306,14.230255883095722,15,3,24.86059161551613,2,2.0420954376461715,4,7,1
156,5.08532907470901,90.50350365392849,7,21,11.981770769082537,7,4.132480966615119,0,13,1
157,5.771135493832229,17.614234751404545,25,28,28.457848237038192,21,2.3906220459682865,2,0,1
158,9.371371713996819,56.82057269841213,7,28,21.589627218191133,26,2.043828326693202,0,13,1
159,3.8191619633104357,8.82337580426027,14,10,22.647001221189754,7,1.4782527041334326,4,9,1
160,12.67441350255298,53.56753900370956,15,3,10.861678510821724,27,3.7086894644182284,0,17,1
161,9.698891989440302,42.26291664480696,19,18,1.4287765782580752,20,3.12161105826525,2,10,1
162,6.018848112720141,87.09088928449736,28,10,6.348193780645543,29,2.8496831025713942,1,2,1
163,10.496644020842808,40.63233121862311,25,2,29.020557746089636,14,2.28539471993403,3,15,1
164,11.022517347806884,6.078634236302804,29,11,3.5985598073671987,2,4.554666997838311,1,16,1
165,4.4500656698392165,58.249361548420794,12,25,16.187218094962752,7,4.765319091797075,2,22,1
166,7.262819795794658,1.60117082090252,19,14,14.634758600939106,7,0.3274021324228876,2,19,1
167,5.00999920506578,62.5288365865478,14,27,8.011534327531338,21,4.625849682933114,4,11,1
168,5.926332592666686,70.59254960303323,16,29,28.797040758332972,4,2.2551424552337975,4,25,1
169,2.0584430481769918,31.864359787671702,27,19,24.801660334743897,3,1.0858536663301743,0,12,1
170,9.096734105249226,30.547478997819553,14,0,9.349343661605666,12,2.0505926676903057,3,9,1
171,13.665605377662926,64.67570307306146,14,1,25.03655735937101,17,1.464525914045739,0,26,1
172,13.097437829294453,44.837243985901374,17,1,16.162142642701067,10,4.978480345016706,4,11,1
173,13.857461866104423,93.65454550402885,19,26,25.03449289164188,9,1.8805491695306609,4,17,0
174,2.4769175331932063,74.15006007785796,2,13,24.382561337536256,11,4.466848692566893,0,26,1
175,11.355891510704243,31.242121544279698,21,21,16.23128682024778,5,4.0572140986290846,3,17,1
176,10.495514210177676,26.178827961176708,18,24,1.0982410614530347,27,4.261729636837181,4,8,1
177,5.211868258677836,62.12024513819865,22,15,22.070694243759718,18,3.7282429343675947,1,12,1
178,11.457428163466336,20.20281205187241,15,25,21.040672495882134,17,1.8121829571147319,3,9,1
179,8.719193067793643,5.802142918740117,26,26,19.304051501679684,27,4.1346522246318385,1,20,1
180,5.3120828523099455,21.620460689684194,17,12,20.684018908315576,26,0.27967578181268715,4,27,1
181,6.27753170847027,93.44237432990107,3,14,17.708336845427525,15,2.262536656159135,3,24,1
182,3.1468435369968812,88.06620055455208,5,9,0.5969428653164732,17,2.3339775731460533,2,11,1
183,9.529667169610276,14.365879305825558,24,16,3.454872474112899,0,1.8108550826157828,1,12,1
184,9.274596472221273,2.4020792975944616,11,16,7.5768580222386905,7,1.8999582864337166,3,2,1
185,1.783085276170332,92.88485795482359,20,12,5.554431133005817,12,0.8936729729178994,3,29,1
186,6.077618604598058,77.38475349074466,5,10,15.601364663045151,13,4.5063992891165725,2,27,1
187,7.758482023664834,72.52832799860852,6,13,4.483320049130491,4,3.0355326918272048,3,3,1
188,1.0219187401645502,77.38033290835644,23,12,8.095648854524022,9,2.111336852203256,0,19,1
189,8.86667690870757,0.48978405948607584,10,3,22.155827345728476,27,3.509590859107977,4,18,1
190,11.761677517329025,55.000210462497925,28,28,4.338723757500084,19,0.4649083879291993,3,24,1
191,12.496729740507881,31.3970424794921,15,8,27.964604281212832,7,3.2673093631025045,1,4,1
192,3.4168082565334084,81.60996452895071,29,11,17.126203343904375,2,2.940959775395375,3,28,1
193,7.682953572909021,60.54962419430371,23,3,24.44410109396778,2,2.3202052137736646,2,29,1
194,1.6574290622812613,38.99915567009092,22,3,17.553181046918205,24,0.30601192498141805,3,14,1
195,10.962822261795399,4.975249731702169,14,4,8.145041376363734,3,0.9576104500825644,2,0,1
196,6.427993494727591,12.526610675080141,4,10,3.644768082302492,27,1.0174935225072501,4,15,1
197,3.11726707976025,45.13443600924985,22,20,27.883519274432487,10,4.112106177924463,2,1,1
198,14.441957231971735,81.48943907952577,23,1,20.111931202092112,12,2.5626728393079254,4,29,1
199,8.417394587955428,26.604851499167037,1,23,6.546825832308985,1,2.886854375937195,4,12,1
200,14.089132990261025,90.10986634064018,13,29,21.80706201173771,24,0.9610886133817859,1,1,1
201,7.838242577547599,66.69542195117677,17,19,17.2968797907039,6,0.9954736889064969,2,11,1
202,1.2076014921456015,83.03153423145126,24,3,8.706647102396165,14,0.41372804223577253,3,22,1
203,11.662842478176838,60.27730722878011,5,20,2.4295098933360224,24,0.31662677315502763,3,28,1
204,5.468738138866366,6.604037536805696,20,20,6.928394073108119,16,3.669907831389432,3,6,1
205,14.64066526539852,96.64329596043369,14,16,29.040590390971527,14,1.3349041663899563,1,6,1
206,9.539608376730841,7.083849763127336,24,24,15.913054703626875,16,2.1642674117633502,0,17,1
207,3.6000169430295763,81.35347910664602,7,20,7.400290802242035,25,1.6406195400373669,2,28,1
208,5.0026098702223205,65.04319274370457,0,18,16.859903385705532,22,4.608974341269892,2,0,1
209,3.3376965996811876,61.583605798007326,3,18,22.603638377219863,9,3.464212563618625,4,29,1
210,10.698444236141304,88.59993698761012,25,1,1.4182201822656204,15,0.2785456312413309,3,17,1
211,10.88885757411745,34.43357614965327,27,6,10.016388715123925,3,4.944822572691286,1,6,1
212,10.11534582704331,27.006868384178027,22,28,23.572609060136536,24,2.4423119890133203,1,26,1
213,6.717381895836791,4.2830614692605735,3,10,25.36336475864999,11,3.7160024060566994,0,5,1
214,6.63778602997361,30.893084584039844,1,21,8.277467576358795,5,2.8217233183299633,3,21,1
215,4.621183930788477,99.26717113615177,1,19,12.099697715815779,18,4.4815027825571905,3,0,1
216,4.265878647297457,75.52602707873795,25,13,28.12712890263117,1,0.3605111398930999,1,9,1
217,3.7108431379181814,71.39029467451007,25,2,29.302730096443174,3,1.1262557068793204,2,29,1
218,10.76752909379845,1.899023365822028,27,23,15.64575191227347,10,3.5224628229416033,0,8,1
219,4.5844415190785845,33.043946130511515,15,3,19.105984293306044,12,2.0872906531012663,3,2,1
220,12.076446183611031,54.5950963363553,20,11,11.722621736641042,6,1.4016720183146936,2,0,0
221,12.719527666867743,40.143810590385485,19,2,5.95672645341065,28,4.579086795024871,1,2,1
222,3.221867911563079,56.39393030763128,25,16,24.98384743308599,26,4.9949696470059655,4,29,1
223,5.680484973259755,90.7247183670615,26,6,27.52729331898347,19,2.4229403208382454,1,3,1
224,8.997757392164008,23.170362096648546,0,26,8.416754318735983,25,3.937205426123069,0,18,1
225,1.9385838506446869,66.20934387947224,18,25,0.6577279046755125,17,3.97800328188739,2,19,1
226,13.568491549125422,62.59029610194213,13,15,28.302231872679187,14,2.7859377075657985,1,2,1
227,9.183338410214443,91.9507416316018,5,17,6.904740771684056,16,3.926426873104392,0,18,1
228,4.076926435294172,49.31468010823185,20,3,16.125633408152993,3,0.6243831544103484,4,1,1
229,1.3737725355429324,61.10590777123706,2,19,18.934870983041776,3,2.2043544167521216,4,12,1
230,11.247443025563454,71.50860813791142,3,19,7.609320614900177,23,0.4171724720110015,2,20,1
231,14.118441318197766,33.60414130439785,28,16,14.704697464671764,6,2.4322156426365598,1,23,1
232,8.422632162750347,60.1442049577273,27,28,13.052805233278091,6,3.3580189904888313,2,22,1
233,11.460358944242394,50.75234897078883,18,27,0.44914575043530136,24,0.7154736901786773,0,22,1
234,3.8969021577760192,41.629276111863845,29,13,3.8471346246727256,9,0.15613218735988865,0,2,1
235,9.19401509941457,24.657832960091795,25,9,24.189969694517032,14,2.6268801540457822,3,0,1
236,6.564658345100346,76.35839053886998,1,17,1.1291428558103334,18,4.823996717680605,1,13,1
237,4.678066340910025,44.84144813356635,27,24,28.84181676433225,17,3.6184437686493176,0,24,1
238,8.223093639175225,56.501934056241865,9,21,15.555410702663897,3,1.4696034511765632,1,9,1
239,8.850778804553507,46.02720044976759,3,25,14.576440277924561,17,4.88443865011153,2,23,1
240,14.030833005383993,60.646725476062,25,19,21.447862366721463,8,1.0120849509189882,2,29,0
241,8.682183371432853,74.2957338484119,22,27,16.45452687460199,0,0.9999743837885056,3,29,1
242,8.291082692760646,18.429428135882176,1,16,12.826046744161925,2,3.589200009626658,0,9,1
243,8.912203462683902,42.562097245448825,11,24,26.635695260181276,1,2.2393451773139823,0,22,1
244,4.361502878601411,41.05035344109833,13,26,10.995232063765336,24,1.9044236629690758,4,9,1
245,2.050267855187527,62.54647205310396,9,14,18.879860707156602,9,2.7937546672388476,0,19,1
246,12.04124681047446,8.390730773311162,0,27,18.342409951617,23,3.6576804444360453,4,13,1
247,8.739456832835874,66.44955234158077,4,21,1.9132596431557714,24,1.9861230823415543,1,9,1
248,2.018515794119873,67.90070263819811,14,27,4.539757494781877,5,0.9687379717364553,0,14,1
249,1.8394867235405963,14.779559268732312,11,9,6.3283386237421055,13,2.220137230401194,0,2,1
250,8.477270208508644,23.434131020750215,27,23,15.467059240638836,1,0.4949526112044744,1,3,1
251,8.237544283136321,41.19469293504614,19,9,13.375128888425609,26,1.9881494073200852,1,3,1
252,14.06860521884824,16.55406855926693,12,6,20.214845590433036,17,2.855639111962012,1,19,1
253,5.749059293851577,36.437221390645725,21,14,5.3429378959523435,9,2.9597535732838325,1,4,1
254,9.767036689834729,76.05936469611233,17,14,21.890078871710365,17,0.312526598155326,1,27,1
255,5.022029492016596,3.464566906681832,23,8,29.072835092350864,16,3.446359887802651,0,10,1
256,7.312548428733206,43.30359744806801,13,16,4.210948228638632,25,1.8568131629360618,3,0,1
257,13.370783139268026,22.3696183123126,24,26,28.72615323723796,28,2.1454834506122067,1,1,1
258,2.176179396522032,30.532462505752424,22,29,17.46581327875206,14,0.3367641883663969,1,20,1
259,9.492499683833495,98.61203525834497,7,10,5.511263593582747,15,4.913491638753991,1,15,1
260,5.626293257112334,43.40151459219136,14,8,7.044899711802984,21,4.192300364367371,0,29,1
261,2.3136829418106277,8.374848791658751,2,18,16.602743424354667,12,3.987069752484287,4,21,1
262,11.500959801427102,26.89586140328143,5,23,17.790483746779824,28,2.0960487897332913,0,26,1
263,12.916444491017124,27.806343922566125,8,8,9.849635491950277,17,2.0068608779154355,1,11,1
264,9.628456111826747,75.69085784761882,24,16,4.640472926620067,24,4.925227570156056,4,4,1
265,14.517238904457596,29.94104086732512,3,15,17.307996269478508,23,1.11326587196654,1,6,1
266,9.282579420213603,37.07016061154506,4,17,14.12243486888763,8,4.706993668374269,3,25,1
267,11.319773120134176,50.926594166298834,21,21,26.615490503844743,16,4.845667855397273,0,24,1
268,13.060160410618199,55.41755571924612,13,9,26.6874832362968,17,4.9167526790139675,0,11,1
269,11.631750452938142,19.135312692568508,6,13,15.929216190239828,27,4.195668715044473,3,11,1
270,13.004170436811433,57.319720554270226,8,24,24.188372764429904,23,2.5451187005827403,0,26,1
271,4.167311512717048,62.10350178215298,22,6,17.256502552879894,19,0.6359505674645966,3,4,1
272,3.94394059106354,27.466406029632175,4,29,26.984566701194932,13,4.019393382998783,2,28,1
273,5.762608714862358,11.212246268824899,22,14,5.66073340902148,17,2.456647870047306,3,15,1
274,13.225277845837025,13.391438521214338,6,14,9.652829570232385,9,0.30352999904652234,4,15,1
275,1.1245927470167438,74.28240415550235,23,2,9.9306943528571,28,4.494278398008666,3,22,1
276,9.615473735360851,93.76471107829435,29,24,13.236013793091933,6,3.7321299722247185,0,7,1
277,10.372272461025952,47.30784673478252,20,9,29.823340354251528,5,2.4440221312239636,3,7,1
278,1.553997049277306,34.99436621136831,5,29,9.891519791430854,0,2.9227034613421905,2,7,1
279,13.316998428263364,4.7670539705619746,20,20,20.40834246418788,27,4.170595326355412,2,19,1
280,3.883293136403207,18.09828261963031,3,27,5.609362176365384,13,3.6832169454338226,4,24,1
281,10.14940873540139,64.11562341177269,17,6,21.017805394517705,10,1.3922523619570648,3,21,0
282,7.316581446803598,7.07316992773015,19,23,18.600148319198762,14,3.354333012198365,0,0,1
283,9.533284595397713,21.13205129961917,29,0,14.814847487508535,12,1.9716780935917915,1,5,1
284,8.574866800026786,10.894773714517648,23,23,9.436343866958207,7,0.6811778745718777,4,23,1
285,3.927903446643146,62.56602650780862,8,12,20.196335378290115,7,0.48568612022775126,0,27,1
286,8.894285776889417,19.90703704504143,17,8,16.625364203915495,7,2.5364375215009494,4,0,1
287,5.480775076942311,21.182424454109285,26,11,28.742727875456104,14,3.103863001164011,4,16,1
288,4.8461893618670535,52.776240388306505,4,8,1.6821377872645027,20,2.7881079512707596,4,4,1
289,6.0095057335071,72.07160483560206,27,2,20.072672307542593,24,2.80286995886682,4,2,1
290,13.310228632779953,51.56611961392403,26,23,1.1718203290975449,8,4.954849552921567,3,21,0
291,4.444107317050431,75.9379219901397,22,20,16.259091769885686,20,2.7575783159999574,3,18,1
292,4.285990222106993,54.6470427278551,5,26,6.378532399334692,25,4.0993423599669505,3,28,1
293,6.899862980017838,80.67653241533905,6,6,13.213838361483814,6,2.795647432989787,1,22,1
294,5.547602185701449,16.727996646894837,1,29,17.56096333834534,13,3.2536696742813325,1,11,1
295,1.752711436690501,79.69305604948363,20,23,20.925712331028734,25,1.7252602426145491,3,5,1
296,6.407689671909132,76.98609093694976,11,24,18.62373409937944,14,1.781787986859937,0,29,1
297,8.782238012442921,31.089780872688255,9,21,15.033532284531878,6,3.9684201965025165,0,12,1
298,4.253815078683753,83.21200121987053,7,9,28.08817123493169,3,3.422346314502385,3,29,1
299,7.7074696960436855,58.16726773324413,3,19,3.2516447706351084,13,2.925773964545588,2,5,1
300,12.50595654855532,77.81499842040922,24,17,4.9952306367096035,19,0.7877564992147984,3,20,1
301,6.218677228328159,24.417639866070306,9,13,11.566802009943588,7,4.479578234157356,4,9,1
302,9.067825132673182,23.115217517303122,8,2,12.396107521459346,3,0.2409541390645048,3,27,1
303,3.451335587195916,56.33839660017406,28,3,17.727677619383066,11,0.861875301413208,2,16,1
304,4.804005608541997,98.52184514061186,12,2,28.337605464441676,24,2.0813764441799525,2,11,1
305,1.0953535838809012,4.4489801908273785,3,12,6.8027345423104935,28,0.6807586947247246,3,28,1
306,11.620537261480502,47.088020247367,14,14,14.034849173771907,9,1.8676663178684083,0,11,1
307,6.019094841967174,63.89202781983096,7,29,24.028955921422597,6,3.0237500601434144,2,8,1
308,5.913882430111849,99.57845060542574,19,3,23.74115211653516,29,4.581618846030844,4,29,1
309,4.075903247250534,27.873680885466044,1,12,21.329531223750855,1,4.527818420616696,0,11,1
310,1.9745965704100332,45.812959357066894,6,7,6.428275423492944,13,3.2009926239369353,2,24,1
311,10.409421722462938,94.12611131153906,11,2,0.7541303417764156,25,4.389340550146018,4,21,1
312,4.885663709307739,31.194691505627137,3,13,17.23922207640099,11,3.6883682444336157,1,18,1
313,13.522506347385502,44.66297947883622,8,2,27.811024705994498,2,0.8407710488979886,0,24,1
314,6.343830537435663,19.02584144084428,23,28,3.8210058087141685,16,3.479349414548974,2,27,1
315,7.062418794415261,14.479577344969597,5,11,23.52506261283049,3,1.4403924743090628,3,19,1
316,3.9045105173654715,46.22157063464066,4,13,22.476938610357596,0,1.8844931067151038,4,14,1
317,5.212887924514786,13.178683737955888,27,17,26.77311162061396,12,0.7078165781212292,2,7,1
318,4.539795371248159,38.78082879211392,25,17,8.41867232069351,22,4.273691848264612,3,22,1
319,14.343992537051777,55.642781266623366,10,12,1.7499381324349161,24,2.458401258907574,2,8,1
320,8.000775522360271,68.66074976009561,10,5,16.647749267289452,12,3.445944335698224,0,28,1
321,14.82667597401264,95.7786464309167,6,23,24.940721705317813,25,3.159979096279684,3,13,1
322,13.586299636455688,9.601648269629493,6,29,26.94429775858737,22,2.4463071593881898,0,5,1
323,7.990442226151556,5.9376506320241385,9,0,23.34064200939156,11,2.8559487960443892,3,27,1
324,1.3274710427237697,12.54887104422464,26,3,24.789868774496462,25,3.4745127177943393,2,6,1
325,8.592399953699406,86.09044446317661,6,27,5.268205237841578,15,1.468492906232231,3,23,1
326,14.142001111999368,88.32875265088897,8,27,1.9685874346318877,26,0.25121225340345943,2,7,1
327,3.206788404151716,4.232627276045486,8,20,1.7839994783463864,14,2.0663181752700925,3,25,1
328,8.828999287684915,57.35365150040456,19,24,27.3667072592017,10,2.130244583304549,3,24,1
329,3.5213714847540536,98.92261745492468,25,13,7.890316310313023,24,1.2277067084375604,4,13,1
330,12.953713942880775,75.57966350621768,15,29,6.8340740972359075,14,2.765278666875844,3,24,1
331,8.590013920937833,69.83003915571378,2,14,4.276016510716756,24,2.054500074114449,3,5,1
332,8.538972155573376,14.03587044812481,29,18,15.79442437823814,5,4.242717923916689,2,23,1
333,12.329672525136724,89.0850423279352,23,6,17.817293494926982,4,4.399833844551092,0,27,0
334,12.189959518241507,41.551080172219166,10,8,5.016219224170397,15,4.684505117623196,4,6,1
335,4.807099011321007,52.220773135876954,9,22,26.582252790194396,20,1.3486570101836208,1,17,1
336,6.908079208529681,84.5552843296178,20,5,27.57085600265657,19,0.7697103995106713,2,9,1
337,11.778583931647203,79.50492728592128,6,25,3.9886400081035243,7,2.4230462435901594,3,13,0
338,10.383036027591896,67.50263614807704,27,21,22.43876162621017,18,4.201500624223278,4,23,1
339,4.71406587323054,53.43090724926345,6,19,4.745364927356187,12,4.576280067204635,4,10,1
340,11.855035622200687,42.007084858851705,24,4,1.5350339833814997,18,1.9152074892711357,2,14,1
341,12.36812642639635,65.98374087148633,23,28,16.851235328258774,20,0.13681040561966284,0,13,1
342,14.559538985398927,83.86329458252624,22,10,27.134968946584777,24,3.6344064245795016,2,13,1
343,5.915871143906054,44.466897716831646,17,22,12.06291048193896,16,1.7727386165721999,2,7,1
344,7.83810206368689,91.79352404771815,21,18,4.501562173165946,25,4.391582529854084,2,23,1
345,11.524226364699109,74.33185400076961,28,27,8.490981813909475,2,1.1192913244348972,1,27,0
346,12.8973094308207,53.45710374199133,11,12,9.576481642740346,6,2.9995145789662985,0,2,0
347,4.819777404129633,92.83508478185631,9,29,16.512718941753402,26,1.0505721679151607,0,26,1
348,5.934926128163774,47.22807638085774,2,5,28.47117399908287,12,2.2855389527679804,3,23,1
349,12.193943758874699,39.23063724043707,9,18,12.89094177489281,28,3.9875034815727677,1,27,1
350,5.59991300348064,69.28148854312977,6,29,24.73398400764272,4,0.4351091295416948,2,12,1
351,10.329974843097105,99.83191391591801,22,27,9.468131706541692,24,3.3214818170810636,1,6,1
352,14.240909337721076,96.16256064450074,17,26,16.359707782313205,2,3.3530526310006654,3,16,0
353,10.881147180287119,40.82688579287306,9,0,10.055439431953253,8,1.6117981010825244,4,16,1
354,10.242213976488221,49.96871583442749,13,22,28.729038147924808,8,2.1191303117421607,4,11,1
355,12.90415012443833,37.580510220775906,10,1,2.662581489670891,3,1.515917506641931,0,23,1
356,8.525672028510817,15.303909146557416,18,28,11.281146916996509,9,2.424664864683982,3,2,1
357,3.255390722478224,94.35941983405145,23,27,10.018973313191097,23,1.679184833814094,3,4,1
358,6.094377305468265,96.79745829199776,1,8,20.62276667021518,24,2.2427058959528727,0,15,1
359,4.029123485574894,94.35778870977188,17,7,18.210631460540753,6,1.308399603321737,4,11,1
360,7.792295253755851,81.41565160529646,26,9,23.28586209833023,24,0.7717609444582235,2,1,1
361,3.1663768977752893,0.7549059809300984,27,27,29.28691645259031,3,0.881528365510878,4,13,1
362,8.66007343879864,0.37182773003492375,18,16,14.481342882494202,22,3.9713588200748458,3,9,1
363,13.761061556355187,21.37024866397065,6,23,21.77383798570404,11,3.6671442442034294,3,11,1
364,2.2435595431430304,99.17595707782976,19,5,20.299078607906328,24,4.974793807171772,2,28,1
365,6.32034303635903,80.86670108744637,7,2,10.98720127094486,8,3.460884016692336,0,3,1
366,2.797089185913218,51.99934795298601,12,5,2.263319411056741,2,1.8701958042262534,0,5,1
367,1.8730703813226792,9.26754085985284,20,9,7.517960203841656,5,4.373184678677528,0,15,1
368,13.566447820836405,23.03415159131842,7,10,18.158124517930816,24,4.700799752255367,0,26,1
369,1.9774653044733936,75.30237456689454,22,24,4.566008835425145,18,1.8419456534396499,2,15,1
370,5.843154857400746,80.945805318167,1,16,28.19273216565436,24,3.449554043794883,0,23,1
371,8.252291930513767,89.75280613694339,11,5,11.983135885783977,4,4.593230822905086,2,25,1
372,5.452514768707977,84.02986951886616,26,17,7.454622044820262,19,4.631250316315091,4,0,1
373,4.147666467231731,15.492158634389453,16,5,15.073494619422382,7,0.363609637629686,3,2,1
374,5.31352088389365,43.67026599991609,8,27,13.340966783274116,12,1.0311324192658289,4,4,1
375,14.473525798227078,33.67778443254188,12,3,24.102216836303043,14,3.723579985669537,1,3,1
376,7.551513642909255,5.811961203489602,0,3,14.047235819741513,5,3.7747438710096985,3,19,1
377,3.9802982208628617,1.2297167315752255,7,6,11.490496258724754,17,0.07774243445895168,0,11,1
378,13.01850115305503,9.085184401453262,4,13,26.462152666031574,11,0.1543564311748874,4,6,1
379,2.6631831277118456,33.485282500373216,16,29,0.6682392521485225,5,4.776470380727061,4,1,1
380,6.1852738067629645,65.80131307492907,4,8,15.407238942688045,12,2.482913450940462,1,24,1
381,13.253338729292524,83.21767557192152,29,25,24.484817802026708,5,2.4908252775382085,1,15,0
382,6.51958292892182,42.80646889151332,17,13,24.021140999315953,28,3.9287834915167053,1,25,1
383,2.8085420795381673,41.33099098737281,23,17,12.244260763242366,4,0.7929481078787126,0,27,1
384,3.2056009454563865,16.059994923359998,22,9,7.965286215351059,0,1.7024818094584,4,24,1
385,6.022121754892204,27.684732179701786,25,27,26.607667221101906,14,4.491940764825159,3,6,1
386,1.3737433463133524,34.456723304919514,20,25,12.951376093817542,2,4.7921746125991636,0,19,1
387,4.073139613116174,40.78735551454845,22,14,7.091372647773937,24,3.014531280651357,3,14,1
388,2.155450857213342,51.83344888196875,4,3,4.702880435858954,29,2.948578917850177,2,12,1
389,11.601923661559635,3.424149815523614,28,26,1.9646742403021167,10,4.543005253815496,0,29,1
390,4.459564466085909,10.29558754763954,11,2,18.24457811163972,3,4.598251183891037,2,28,1
391,14.969276202141083,45.67617443166372,3,5,11.46789431423044,12,1.395324617129385,3,2,1
392,9.341128218120808,92.76571499982028,14,10,20.669498768501217,25,4.873409007887673,1,29,1
393,11.70533216840525,10.645243977791786,15,4,0.5387126336043413,5,3.760892646147011,2,7,1
394,3.594959866291381,15.304070817825666,26,29,12.799432272650375,16,1.5274204013694566,2,17,1
395,4.598490247723643,43.11013369135049,14,29,12.70863595126764,7,1.9200399869379288,0,9,1
396,5.0340008797093665,23.844948032648116,1,2,2.012460107605051,13,4.442193063411166,1,20,1
397,11.074701138374357,3.497073193630329,21,21,9.657501744434066,3,3.1371260118326374,3,25,1
398,10.41394553301505,74.59748109265169,6,29,9.230867592600076,13,0.28511495487572314,2,5,1
399,2.730784305806096,85.99898700377089,15,6,8.313581269952058,22,0.4038950935317043,4,28,1
400,4.180953861814964,47.93707997875837,10,21,25.831966257649125,17,0.9277647194841748,3,21,1
401,11.072049719722164,30.725947349263006,23,1,17.82641194869041,22,3.938637212182481,3,1,1
402,6.723776844172715,99.59610290819477,18,24,23.116681023940757,5,1.5417581729911312,2,6,1
403,4.981132236577783,93.12922618846089,12,2,16.53193903558093,6,3.3444663198561564,0,26,1
404,3.850129071791016,85.43262989670698,28,25,1.285439906245892,4,0.8007102584482217,2,6,1
405,8.541072273624403,68.666772590939,7,10,22.904570160467102,17,3.516227119442337,1,4,1
406,12.900348364036624,48.21590533547758,17,28,21.13268104642615,10,0.019836878001748826,4,7,1
407,3.795106576164895,43.065965683855666,25,15,6.965987904067084,10,0.07348234279345556,0,23,1
408,10.432889218483794,30.961855811118046,4,5,11.641287007099603,2,2.9376588534016945,0,2,1
409,6.029963085649138,20.651033850125135,3,13,5.429689196340103,5,1.6894846591382424,0,4,1
410,3.2873540257490617,28.22203073711992,13,25,11.638688764796575,27,2.7625992032171465,2,15,1
411,4.323082880484078,95.03860762350025,22,0,14.939388129714805,16,4.045833435583005,0,25,1
412,13.521734319455812,69.44677415797818,3,12,13.71083396180621,16,0.7634001673701452,1,22,1
413,2.569402643454181,98.10550334374403,16,12,6.090522084583561,5,2.1337598138812597,4,6,1
414,14.853738676605293,49.30674983621489,28,20,0.9155195854738651,7,4.043941931185522,4,18,1
415,3.627612644007341,81.3079465722754,9,7,23.752290600653108,20,2.4321901175097134,3,16,1
416,3.1513211380031425,82.28373054091574,8,11,16.729803593738144,29,1.5971094121418017,4,19,1
417,7.656157252537881,57.27482196935366,15,2,25.36745568403523,17,4.310120475662734,4,23,1
418,6.2182056763235884,45.412548797636944,14,11,4.919853682657479,17,4.181803566818822,3,18,1
419,13.610361854898242,62.75917648544335,22,23,1.8104401348137356,21,4.966553047507095,4,16,1
420,7.93689597185639,17.805187695351833,26,10,14.676814395989226,25,2.0967514872842727,1,26,1
421,12.21685962272364,94.04058095534019,13,12,20.677358697383646,13,4.139513241364875,0,8,1
422,14.244666627989172,90.57502435027803,11,10,21.641057241964837,24,1.3649145250803019,0,23,1
423,11.147193721247863,78.12211961469572,2,8,17.17427305729263,12,3.077344220729347,3,25,1
424,3.873395326411213,70.84184979609147,26,14,11.795625585739431,16,4.869037304411968,1,22,1
425,13.394276345913221,36.1076509712183,1,6,27.326819300342333,3,0.27133416952036415,0,3,1
426,4.50449262999369,88.70142806731091,29,19,6.150950742461917,23,0.01560004945463822,4,8,1
427,12.382780826300015,90.81039547029242,15,25,0.8296950121504332,18,4.4563359080232425,2,13,1
428,11.226004826133908,85.2184401699326,18,15,16.75985136969642,14,4.036305263896099,4,20,1
429,13.042334022873513,54.24912645995998,2,19,27.150165007811868,26,1.1629510692958966,1,1,1
430,4.8503171840268475,74.80272583683477,8,13,20.976922553782906,13,3.912221556240612,4,14,1
431,1.9401517692374872,87.08834676689045,26,27,9.210236222353283,7,1.4355591878941247,3,11,1
432,4.7409086349298075,7.668357411876103,22,14,15.499493433370917,1,0.3640568082963358,0,5,1
433,10.679086495855215,17.992403518846533,4,11,2.59994578753048,23,3.9262232900361793,1,14,1
434,6.964863345882788,98.79495200105204,29,7,6.011384233823892,27,2.146143202933837,1,22,1
435,12.973029509330306,24.668121017266063,25,11,4.674824597131595,3,0.6325639078343076,3,17,1
436,12.034961598762637,73.58902298314568,15,0,10.181821126171766,8,3.411729452707884,2,4,0
437,5.2086974902646395,60.99496370749634,25,27,2.501242330603155,6,3.7276038633904425,4,21,1
438,11.532309753943506,11.439031274676347,26,28,20.78828726295209,18,2.7898662641262897,0,18,1
439,6.429728755872956,14.594658119033,4,16,28.677298600690037,0,0.8825731080499166,0,16,1
440,6.666200101402845,4.838245838582111,17,3,21.25808835316823,24,4.50766213955579,0,0,1
441,14.79748899646342,48.15194129537394,10,26,21.873524306888402,5,3.509655163099166,3,18,1
442,4.195656571371475,63.73487321417358,9,18,1.9980667137248642,14,0.23021516631370087,1,10,1
443,3.4930222110839098,79.35119387058673,12,27,24.59807158582079,27,1.8984881067167692,1,23,1
444,12.224684624214472,15.172586319567882,20,16,22.136256325354353,0,4.334357071241563,0,18,1
445,1.2364313789998946,60.87434637061144,8,29,17.96243489832992,8,0.45639892357765,1,16,1
446,11.264527866933179,45.92250197165788,26,0,11.58183008740456,11,1.4832608585778984,0,11,1
447,6.2895028580079675,70.37691830318848,11,25,11.73468979251272,7,4.711858173292717,2,21,1
448,10.629602217446271,53.08627081334265,8,24,17.404712903939313,20,4.712651731032716,2,13,1
449,7.26690445945217,27.68605247934174,28,11,29.3215561563133,1,2.6751482779130553,0,22,1
450,11.344593255060573,72.91505610551262,3,17,4.201232349827022,14,1.4053741365852357,3,7,1
451,1.8730168475611952,36.385705854824856,17,4,12.368562369482598,13,3.290942943175954,2,19,1
452,9.878157644327894,88.8370189430068,18,18,8.009898164566005,1,4.305006803718424,0,17,1
453,11.017549074112175,36.478237235050614,9,4,12.144816574997359,9,1.2709962865845976,1,11,1
454,1.7835786542618237,62.60731412496368,21,12,13.24175577297038,10,3.3313187342956403,2,0,1
455,4.480602043440205,6.879975753141709,17,18,28.64405420286122,14,0.9097782026306028,4,20,1
456,9.359414783353657,65.39356845392564,3,16,17.230745394945156,22,0.34000787755437967,1,12,1
457,13.427664564323065,13.017517223231733,2,12,12.07880894252243,19,2.5835564495780234,0,4,1
458,5.972983873718844,73.32060771143595,20,2,2.706935609764145,1,4.8776318491525,1,1,1
459,6.741737778431434,39.68182061939976,1,12,11.237322885440882,12,4.600086966695071,0,24,1
460,6.262628614396651,89.35573550594212,5,8,17.170341256687855,8,0.9894999902399709,4,25,1
461,13.78107573559436,49.51627115269508,18,25,27.44575882161603,0,1.7950991142740387,3,2,1
462,10.530255284030869,93.96236882194219,7,27,19.239674533602646,3,4.878842931483946,2,17,0
463,4.9814553005324065,7.213621152722527,2,25,22.21651663294039,23,0.14008270695442804,0,28,1
464,9.85930246599529,45.07591390977287,17,23,22.466080061801037,5,3.060097203438763,4,23,1
465,10.081109173078259,42.61272503630088,25,25,8.15699818126929,12,2.1335262447149734,2,28,1
466,9.723808014989121,41.651858919557796,27,13,18.583038990757863,1,2.10732903366043,3,28,1
467,4.031482352167054,14.342239178540005,23,3,26.57741718570402,1,2.879732452355033,2,14,1
468,6.630411262095529,12.359167942812753,18,11,11.323363755119358,15,1.6055172466863488,2,3,1
469,3.139932027949463,87.46401954029616,6,17,4.149259619976313,29,3.0375220303811465,4,29,1
470,14.927742314354779,96.56610044479649,1,4,17.490768679447548,3,3.2412274312903646,4,23,0
471,3.828538548255967,25.37075786004185,27,23,4.625749130138908,28,2.806491013907136,4,5,1
472,6.733835904518372,34.10646197194621,4,15,6.086246751741772,4,0.5557335916286049,1,25,1
473,7.366090505786831,15.436618122444589,25,28,20.059060030551155,19,3.1563640078898283,1,15,1
474,8.287773182553618,37.33078715942629,17,11,16.441564060885135,19,1.113163622279481,2,6,1
475,13.560622030769883,22.92316260155094,16,4,8.018610779405561,20,3.4754582563557763,0,8,1
476,8.861155949551154,55.01001676521034,4,27,18.158711641067622,16,3.1436717261861187,3,7,1
477,7.38185948299617,88.60959804539566,25,11,20.3487055621688,15,0.19719535010005562,1,13,1
478,8.481934519335622,12.395976822960897,8,5,19.98852280313556,22,2.698723938749772,0,15,1
479,9.7849106570436,37.77691844017982,18,8,5.493944980442478,5,4.47538683713807,3,27,1
480,5.160026330458596,78.61888013601283,23,25,23.363799098120285,15,4.538174540102279,3,12,1
481,9.138177660687077,25.58155094834671,29,6,6.183838013346717,24,1.6464326086117753,4,27,1
482,10.571621028785676,71.0827016037037,15,5,7.8010370423502975,8,3.3806257934142576,4,0,0
483,2.728999987503739,75.98468598020361,24,24,1.5900216690065105,12,4.690699306336982,3,18,1
484,7.398580681425338,69.56568768832858,20,22,18.314519336703423,20,4.16146941386404,3,27,1
485,3.9945315607576712,0.015892508788750703,2,6,27.988112168172123,20,1.6278126441708085,2,26,1
486,11.813467881216843,87.0376624177211,26,25,3.7934306930140016,4,1.548655700135324,3,10,0
487,7.692365308149221,33.781216856583775,21,16,6.0937142876368,24,3.0094287505287087,4,6,1
488,10.90103159338467,41.575271190598706,18,4,20.78604793348201,2,3.9632892406751403,1,18,1
489,11.403602777764736,81.95701901457116,7,12,14.307630124548579,13,4.258557718202022,2,25,1
490,11.559260367655384,46.39114979797206,12,15,25.912151621647574,5,1.762661127257732,3,28,1
491,7.6699525781558275,55.0860894729845,20,10,23.324413806332405,25,2.149670590920578,2,7,1
492,2.4880887392835067,59.43540284543675,10,14,1.197527073092346,2,4.316870873830428,1,19,1
493,4.420914449309551,65.63398830457912,8,3,24.490465470562086,26,4.399888587443634,3,15,1
494,8.124911950856916,84.38727945600209,6,12,2.6284120302346183,13,0.16358752982973568,1,7,1
495,9.67103310303231,17.509438709952807,19,17,20.932957891437283,2,1.0628009618858942,1,3,1
496,2.784060301171162,20.65610717003209,12,16,11.443147692135906,4,2.2824592553848664,3,8,1
497,2.0805496153090974,36.49406413338285,20,23,16.120553555763525,3,4.162089448829732,2,27,1
498,11.507440293855932,17.73533592290444,27,7,19.69902036838049,4,2.3947227295894944,1,2,1
499,3.9157544796477604,98.28620017819522,25,15,7.3368669164925935,0,2.535869853529448,0,8,1
500,8.792959607289323,3.130111964777227,29,7,11.409025525180752,18,2.263153686105654,4,1,1
501,10.54341514261226,64.98093390682997,8,15,5.488796741685232,14,1.615171635482799,1,22,1
502,10.191771382595967,96.07967503836417,12,26,10.931589692541841,17,0.388996138372556,1,24,1
503,9.56966866384843,22.859883899530665,29,13,13.781564479738377,14,3.3845891060229865,1,15,1
504,8.42510775460342,30.48593951647456,2,3,13.015949395246619,24,2.6559533043501222,4,5,1
505,4.583131059141194,6.880921381864768,14,28,6.269287008318654,16,2.0687986604650033,4,25,1
506,11.85094562127753,40.004025918304464,7,10,13.749856272487445,13,2.9790653377127536,2,11,1
507,10.136682533707024,45.810931742118875,14,1,12.638095826500392,23,1.6347995923950942,0,2,1
508,14.240793489882721,86.85866474203647,5,8,19.898942659322543,9,1.1305602436599882,4,6,0
509,13.780108242619107,77.380321659111,28,9,28.829389543947805,20,4.37215247418603,0,5,1
510,13.128885283944433,66.34529265947118,25,22,6.7250096283840355,8,1.8895170064946343,3,11,0
511,12.02725847594775,81.90630565421306,7,15,11.718447742046735,25,4.296222398560693,1,2,1
512,6.755185145723995,24.2714469798321,1,14,24.413318783131427,13,0.971842792330655,2,1,1
513,5.668153054249454,81.48925228349799,7,24,23.271048057621265,29,4.49459418610816,2,0,1
514,5.531987462194701,57.76506001909628,21,25,8.092094026458307,28,0.664240461333645,3,5,1
515,10.979711943332903,82.44890147464082,16,21,0.9698414732577465,22,0.8386111992332923,1,24,1
516,4.104930162811994,82.4728575224594,10,28,24.258172990902693,15,4.568445740466688,2,16,1
517,14.847904232001069,97.09826632731436,2,10,25.644807379537806,4,0.5766851484049457,0,9,0
518,1.6798824151019978,24.84808347123343,1,8,13.071924341174148,27,1.7352947411590625,1,24,1
519,2.2872403657411646,20.578187711690845,17,28,6.729427564015914,13,2.9201731471813557,1,11,1
520,7.208870815710772,20.872367947679848,7,12,15.586115582385702,4,4.984215496718835,4,29,1
521,1.015926705165334,68.85212548233585,24,18,29.478759938006345,9,3.7167814160860386,0,15,1
522,8.11128115412532,21.18964356808123,17,3,15.713848276584763,25,1.690028460101769,0,15,1
523,2.560154406050188,64.34099069905011,18,10,9.112196653254752,19,2.49879657549395,4,22,1
524,14.106650859701656,20.87369029310594,29,28,2.336101908145898,9,0.5457268378759955,2,13,1
525,11.710434738056199,28.091526295742653,6,0,20.748894157668314,29,4.859192729023522,3,6,1
526,14.60405352493888,69.81614695691178,24,9,24.977032438760375,20,4.886708360061853,1,1,1
527,1.6936475058114089,12.107003170556174,25,8,5.058810670826697,3,1.7326397737499566,0,3,1
528,10.573058275683815,30.30831475440492,4,23,17.44658772867626,15,2.0714952871034886,3,19,1
529,4.205042408193702,34.902237682160255,22,22,4.036518585518939,23,4.073425122874902,2,23,1
530,6.357846410513623,30.652663992586447,23,20,26.50527174674865,0,2.089953982660691,3,14,1
531,6.387681061870111,39.459307456258976,16,24,11.95946831951105,12,2.01652010379584,4,19,1
532,14.570929649893522,29.969658886446858,16,1,26.01051935545212,2,0.5837725032237701,1,28,1
533,5.061473706020072,87.29439435477063,24,10,27.821992958327964,17,3.2323761660678008,4,0,1
534,6.131296741490437,15.516721241086795,23,0,12.813061409388858,14,4.48948916149493,1,11,1
535,3.0818722237287366,91.76163124749137,18,23,7.914435205926464,15,1.7158046563205809,1,1,1
536,7.223231285511839,22.161246985577232,0,25,27.253567629336466,15,1.2428584861063918,1,0,1
537,14.356137047098676,67.29139985052431,24,29,21.588805138829226,18,4.4169350015970075,3,1,1
538,5.199839933689309,3.7503774623920294,3,0,7.595326345914561,5,4.960744027734224,1,7,1
539,13.928060129024383,78.2158870689561,11,8,22.18540715494814,16,1.1516011872878846,1,5,1
540,9.14070019863788,12.599557297129538,25,8,0.989435928680038,4,1.2158391099577237,2,22,1
541,7.9477474665999495,71.49104073760147,7,7,23.282219649451076,19,1.9198118686501058,2,17,1
542,3.6896189966087616,72.73722471182758,1,11,3.2118192651437383,25,1.2992672320877696,0,28,1
543,14.980243462782823,70.64077595643957,17,11,11.434868963549029,12,2.9612351234998857,3,24,1
544,8.692623867835982,99.7026969351863,29,29,24.525534649839116,7,2.3705324345689482,2,26,1
545,2.2212732610508548,62.70031107018291,6,28,29.39937187034841,5,4.258130005305648,0,1,1
546,2.0257743985978713,17.18662913230331,26,19,0.4117956914665899,4,2.02159818317875,3,3,1
547,6.539330045611046,36.574819363798824,28,13,0.5264116856133616,26,4.329925967549712,0,14,1
548,5.01644625342658,2.3631119905081377,16,28,28.52496103720202,11,4.435813521679982,2,6,1
549,9.139717460306672,29.111843786898937,24,2,15.854964614522935,1,3.8382660570118263,4,8,1
550,1.7162712176244619,27.37978595321384,20,20,6.952967292017548,8,2.928443764465121,4,1,1
551,14.122242974391273,54.34864166236617,2,27,19.675357325777682,16,3.5035990019270358,0,10,1
552,5.394036387488386,65.59774273355235,15,16,14.320139616845253,27,1.645230619139853,1,13,1
553,5.2396190696878175,66.6539841303293,13,3,5.524763670894623,6,2.355114553490388,3,24,1
554,3.260894326918139,11.57704779649108,4,29,0.8435837357053266,6,0.9178661399060667,2,10,1
555,6.382416296208479,29.362123257442107,5,4,16.680504297684614,4,1.7728513318256627,0,11,1
556,13.606330267095457,15.861237886698365,19,25,3.467576327289313,29,1.652169884230782,0,18,1
557,9.085312555536138,64.73014063463094,13,0,26.20300098713587,20,3.595695384791846,0,1,1
558,8.840985956390483,38.887512632498186,29,2,6.946195823101045,5,3.83030875294782,4,17,1
559,5.128337603098154,76.16045176566058,8,22,2.0006129025343045,9,3.619742201695704,1,11,1
560,9.286983842890187,2.1705184823723966,9,10,5.175104585886034,12,2.8314305885735447,3,10,1
561,4.695555523335215,6.041477132264406,23,21,26.863945899072537,26,4.070155111284839,0,15,1
562,7.083745615497415,44.99744748527499,10,9,17.777325356317828,16,3.8495574692698993,4,22,1
563,10.40399773762697,39.3910596313699,11,16,28.265623921180254,24,4.126690759094418,4,5,1
564,14.224014824521383,63.21362110284024,0,14,5.911578426214418,15,0.9442939028822545,4,7,1
565,5.7232683111100515,59.81696653955676,1,4,7.973275948017264,4,4.357508100100046,2,16,1
566,5.570074211574001,48.39233548712383,11,9,17.87091949762683,2,4.686068908418334,1,26,1
567,12.78009402255658,54.29607206131527,24,2,5.673709100976778,12,0.938622816071612,4,28,1
568,6.026872726757933,26.690842011768535,17,8,2.3507903647135575,22,0.4278156830777369,0,24,1
569,4.780271538558105,53.03639715762702,29,24,18.681032891559056,25,0.9581911583717512,4,29,1
570,9.24490825151361,81.82170260759716,5,5,16.366039655205398,7,0.06172791809551326,2,18,1
571,7.25109552793218,1.845214183000321,19,18,13.288471180783606,16,3.911738127605211,3,10,1
572,9.374260278848467,59.70992249211662,10,13,25.79720728470263,4,2.926746692035872,3,6,1
573,1.4848533422423933,79.90892551494662,29,24,8.419190438002786,3,3.4692993594751584,0,7,1
574,2.2358445387160857,78.46228603637229,10,2,28.927289649573236,20,1.6624505599404338,0,27,1
575,12.819024530852651,31.800583582405707,10,11,26.540841301958416,6,0.5034099285291016,3,2,1
576,5.602533706366298,24.31287487412799,11,8,7.406553040046092,7,1.5202163654196492,1,11,1
577,10.375442890703821,75.59675403977897,11,22,15.25498998767304,7,3.5531998152293713,1,10,0
578,8.95883451682989,1.3030246605450269,7,13,11.390073919824307,29,2.5983309847478857,1,28,1
579,1.8156958074959908,90.5089710818762,14,22,27.253179312704383,15,1.4167767257672281,0,18,1
580,5.8385188719841565,71.4972615199503,9,20,28.36456860789708,9,4.119793323721544,1,9,1
581,1.0496951039160067,78.19335767495275,3,2,0.7784419402544462,15,0.005824290305933566,1,26,1
582,1.9853251108412528,72.95700933915276,15,25,11.688421088350264,18,1.338263108943754,1,27,1
583,4.391830316144645,98.98771616350159,23,8,20.706672444609737,29,1.9411399152015125,0,21,1
584,8.75850827059376,58.360690847899356,29,28,14.593946328539007,15,1.5418433553954536,1,6,1
585,7.883690318265114,7.197583760545223,6,24,19.720511610062324,12,3.836221659183881,1,5,1
586,7.664517087938918,11.576398174800516,10,14,28.90000437755785,1,2.724395256421249,0,26,1
587,2.2499585077769897,18.06462826692492,1,15,17.620361249954108,19,0.6402426297364822,1,9,1
588,7.800400441564715,77.09871172755136,10,23,9.239691894774335,12,4.425085619548477,2,25,1
589,10.573660642192573,88.05558960733106,25,12,18.757150200361707,20,1.642102842406774,0,13,1
590,1.7917709456854727,80.37341604694554,12,5,17.300946523526793,16,3.1968561040856134,4,21,1
591,3.2757559006348282,38.837140764797404,6,7,29.830383063990126,2,4.34740638797843,1,7,1
592,4.213407934148586,26.128287170713783,1,1,29.425303887117312,10,0.8409254856426512,4,19,1
593,5.061180653205627,16.114660234656732,8,17,22.753021297690374,16,1.7160543726194155,0,6,1
594,7.118594067325924,7.876755911963462,20,19,3.4869816827158595,20,0.08739540902781617,0,20,1
595,3.124741225896329,43.448232943026774,3,1,26.473679451395782,26,3.6407664010755654,3,17,1
596,2.035052836840401,47.761293221520894,10,29,14.32634153374377,27,1.4070111619359982,3,3,1
597,3.049840419103626,31.992035983254464,16,14,22.85364801524078,6,2.545043538391862,4,0,1
598,13.507817823726029,98.02081414219093,16,15,27.48275493080262,6,4.894029504017138,2,6,0
599,4.305121618418968,62.16501095221516,13,20,26.22735427654879,6,1.0929105630546998,1,22,1
600,10.49335408705078,48.003330422003174,25,15,13.767303893329947,2,2.4702281928152345,3,15,1
601,6.089878450528185,32.930958080908056,7,13,14.539319734735182,11,3.6979211631323716,2,4,1
602,2.506668943998662,43.855528229270035,10,23,6.954745684091481,6,2.7334709969823754,2,20,1
603,6.6768745101635725,86.94911459536301,2,18,26.007361304332733,20,3.0882114343897857,4,1,1
604,3.598035723003687,71.63662470477993,4,16,13.699537958346516,25,1.3283733411610543,3,0,1
605,2.580762357037753,44.88989943647557,25,21,18.517111030236844,3,4.511863986748939,4,15,1
606,8.608076170777437,87.51399242955456,4,3,1.3191063420674598,7,4.6778715725331175,3,26,1
607,1.4946346093931422,65.69534577242145,5,3,16.309955037238446,14,3.66605595202542,3,1,1
608,14.164879713676294,44.89023024210287,20,7,7.504399306425411,13,3.616485640895814,4,12,1
609,8.94933452230255,68.88222374792673,5,4,6.7459109937929185,10,0.06268064015003738,2,21,1
610,12.991027149144413,67.58695742506359,16,28,6.955720609199329,19,2.464081750411835,2,20,1
611,11.68612299585506,95.85996389622447,25,27,11.091349746721402,23,3.102824992194269,2,17,1
612,12.591508358932527,95.78116312229966,15,20,21.41429844201558,14,4.466510889033641,1,15,1
613,5.5874275358500824,57.92922441731563,14,12,6.0227661750689085,17,0.4931371495469694,3,22,1
614,6.781428959740694,28.63281252832669,14,5,10.00237655930533,3,3.7721297041769764,4,22,1
615,7.9989515331874115,25.7808833770247,27,21,26.189398251478075,3,4.283292498632703,2,27,1
616,8.060777541236629,27.16611596765851,29,21,6.407250879837395,11,3.889261449213277,4,29,1
617,7.147113112779179,34.186036751786006,13,21,5.051808766315792,7,0.41291975232833844,3,4,1
618,9.089712431663203,9.949933206665229,0,17,2.071011880801601,24,4.0298335344640295,1,18,1
619,4.399270688040448,26.261703340114973,4,4,21.168455095904918,23,0.13091238325973142,1,13,1
620,4.487246005009592,3.6766476135514203,29,5,25.47800375531572,28,4.1226289069707915,4,27,1
621,7.203244012587945,85.229213259531,14,16,0.6840325330145403,7,3.2017881621888957,4,21,1
622,10.162316510203212,37.9229496354856,2,3,23.478223527243387,19,0.290993223434009,3,28,1
623,8.81062388829502,40.97292119060507,26,21,17.959644838464197,23,4.901721274299631,1,13,1
624,8.268617661465592,6.702784943844753,0,15,9.797632285269591,3,3.8743853453064903,4,2,1
625,12.915134936857328,10.98984358536833,27,21,22.402024026891052,28,1.196947241954958,0,18,1
626,1.835928056541994,6.3851468147471895,9,25,21.10300833147178,4,3.9003705449658694,4,24,1
627,10.88651799653816,33.72110943521012,10,14,15.150593263346328,16,0.6443577104908149,2,7,1
628,7.0388089788013435,93.75149151370836,12,15,19.3268914840601,7,2.201494945793421,4,9,1
629,6.701315743600286,62.34100303189965,16,23,28.155325658942843,10,3.6774807689979245,1,5,1
630,10.451885410207947,27.27814585940297,6,17,13.855881148039726,11,2.921419337503621,4,28,1
631,6.043153863742511,27.16528066722247,4,24,5.282981655568784,12,4.814108762958945,0,5,1
632,12.564263162206746,56.673127804619796,23,4,8.75948241232328,17,2.442186410432032,1,20,1
633,8.26117810230377,50.97775371999561,3,18,4.706571926063487,2,1.0000201723862256,0,27,1
634,13.074318228904016,86.9827329500226,16,25,18.8675488318279,3,1.444002583425927,2,16,0
635,5.2574518678785696,89.28293082857694,28,14,29.827858341045694,11,4.0171664639984686,4,13,1
636,11.29003257130421,12.233169741743222,1,25,22.576159460176452,23,3.635325311749896,3,14,1
637,8.842149566196664,42.87667137021053,28,9,5.014683308009616,6,4.319195815685984,2,20,1
638,12.777345241370584,2.0132114929050426,11,17,9.217105200829861,18,4.927847973639819,4,8,1
639,6.120938459289338,84.52473069937137,19,10,28.153443377538668,14,2.007563112703971,0,29,1
640,5.24617515607622,50.8608585203736,21,28,20.309635503143973,27,0.12651493014203485,1,22,1
641,11.211053342081316,27.48713665499003,4,8,3.193305233528494,17,1.0619818185391567,1,28,1
642,8.9994081075608,71.27064834349619,5,8,16.47214048307096,9,4.438917435175257,4,1,1
643,8.128744276768867,33.378524404122246,3,14,2.445972419461717,13,0.9277028056174497,4,9,1
644,4.74567521502759,35.53123095487781,21,21,16.80015433776181,11,4.278877809096641,2,17,1
645,2.9617137584547413,76.6034257862269,26,22,22.11502811070099,2,1.3969742454688134,1,16,1
646,3.4921859327585074,54.834184881063265,21,5,5.297380437935933,19,1.5717662092744051,2,12,1
647,2.3541113327484653,42.437357686721896,20,14,14.787188000353238,22,0.5387276095745963,1,1,1
648,8.416936715570245,67.27032225756513,11,4,1.270928077577902,19,2.5918955870295655,1,18,1
649,7.537110646413021,2.63703972729038,18,16,7.041402332315291,5,3.6523462148119066,1,3,1
650,13.689779189687645,62.76048959793026,11,24,12.766820899242642,3,0.7164050010409095,2,5,0
651,6.35051678825928,81.24924497414523,27,8,1.0658864802943735,10,1.6399865633725912,0,19,1
652,4.679803183457638,97.56248339239424,19,7,25.07382007563989,3,2.8829127178967235,0,2,1
653,4.014919668954155,74.73577000746319,1,21,24.796564115578306,6,4.5014970031499875,0,3,1
654,11.198403941389056,21.414279689884076,15,16,17.769674241978265,28,1.8189818766943266,0,5,1
655,14.669344501759534,65.72924399928898,26,5,21.165240418900485,23,4.204276783389183,1,15,1
656,6.452484827931768,65.13935590820577,19,0,6.233715288056695,17,4.200674573550113,4,20,1
657,10.10133118103297,82.78763597492865,0,29,29.785854851823434,29,2.9789768398658194,4,27,1
658,12.131895185881353,94.12857999988277,16,24,17.682460652055457,6,3.0150657010375155,3,9,0
659,13.184309879432746,99.76722238822263,5,24,9.357014075637954,4,0.09787990938453728,2,0,0
660,3.797173534411769,44.958700817242494,18,18,29.961272016565914,7,2.8882172432204145,3,17,1
661,11.431618914545147,5.944508477335509,1,22,14.40332806226113,4,0.9200798268253046,4,2,1
662,13.651923628692042,88.09046906578115,26,2,14.550059934914653,27,2.4287083903619244,4,2,1
663,9.887885355691377,88.36453878904297,27,15,22.29103072752041,0,1.30848386039783,0,4,1
664,12.24705566180013,39.562256782891644,9,14,18.86614372540985,3,2.7676673652886437,4,5,1
665,6.979453423375334,7.770359496468204,5,14,8.469592058472827,27,4.841971483750427,2,29,1
666,2.227688730867987,88.15130898978384,4,16,26.355584231352275,26,3.7149588092322454,0,1,1
667,10.913477561604926,60.08395232430641,10,5,6.356482475319909,14,4.258280682270261,3,9,1
668,7.400868594191557,88.43311995312776,24,15,1.7967999810794222,10,2.427696510482924,2,6,1
669,5.948731145547296,94.35164579740277,22,19,10.564783542385843,8,0.9555626821268864,1,25,1
670,2.401961157447048,86.17162887598232,17,28,3.026863275966112,5,4.866311273969994,0,0,1
671,13.979627674426233,78.30435160708976,29,20,5.922049266196789,8,4.299894595323604,4,7,0
672,9.738721611281631,10.772979869600508,16,16,13.361430313914342,20,1.0423873964588193,3,23,1
673,8.355131847198752,22.200967238637904,25,14,29.607722555578235,24,0.10916257431535958,3,1,1
674,11.698443742562407,52.875718893317355,2,5,2.317335824363126,28,2.3833150572717803,3,16,1
675,13.418666604234398,10.616966674925221,3,13,10.99406888533753,24,3.85246345802864,3,25,1
676,4.887247530394134,29.626524246314922,4,2,17.098586047479646,23,1.5968379327295312,0,22,1
677,4.369597795524205,60.68992350547199,14,10,26.642019511291295,14,3.147527558852249,3,4,1
678,8.93276600538426,33.56895169700156,6,29,8.273720217871759,15,2.82506856208774,0,15,1
679,12.878356636096212,10.612093657992094,18,17,28.15768937298532,3,3.891811393161913,1,2,1
680,3.601839971849663,8.069116434119671,15,17,29.627637775857416,29,2.5893833739869616,0,3,1
681,9.144122487889792,35.65592079445571,9,7,9.20982877043247,23,2.8582808822462704,3,21,1
682,9.994396931780644,52.35829231812266,26,1,7.371329931431649,12,0.6655869044672375,1,21,1
683,2.286499293929519,28.880775017037365,8,2,20.393379770181404,26,2.60068504853191,0,15,1
684,8.789295752530641,55.94519903462092,8,10,14.715273992436087,24,4.79002712681601,2,9,1
685,2.314713204744452,25.298597164634774,13,28,27.816947851466864,2,1.641759130962649,3,28,1
686,4.085071994861671,98.95851054188542,8,29,0.08062612377163103,13,2.8980536115971685,1,7,1
687,14.720455967430244,67.5971786366321,28,20,23.30660531602749,3,4.814362074512929,4,11,0
688,4.049250896290287,72.9553496952148,29,10,20.044075934598812,21,4.687697021534552,1,26,1
689,9.761319942729145,7.550823886225322,3,7,7.809740666715765,22,3.6041779192328027,3,2,1
690,13.508725112433039,14.173657935895612,10,29,21.381880841059274,13,0.9327209721540475,0,2,1
691,11.977800760743671,98.79472089411544,13,8,22.49711338711602,9,2.699787976153397,3,12,0
692,14.817402581656024,20.92935253690217,18,9,15.47767210678226,14,2.2070556479125383,1,9,1
693,14.556553066139019,86.46533502067427,24,7,23.654798598773535,5,1.213457141108785,3,6,0
694,1.6338981531968473,75.82420642893543,19,3,4.53895119310964,19,3.8291723944752003,3,10,1
695,6.11034830557865,16.04648261365549,5,19,21.643047810712236,10,1.2951755767429773,1,12,1
696,9.689775232481995,97.75556545470108,3,27,21.193340584718918,29,2.5004512893632795,2,23,1
697,10.8119761453906,33.62699905818097,14,14,16.531094595850956,10,2.226733813854966,4,0,1
698,1.8050888118771213,63.095015672682585,9,6,5.623256649540803,17,2.9967302529223367,1,8,1
699,3.613603019001003,37.36036324464418,1,16,23.342281790744753,11,2.94940451342705,4,3,1
700,3.0821374408831264,88.47870015706113,26,20,0.81774835781944,6,3.8366048932346497,4,11,1
701,11.462318987595758,20.591518105311245,3,23,16.8172399177491,0,2.80123640596607,0,11,1
702,10.394480434720458,88.17582778220282,24,15,28.142457325696775,7,0.23149189513536228,0,26,0
703,8.096240665424453,7.193711670089808,18,16,22.483494930109803,17,4.932314550504323,0,14,1
704,2.770687320484946,73.53555165248933,20,19,10.227400870581025,23,2.6023039848243568,2,19,1
705,4.87944010755832,4.76957950080844,27,10,27.996655930175415,12,2.5667896864191113,1,28,1
706,7.227972588236376,55.45148853549542,4,20,26.84145316427541,9,1.5007324855606647,4,17,1
707,11.344582807917183,74.40661849890608,12,5,2.188220012053531,22,4.846264239047937,1,16,1
708,5.4633538074032835,16.33495548598656,11,9,18.241115893406096,23,2.392287104669388,2,26,1
709,2.0531109885308063,32.554463244699306,17,3,0.3169635337150267,27,2.1087635809381773,3,10,1
710,3.1862642734560636,20.426948921118427,17,2,9.337240837320401,14,2.5070014433337846,2,27,1
711,11.888866835690488,82.12995213198508,20,1,28.779078467038687,22,1.8341709473044325,1,3,1
712,2.972262925717726,69.88894186375465,1,11,12.66746247652694,26,4.915635119003209,3,1,1
713,9.731562929430954,79.74277393293536,22,26,12.424227230835015,29,1.249333646644104,1,9,1
714,7.004107565414986,53.470022291036656,15,3,12.54152266405256,25,2.3883063201287107,3,24,1
715,1.5368551753845392,16.009365261148957,6,4,7.969411785808976,17,1.016811618707797,3,19,1
716,11.441861950182455,61.620592448629615,8,19,10.750497430492912,28,2.7398820872925613,1,1,1
717,5.48601625452234,27.590958010573107,20,5,10.106660782208559,26,2.6134662057187823,2,21,1
718,9.374922867287106,27.652502635105446,15,7,29.087598219671303,17,2.4115672188401205,4,11,1
719,5.61062151059994,68.68222042993118,29,9,13.0543696295636,14,4.074267279398258,1,10,1
720,7.897779567461484,53.898886951439586,23,20,29.31208299192487,13,2.878769430461986,3,2,1
721,14.034315025323506,33.35038222610645,24,7,13.120957143969166,2,0.686307586304597,3,6,1
722,11.71832919760087,60.26804819248438,8,9,13.699316550845527,25,3.8356512921707466,1,8,1
723,11.43943444436318,80.22953850898905,24,6,25.110119085088687,23,1.3827203803372994,2,12,1
724,5.383725015767013,74.64431467163017,7,19,22.2127847098301,5,3.547155568672543,4,18,1
725,1.2672156777379946,8.660837298598933,4,13,17.34980090849865,23,2.725446119722948,1,23,1
726,12.840731869353773,28.297699550946053,25,3,23.286622659524983,21,2.796305699160866,1,18,1
727,9.896948103034832,38.129000573498715,19,25,28.38525024654251,12,1.467645735846474,3,26,1
728,5.368369772988082,95.36786753470894,8,10,1.397288183513159,22,3.616978355811695,2,0,1
729,3.5539402290124453,96.7963241922764,17,1,9.690435950605147,20,4.303713354192972,0,17,1
730,8.009534245176958,90.18287978411603,29,5,28.289830201394,23,1.0454077297188906,0,4,1
731,3.7896873359401093,76.40480124438227,25,25,26.308793259066814,12,1.342678521766389,4,19,1
732,3.4131558942189235,8.00775270094416,16,26,0.28513989640061577,24,1.030306834235818,4,21,1
733,5.746476077869751,70.12452071129727,19,21,12.36364402450066,13,0.049328939670161276,1,26,1
734,7.189163803322118,16.5467414992727,10,15,27.04219958336856,23,1.9063593227177593,2,3,1
735,9.49618071692181,56.27770354353942,13,22,10.3943093279861,3,2.6889895453619514,0,27,1
736,1.9770428573456909,57.443228081051465,11,26,17.407706348811903,9,1.3339002464065397,4,10,1
737,5.471682616026825,79.06948522390589,17,15,28.88329228581905,12,1.4686821148904698,2,8,1
738,12.854275307719405,73.9428981882797,2,23,25.20360577856654,28,4.874561684562263,1,4,1
739,7.647840796011966,0.30644763160966315,9,19,14.1035902454248,23,4.191122764638237,0,4,1
740,11.660664893045713,1.6296614272570453,29,15,0.3718334612561536,27,1.655867105706188,4,0,1
741,10.514128423730929,9.361294745221493,18,1,18.68006063787117,9,0.3288418521098996,4,1,1
742,7.4635414489622836,63.436452913510585,22,13,6.1247792394385066,4,0.09043350639280245,4,28,1
743,13.6937084451829,67.57320076129382,16,20,26.26638167752119,27,4.281440726514451,4,22,1
744,9.456322090756132,86.40523148530337,1,13,15.9378230331464,4,1.4251566074192663,2,4,1
745,1.074415136945132,99.4748185868722,21,15,28.355061296181958,26,2.138388162011956,2,25,1
746,14.05673906656007,8.61411635940792,4,24,15.987427239042093,9,1.9841635435723108,2,24,1
747,13.872693886730485,66.85179453731428,29,13,15.896562551076697,27,0.7311980197946066,1,17,1
748,7.294266389519207,76.63030556460613,26,19,1.6767793408337728,29,2.496317000727773,0,15,1
749,14.637212388972532,67.99731178819007,3,0,26.690789501870093,10,0.4034463957227835,0,19,0
750,4.730226514554392,31.984200325983757,20,19,5.24342252316646,3,0.7189609061752117,1,8,1
751,6.069728834428228,90.8409968019404,10,6,10.86920406159056,16,0.7877830133277963,2,16,1
752,2.5617352685063715,11.152777720556607,4,11,29.160162194047476,24,2.9379911968490537,3,28,1
753,10.510395707122889,7.854386976644479,3,5,16.220374314734833,6,3.878626406957706,2,1,1
754,13.929640408630995,26.425386270764772,4,27,29.80824627821332,4,0.8044134650469664,1,1,1
755,6.769556900101623,36.079358164633945,1,7,15.030082715537743,5,4.154543875053059,0,21,1
756,1.2678022820789685,29.32621795832,22,14,5.327059893014897,19,0.7603711864953394,4,23,1
757,3.420317105327574,44.999107691004525,22,2,3.6654885729325937,23,2.054718942225002,4,18,1
758,11.585527285125407,55.84055543509962,19,9,4.825074528731101,8,0.9514358323388505,3,25,0
759,9.340912215214363,93.29550108914387,18,25,29.12074492379259,20,3.5700774964998567,4,17,1
760,5.280312999619624,33.81736100800661,8,24,13.958704922018482,12,1.5976489443521364,2,22,1
761,4.693448645160253,35.580668117885125,5,2,16.609396866559653,27,0.4884849980327305,4,18,1
762,12.739833140436337,20.056990161201604,6,19,21.09315620959033,23,2.794450960664861,4,11,1
763,14.183477820457323,34.25302445764744,15,7,13.776538614569127,11,1.1553429272745226,0,2,1
764,11.874573466636036,48.66023449986938,18,14,17.45750978216398,15,0.37828726836907023,4,0,1
765,11.420407941712373,36.970663750249,14,11,10.368161631445885,13,0.38738198921507205,3,4,1
766,14.894051769766277,9.39382083300353,21,23,11.577642737971543,26,2.765406018832308,0,16,1
767,10.333438261361447,91.75706892236373,2,27,11.324787496806847,3,4.174729690741978,2,8,0
768,13.775412286574634,0.01236372226146587,25,23,13.459959247229405,16,4.6750672624111225,4,12,1
769,13.35222113852676,70.18048324118743,4,12,7.895339360503285,23,1.06215867263411,1,8,1
770,2.1302106742859594,7.208529087459548,28,7,11.913405985330032,16,2.1535915603844744,4,8,1
771,6.602419382225258,20.21387586984743,20,12,17.691811230596322,12,0.6508972885594655,2,18,1
772,9.933521732002099,31.787439797709826,18,17,19.248014397552133,26,1.5148480259409243,1,21,1
773,1.458385801535297,11.114877850095429,14,21,9.598251033097572,28,2.9775168029564245,2,8,1
774,8.117715583302207,43.33758176282008,29,8,11.63389231157954,15,0.22698001496203157,2,16,1
775,4.433533378739952,28.194111316075155,1,29,5.350017562481533,12,0.14378377127498065,1,29,1
776,14.229176394773242,5.0370444840332596,1,23,7.605153664175376,22,4.753942139541704,1,18,1
777,7.860295099323704,76.86754246922007,26,19,11.820615227448254,0,0.9062009725834014,2,18,1
778,10.351563376493099,72.0151072207566,20,17,26.144191486866497,16,3.98703032636262,4,14,1
779,11.656092983151238,58.03585374367724,19,12,16.202778963355417,1,3.4442844824434156,2,12,0
780,7.741969014931299,24.169700679628857,5,23,7.41193454981352,12,2.6532058212645953,4,16,1
781,11.101081340809575,38.961163905908705,2,9,15.457057333778172,20,2.6596256564298897,4,4,1
782,5.812604653839193,21.77480364601674,14,29,7.873168378287455,29,1.7185320452702946,4,11,1
783,14.17982756782605,92.8664980366642,1,8,2.702393597596741,25,4.655634875011148,4,3,1
784,14.866103056057268,22.68713246615568,9,0,21.52462309246848,3,4.2593590368295695,2,19,1
785,14.907064323017234,55.64212756153395,6,21,9.528266595634046,1,3.161602785948805,2,19,0
786,1.3391951645455336,45.90316693784175,19,10,18.233764794461315,8,1.5883899363551772,2,13,1
787,2.5729662923249794,84.79798717288631,14,10,25.178407832626025,0,2.9825090055137298,3,14,1
788,1.6693813028289504,69.87337853663568,14,26,18.521166875561853,6,2.1317886986458316,3,7,1
789,4.199853333814308,38.368383933152614,20,24,11.89501720363494,14,1.4387216189417906,2,5,1
790,8.180026627395472,51.13540782207664,23,2,12.395903665632984,14,3.4233439875622445,1,4,1
791,6.484462095845696,94.99408735323516,11,10,15.966424206578921,0,2.524954721061454,1,13,1
792,3.5569542344404557,32.939420584457125,20,0,13.757965494590634,26,4.806558657314733,0,24,1
793,5.186917761726487,6.524728714091454,22,21,27.0613771728121,19,3.9501032028204275,0,9,1
794,9.180362341441986,18.018932218784112,17,10,11.602335570296304,23,3.8146746757028276,0,20,1
795,11.974686835118895,3.5914469181595576,29,14,13.657514838786224,26,4.965934179941195,4,25,1
796,12.894300629813452,90.88401449381888,29,10,9.92502815256318,7,3.568623773298634,4,22,0
797,2.927847234106858,47.60012525819355,28,28,23.096608750217403,21,0.0703179938995524,1,29,1
798,4.716346887154764,11.840438046203372,0,9,9.55180621150076,13,0.22267687483513265,3,17,1
799,7.745151551481881,64.95820825937841,8,9,11.961208349172859,5,3.4139029879542395,0,5,1
800,8.028902952362863,78.954370699533,13,2,15.621184944049972,2,0.620144437528371,3,23,1
801,2.9552920404932523,16.66326052215492,10,6,5.6891260461493145,15,0.46582613715719035,0,18,1
802,5.446641536719233,66.94066429560462,18,1,27.201975380554643,11,1.64933891101585,3,8,1
803,6.049965721278043,68.7119412413806,17,2,5.097972898209746,7,1.0775492985002033,3,26,1
804,13.125243326805137,71.28568217421774,16,28,22.304014086531897,25,1.1629882410128056,3,5,1
805,11.358162625950072,34.60343709610336,25,23,0.5800581365394586,25,3.4387698594721967,4,7,1
806,13.337153501330597,24.78059797238116,29,8,0.34543324411139165,8,1.0564027967112344,0,11,1
807,7.530403042868507,56.71330547877067,20,10,11.970679438572665,12,0.1461092496586952,4,16,1
808,2.3988107316401566,4.624433476889167,4,29,29.212075447754362,29,0.7421430402121088,3,11,1
809,1.3360723301212099,32.895665149764675,26,24,12.788471183071087,26,3.6508451276193377,1,11,1
810,3.707609750948921,84.8588191439065,23,19,8.309554269700122,16,3.171659504039569,4,24,1
811,14.867624728486321,55.46260327066456,5,29,27.27678689655051,5,1.216665017708976,2,18,0
812,7.999103095388656,69.114690060057,15,1,10.380351704671096,27,4.149429328610615,3,29,1
813,13.201849641880184,99.14201596223647,5,6,13.74146149284126,17,1.8088441623412548,3,12,1
814,11.78538412193857,68.54780007661823,19,0,20.081144992639924,28,4.689704230537907,2,11,1
815,5.564959941911739,84.72139750419203,13,13,23.23306568563843,9,3.4807987188164558,1,19,1
816,7.148709118658439,6.548055577691592,0,22,6.020522862792879,29,1.1635467254649052,4,7,1
817,6.552656679382437,4.280366981865558,7,9,24.182397877101778,18,3.1550726626417798,0,16,1
818,3.373190312960031,91.39537133044163,18,20,15.216522177258545,23,0.3627606812665546,0,28,1
819,5.338663079995436,25.48167219553621,6,0,2.9274638719854904,27,2.113073375154701,1,17,1
820,8.020623664519853,30.65794478478746,22,10,12.23526374428917,8,0.8942584567951894,0,9,1
821,13.68250315770608,53.59284091949581,26,1,3.3034198893846547,7,4.353056316942308,1,26,0
822,11.194280779175292,65.8527316678214,12,17,14.4017874741968,24,3.593969703347477,0,0,1
823,9.939188349966141,65.38953315562757,13,9,23.928745324446105,7,4.51493124007949,2,2,1
824,7.725363287393561,98.05922778034238,7,20,27.787247163192575,18,2.9795499327014263,2,25,1
825,12.903509755581576,11.636640673260178,29,14,4.98201770206251,26,2.320407490479593,4,15,1
826,4.309592542766767,98.98210964718032,26,11,21.679722562963114,16,3.1188667005748223,0,14,1
827,1.8315220499716676,64.33614344384733,0,15,10.383101414039043,9,2.9051001594506505,4,7,1
828,10.592183594160776,4.4185425660171145,3,20,16.61422960424413,2,2.9350364697862967,2,15,1
829,2.263469358334747,18.16089474223338,29,19,21.907342244249637,4,2.0879207741732353,2,14,1
830,9.017635709547262,99.68840188867112,18,28,18.337510631386483,28,2.17968097389572,3,16,1
831,14.514033265255863,58.200815911079616,11,29,18.263465173108116,6,0.5235206539016773,1,4,0
832,11.127751461778427,72.49934546265126,14,16,18.52269793193867,12,4.413222418298304,3,28,1
833,11.421039236761953,29.891905196550017,29,17,18.051147596277602,3,0.3905373766740561,1,3,1
834,13.747922237272638,18.471744798224776,13,19,28.446645448475763,17,1.6469501249631628,3,28,1
835,8.944943332189087,25.299141252937083,28,7,20.195703064703736,23,3.5923317983676846,1,23,1
836,13.714482111060256,95.5464584634306,16,21,18.13411297430547,19,0.9841809736712964,0,8,1
837,1.1250773750223462,35.945830149942815,0,8,17.624000130595977,14,0.016365371918670157,1,1,1
838,14.463174840422255,9.427331107036341,13,28,22.144563566620416,20,0.26400045837420894,1,10,1
839,2.2196092963998137,15.972755112619963,18,11,5.315182368628336,8,3.9663248893802945,3,28,1
840,6.066300489099193,24.714325863688547,25,24,21.237579744330503,19,3.3751124161437107,2,18,1
841,5.707533030209398,51.020839084015634,9,28,6.541749340684878,12,3.2048747987194313,4,25,1
842,6.229132028611565,59.625001964168135,4,10,29.666048902877442,28,3.5792369728355258,0,7,1
843,2.6887251645641497,72.40516986321705,25,27,17.074235902701712,29,3.35120707999432,4,8,1
844,12.500239137940888,9.494545137645893,24,15,12.339123174408943,8,2.22396578919521,1,4,1
845,9.762320377819558,60.08931025682747,19,22,13.979367698680939,4,1.5166816304764918,1,24,1
846,11.588142626936218,3.4055212065571494,3,15,29.767678821883255,28,3.3584310025257835,4,24,1
847,6.8043856505838365,58.95323471815765,29,9,3.0631586906318975,1,0.8867523258482063,3,13,1
848,7.4143973849849925,61.45244181626454,25,11,24.130100750044676,28,4.7420629767311135,1,5,1
849,4.914292526518427,62.32920189797599,12,10,27.528845158154297,2,2.0542144387266776,0,7,1
850,7.14670677761491,66.87323202084069,28,25,15.16196394283867,17,2.062356871063412,3,3,1
851,11.992632739113184,37.47187132704958,18,4,21.32561354738344,2,0.2622447128686106,0,6,1
852,7.796767727234105,23.64166326293905,8,7,23.00152275501802,13,0.2187395943070991,0,2,1
853,6.464359095806548,21.344739513744425,25,9,29.98731876883125,16,0.7170426796922813,0,1,1
854,7.150642684077773,74.91681299723734,22,17,14.227058112678199,14,3.1355821110063804,1,28,1
855,12.743378508747622,36.1635170781871,28,27,4.778716791250051,7,0.8760023964646768,0,22,1
856,4.884300003166277,21.49117909025985,9,18,27.639171027385242,12,2.1506832612101494,3,3,1
857,4.511084091778556,24.01319955977973,26,6,12.061038194737167,8,2.5997113394886844,1,10,1
858,11.742047512060033,38.460778074699284,1,22,6.585487423812706,6,1.5882965454953109,1,5,1
859,3.302204384776793,50.92321548956543,9,0,23.464366692361562,29,0.30181304704075596,0,9,1
860,13.137733910371352,2.4214417138718636,15,0,5.297714218316085,24,2.2344804086085523,0,28,1
861,4.552589943818219,42.79473727023452,29,18,6.795342986204389,19,3.824684233212137,1,15,1
862,10.547443289530024,98.32873323847272,6,10,16.522987024953302,3,4.926262487092833,4,16,0
863,4.5578766856684565,72.3390366520151,25,24,26.540550231988984,11,1.6091336130549683,2,27,1
864,10.630596585462122,99.25651743194848,26,2,5.028256542148144,9,4.369238935136299,4,8,0
865,6.184890642234052,29.118074472557343,19,22,2.392699491666482,15,0.5757871399315007,1,28,1
866,6.8518510745796295,10.926471005883187,18,4,22.102550856561056,3,1.5989212386875473,3,22,1
867,6.186569385452325,56.56710899141434,11,23,11.376906590890716,24,4.577395598169253,0,20,1
868,3.8451921135878555,99.93032412974046,8,9,13.21030420450937,22,1.324656366382686,3,6,1
869,9.399739993827774,3.2309025063696706,14,17,1.2013957237553352,16,1.0341857844645959,3,15,1
870,11.641870709968368,23.857327513071347,3,29,13.26434075763527,24,1.529158577053763,0,27,1
871,4.786777230224244,84.44115924238346,11,21,2.810149116616232,2,0.9134650131037708,4,4,1
872,2.6546523082729547,89.32640950715069,12,12,4.481810821283108,19,0.6104497666071945,2,29,1
873,9.818979392687698,55.259059430676935,11,7,10.631361699523973,22,3.588850317486792,1,25,1
874,1.0199590026869536,56.08941031071709,18,2,13.228026535531724,12,2.794020430314294,0,6,1
875,14.750961571442165,16.706201617305606,14,25,1.3537879258314511,21,2.442056235962097,0,7,1
876,7.937018104860501,61.36065654835014,19,11,13.341539694979483,19,0.47681625730339183,4,7,1
877,13.579432846697904,78.59710474148044,9,8,20.337756556110726,27,2.2950033830599628,4,10,1
878,7.050847369433796,50.162357909471744,1,18,10.42043735458399,5,2.6469309087852726,2,22,1
879,6.101023931534783,37.25462497077253,17,29,20.151537467982454,9,0.0867827235395302,4,29,1
880,6.861509901982696,46.874956642491995,17,25,8.756242984905212,21,1.5376650525157172,0,9,1
881,3.003498248507663,2.9096798679338676,20,19,19.221173771227274,15,2.2701850481140635,2,15,1
882,4.143126778448526,19.551750875805595,3,25,27.65000239139079,5,1.010454527961584,3,14,1
883,13.086573268960231,18.220489500237203,3,17,13.901555991348099,14,4.210839224565779,0,17,1
884,5.780116379434406,61.25490993197245,12,21,29.04509178053935,6,3.034938563299719,3,3,1
885,13.0072527867022,88.69760834726496,19,21,6.983613273952997,27,0.3102795307199391,0,12,1
886,13.150561057462266,8.863871777504462,14,3,21.142938645851434,19,2.5191776753544097,1,24,1
887,7.237778177321076,51.54173244091681,20,23,2.0362877713084018,15,3.278186332569348,1,18,1
888,2.804323314527476,33.656873762086484,22,4,8.169095902313398,10,4.034414391028745,0,20,1
889,7.852540483255677,10.18190612026596,26,29,4.119485575757599,20,3.485836331895368,2,15,1
890,1.0104335338777324,5.04026326302408,17,7,15.862404724439987,17,2.081555124915715,0,27,1
891,14.099813139717028,34.71264134021974,23,12,4.874936648837879,23,4.433342069363316,4,20,1
892,5.805941390766369,36.53955755452384,23,5,27.207799618140513,13,3.758218039653575,2,14,1
893,3.6836771904903873,54.67395618261506,3,10,11.011094578115129,25,0.40153565361972454,3,20,1
894,1.3959449884620796,91.79085657246587,5,20,16.383174037142794,16,3.3704215566748803,0,5,1
895,12.482350569681333,52.15608215814635,2,1,17.946692378623215,22,2.968644159593892,0,12,1
896,7.24280265405271,22.155968021096818,28,9,10.364833186219641,10,3.3188336642031793,2,3,1
897,6.255461932090006,97.33036439394351,15,0,4.533680964661473,28,0.3385358994235621,2,13,1
898,13.226758412507376,36.885949187299204,18,16,15.31227582509985,25,4.879369289911014,4,8,1
899,12.748241622717497,42.549536996268465,10,25,23.8235713480861,3,3.3394502644505506,0,14,1
900,1.129974706555664,9.11646985252994,3,8,8.322141569531007,12,2.608257247495496,4,26,1
901,4.501821153524963,92.68274840962943,20,8,9.817807739121564,21,2.8193066495762698,2,7,1
902,8.16553728484654,26.067599963538836,26,19,10.60699602829324,22,3.601473967040972,2,6,1
903,2.902055697354683,50.58373722753168,1,10,14.846045488573864,18,3.256481573630592,3,11,1
904,6.901641059187311,1.7065748200204789,19,12,14.494871484043282,7,3.3196355284973986,4,25,1
905,11.380225437984247,3.8564857425466004,15,5,17.605691857453035,15,0.26370333697751547,2,18,1
906,13.518145872508114,4.627863253383069,19,23,29.85996608477129,26,3.941177582830244,1,4,1
907,14.586947509692745,58.325037311725545,6,26,15.57566177535013,3,3.2163880290190123,3,20,0
908,5.867319532610614,88.47885594943334,19,20,10.564393743509493,0,0.7078795802290211,1,4,1
909,7.306180492747915,18.461523061538255,14,27,7.021323019416434,19,2.3070968248140558,4,1,1
910,7.643793567047362,56.75003352143361,0,22,2.0283164649708816,0,4.139047181547419,4,25,1
911,11.578983115730612,83.79125293805764,0,0,3.8391439277315396,0,3.4279328139383454,0,21,0
912,8.823623218675472,22.47865241143855,18,10,26.094838774231608,28,1.9950423599938893,2,24,1
913,6.994924987011556,11.278282836567676,11,9,3.0037379381004348,13,2.7520637392629514,2,15,1
914,10.396458754579161,2.6319939695858885,16,17,7.36267445154707,24,0.27188461049776014,2,21,1
915,6.643949631509958,57.056888686086104,24,23,28.10549619980053,0,2.88890305316122,1,27,1
916,11.968831529733448,21.31629457194587,9,21,21.636233974233292,21,3.2585827086451626,4,17,1
917,14.03865332193874,53.71759065629937,9,29,26.831617680369565,29,2.905673874538026,3,0,1
918,2.784541038503642,54.399462240049616,8,22,20.128813489543493,7,0.08806690215601432,4,9,1
919,10.16078491765302,81.34020414828808,23,26,5.4801579893456225,4,1.7069820343179332,0,12,0
920,4.828433206360984,90.91431121828043,6,25,9.804770049130006,19,3.1761433818506397,3,9,1
921,6.5275356598789145,76.5106635838525,0,2,10.997814059456253,20,4.321722912187878,1,27,1
922,5.220380477505911,56.85003555826297,17,11,21.686158249890948,8,4.477052760767592,1,26,1
923,13.120603438597886,64.78405995835818,8,24,17.314697342206742,8,3.6555583467070396,2,26,0
924,12.75381203953918,42.085823213860266,24,7,15.447754389956737,22,0.6108501268132727,2,7,1
925,7.573939217563048,81.06842971926265,19,19,6.9747367505626485,16,1.1231430683059336,4,25,1
926,14.752097492627657,65.74507067071774,21,29,11.412573013112858,25,2.3862964571979983,1,27,1
927,14.142392026779827,26.414970237833135,25,27,7.202783834789232,8,2.580083200821482,4,17,1
928,6.453036062675742,21.123369116195455,21,1,16.85656050633612,8,4.778725690423532,0,5,1
929,11.065328281982403,66.24808045281053,23,21,16.719509712144177,6,1.7446193310543012,3,11,0
930,4.762696442721781,65.4563993449928,19,4,15.795473525684368,6,3.846679745915915,2,20,1
931,6.572388526912203,94.33653565421766,5,18,4.774161119237059,9,3.0067774632882376,1,21,1
932,1.0236307539482645,32.786286071326266,4,22,8.133576245647996,17,1.2805201178954473,1,5,1
933,1.4911735178906023,3.8286849135589995,16,28,11.392740725150292,9,4.927356944331222,1,1,1
934,9.740720106280257,32.27420318809327,13,17,26.6062610721496,25,0.9428382824319576,3,2,1
935,9.172710718326384,62.484794522852674,9,7,22.909673110613745,10,0.08195127916113154,3,2,1
936,3.7335068855926608,64.25825010915628,21,9,15.806625864551693,15,2.969802011561958,4,19,1
937,5.651510284308213,3.6345674582796805,17,13,22.706632494987748,20,3.661992407534669,4,0,1
938,4.808662202420066,69.45872596714415,16,23,6.610644228621597,4,1.9964970199553211,4,1,1
939,7.793466808284132,73.2606061475591,10,8,19.140072929851193,18,0.20901466368946964,4,17,1
940,6.7727911229357955,72.0605486140926,11,7,21.548836126287664,17,4.479157229462241,3,10,1
941,5.207469874730144,1.9534727404359686,27,0,7.311840808117784,11,0.5421652605671007,0,1,1
942,1.4463719017655683,1.8642398362695656,23,3,10.141881779276002,1,2.2403516699450337,4,4,1
943,5.936102016126698,1.3181928631987416,23,22,10.040012045127682,22,3.6293030980519045,2,26,1
944,4.145037107132371,46.33227485326591,2,20,20.59891730570975,1,0.33140496850853407,4,21,1
945,8.328492277202034,41.34048506686029,27,2,12.238225292265554,0,0.8476995444314539,0,7,1
946,14.245499941108204,67.65180046717805,3,19,23.60257439199671,26,1.3712377653332042,0,1,1
947,9.477461611673524,57.910078251961416,14,9,12.097669833519705,9,2.0287505536173915,3,11,1
948,9.915072500933459,15.336262825213831,16,8,7.046853255344803,19,3.7511516725285525,0,28,1
949,6.345817364209176,42.01875208655635,27,10,8.681379538956946,23,1.3965340010180243,4,10,1
950,9.021305771805256,72.46226205397201,6,5,19.470833726458856,19,3.1418109435018926,1,17,1
951,13.524463643801454,18.866394243488195,28,9,12.64970592283872,24,3.208629555950011,1,24,1
952,14.67519739915467,85.54716518504304,26,25,0.5342844305332006,13,2.6825548424689383,1,14,1
953,8.128258565019879,17.469160074920996,12,12,0.47219963875480886,0,4.903369251981727,2,24,1
954,10.037386511763065,39.60818747659186,4,26,14.146145861175269,5,1.3085970971124083,2,15,1
955,6.604012449081622,51.31360633711625,9,6,9.170454274916404,10,2.9729183631853493,3,1,1
956,6.64899178414154,41.36757430147222,16,24,19.566726364936976,13,4.14970806349802,4,23,1
957,3.2598015268501674,42.13579229852308,1,12,3.06744317902976,24,0.22486924479623194,4,9,1
958,13.247110984497791,98.14602238664294,23,19,8.719939092483166,21,4.221591759870494,1,10,1
959,4.99688404811733,72.81540685486404,7,14,19.009700046030844,10,4.907396442636798,4,25,1
960,14.91749102859262,67.50574371636156,25,14,0.7627774121110353,14,0.9854708679647223,4,8,1
961,9.099512406869936,9.110995321872583,9,6,5.405720971337436,27,1.4995291846994374,3,6,1
962,9.225786592874767,84.54165305884067,14,29,8.210514679334583,8,1.0528753696663795,0,15,1
963,13.83201022484154,66.94538151295154,25,15,4.933208777762575,22,2.683324062630037,1,9,1
964,1.3778300527366139,83.35716537103512,24,27,4.9124342630140605,0,1.479098801113219,4,28,1
965,6.320263695037312,57.59278667027503,8,2,20.574463301518282,8,0.8864607230609373,4,11,1
966,3.9792021139825984,27.528703423923552,20,7,24.48570757261872,23,1.746611278110064,3,0,1
967,5.337502665125756,50.03374927242458,19,21,1.1884640897765575,6,4.036366617986362,1,7,1
968,10.765014303947495,32.82128417584785,24,25,26.980024714141862,11,2.987074755207245,1,16,1
969,11.274937176585098,46.399900105872504,20,7,0.5874378035838246,10,1.7325418582785406,3,22,1
970,11.872378321905064,64.1540993440513,17,14,3.336103842320898,16,4.675437621111723,3,12,1
971,3.172164476826614,89.48720318817655,11,18,23.857609345870816,25,3.2092450883528807,3,20,1
972,4.827987425899442,53.84151317050676,4,8,16.10650306618408,5,4.975278569118486,4,4,1
973,3.07773599512339,0.8683172208710066,4,0,25.12155272844998,13,1.0130159874649647,3,16,1
974,12.038617648748703,28.21604195166596,25,11,26.32615624256906,29,4.373156345993131,2,15,1
975,6.621361740697202,69.99653698939716,9,11,9.588616544027142,21,4.662802232456841,3,18,1
976,2.0244323847129957,67.44176980007083,4,25,16.83011545671995,15,0.8297730685625632,4,6,1
977,6.713818157479161,49.709523346259544,22,10,27.039712870414625,19,2.4715211292225425,0,4,1
978,3.8040318003827203,3.315483493653848,24,22,6.656302709006214,26,2.859162996063571,1,16,1
979,7.19802085719581,75.1176789908908,10,24,22.71243156111614,1,0.04593839822713275,1,25,1
980,7.214423456266607,35.38281756294418,16,10,27.746552939785666,24,4.0196762329460745,4,16,1
981,5.921912880066157,45.00994172929719,22,19,4.480809844143195,6,0.8733694695506766,1,8,1
982,12.487652671312372,45.55319896995355,2,27,15.454693582601445,1,4.4084873156357585,2,2,1
983,6.5896572899894785,99.58912329577562,15,21,14.970502051025026,0,2.965131217714863,3,21,1
984,14.566218350671278,24.434102239052347,28,26,17.057351915367992,3,0.15684304927843673,0,24,1
985,8.366718692198338,39.41189983076363,19,21,14.999287247631827,13,0.19294078467282594,3,20,1
986,11.058571384093021,89.19709163644623,22,16,27.848422127362735,8,3.606765036511838,4,1,0
987,9.34179857983753,11.309683216604682,5,15,1.4431020389991611,25,1.6745084860468418,0,27,1
988,8.434872450412222,5.946360454286137,13,19,7.839922052800821,16,0.28052373730736324,4,1,1
989,2.497486156544694,42.69119647253239,5,10,12.690621254582496,28,3.6595878307379985,3,3,1
990,12.90180371862509,27.829313413024238,12,25,19.416249923380924,14,0.5111749412638816,3,19,1
991,9.090038331795384,76.85507685652598,7,10,13.794783271809798,29,0.8730537888575701,0,9,1
992,8.438266496163646,33.618341375330985,15,11,23.6610423356618,21,3.0396649101305453,1,3,1
993,6.5036167220068855,44.624695713196616,22,23,13.037612824635763,21,4.144751632909332,1,2,1
994,8.89288140422758,74.70499320944003,8,19,17.77906332818413,21,4.636195254844622,0,9,1
995,2.617567640383415,17.81537620197444,10,9,21.243287129187,23,4.849413541331732,1,29,1
996,6.250077502489276,30.869875924601065,17,8,6.350119354443102,12,0.9888152602928424,1,19,1
997,9.012525115200887,54.230066455538406,16,6,3.3740740637325786,11,2.086297905480871,0,0,1
998,7.353462619640235,31.932114140028954,8,15,28.89611111780769,20,1.9413840779622542,4,3,1
999,10.723138391034565,58.997716805789736,19,16,27.40586128692653,8,4.297472635778132,3,12,0
