,Representative_ID,Age,Years_in_Office,Total_Votes,Party_Affiliation,District_Income_Level,Urbanization_Score,Education_Level,Party_Leader,label
0,1,69,27,83,0,77,26,32,1,0
1,2,52,34,81,1,81,50,99,0,1
2,3,33,6,166,0,85,74,77,0,1
3,4,70,19,88,1,92,15,96,1,1
4,5,52,31,145,0,65,86,44,0,0
5,6,38,37,220,1,100,59,44,0,1
6,7,53,39,220,1,79,75,87,0,1
7,8,50,31,255,0,98,39,14,0,1
8,9,70,25,180,0,42,66,94,0,1
9,10,45,38,223,0,93,1,16,1,1
10,11,54,19,209,0,61,47,11,0,0
11,12,55,17,92,0,65,51,21,0,0
12,13,38,14,277,1,58,23,22,0,0
13,14,44,21,130,0,83,92,89,1,1
14,15,68,21,289,1,83,97,77,1,1
15,16,62,20,52,1,86,83,11,0,1
16,17,30,1,298,1,99,81,67,0,1
17,18,34,39,123,0,78,77,50,1,0
18,19,38,17,166,0,98,81,12,1,0
19,20,35,22,112,0,75,1,56,0,0
20,21,57,12,160,0,60,64,54,1,0
21,22,55,40,89,0,80,19,81,0,1
22,23,57,8,67,0,93,33,27,0,0
23,24,69,6,116,1,87,40,43,0,0
24,25,44,40,152,0,65,40,18,1,1
25,26,35,0,239,1,52,74,45,0,1
26,27,56,1,187,1,75,90,2,0,1
27,28,67,3,229,0,63,22,82,1,0
28,29,33,13,250,0,80,37,19,0,0
29,30,40,31,95,0,65,43,24,0,0
30,31,50,35,104,0,60,66,74,0,0
31,32,59,1,223,0,57,61,55,1,0
32,33,47,39,124,0,54,11,80,1,0
33,34,64,13,237,1,54,29,60,0,0
34,35,32,19,146,1,45,94,54,1,1
35,36,41,24,277,1,82,86,34,0,1
36,37,56,7,75,1,70,64,77,0,1
37,38,59,27,204,1,67,40,58,1,1
38,39,50,20,215,1,47,19,38,1,0
39,40,67,22,71,0,68,5,56,0,0
40,41,50,31,75,0,60,74,82,1,0
41,42,67,7,263,0,56,98,66,1,0
42,43,69,30,246,1,95,3,33,1,1
43,44,44,36,212,1,96,92,40,0,1
44,45,47,15,243,1,88,9,21,0,0
45,46,58,39,276,0,63,50,26,1,1
46,47,67,26,122,0,97,92,20,0,0
47,48,50,39,164,0,99,37,40,0,1
48,49,46,40,100,1,89,0,30,1,0
49,50,70,17,162,1,75,7,26,0,0
50,51,47,34,195,1,100,80,36,1,1
51,52,66,14,220,0,70,82,65,0,0
52,53,67,26,61,1,86,62,53,0,1
53,54,41,16,52,0,73,32,8,1,0
54,55,40,39,259,0,41,14,82,0,1
55,56,49,1,169,0,81,30,41,1,0
56,57,38,30,279,0,42,20,35,0,1
57,58,30,36,184,0,69,2,9,0,1
58,59,32,40,274,0,47,65,58,0,1
59,60,50,40,183,0,91,34,39,1,1
60,61,52,33,131,1,46,40,53,0,0
61,62,38,33,94,0,51,58,38,0,0
62,63,48,2,176,1,97,15,6,1,0
63,64,48,16,135,0,58,55,3,1,0
64,65,52,13,164,0,65,44,14,0,0
65,66,56,13,216,0,67,58,75,1,0
66,67,56,37,228,1,54,49,47,1,1
67,68,68,34,58,0,53,84,5,1,0
68,69,65,0,276,0,87,11,72,1,1
69,70,41,28,200,1,100,91,34,0,1
70,71,56,3,61,1,98,11,71,1,1
71,72,63,32,165,1,53,32,70,0,1
72,73,62,16,137,1,42,83,67,0,1
73,74,57,27,111,0,89,48,57,0,0
74,75,60,25,291,0,68,20,76,1,1
75,76,61,7,153,1,99,59,18,1,1
76,77,49,33,122,0,93,51,61,0,1
77,78,69,17,126,1,45,53,70,0,1
78,79,64,30,89,1,88,38,9,1,0
79,80,60,26,231,1,62,48,24,1,1
80,81,60,15,283,0,67,63,43,0,0
81,82,67,9,258,1,53,99,98,1,1
82,83,51,39,184,0,53,85,57,1,1
83,84,70,11,66,0,59,25,24,0,0
84,85,38,21,168,0,52,70,92,1,1
85,86,38,15,175,1,66,6,75,1,0
86,87,44,11,227,0,99,71,39,0,0
87,88,42,10,73,1,74,61,75,1,1
88,89,51,19,51,0,84,89,69,0,1
89,90,45,0,276,0,100,87,9,1,0
90,91,61,26,141,0,95,23,65,0,1
91,92,31,2,260,1,41,39,24,1,0
92,93,55,11,210,1,80,75,70,0,1
93,94,43,29,198,1,84,46,86,1,1
94,95,67,8,166,1,79,7,10,1,0
95,96,63,36,251,0,87,53,35,1,1
96,97,37,0,102,0,63,8,48,0,0
97,98,65,3,95,1,68,2,47,1,0
98,99,50,14,94,1,42,53,86,0,1
99,100,57,26,58,1,84,20,6,1,0
100,101,35,7,279,1,43,94,90,1,1
101,102,49,22,55,0,89,47,76,1,1
102,103,60,14,100,1,41,46,50,1,0
103,104,62,26,294,1,59,87,16,1,1
104,105,36,30,283,0,93,67,31,1,1
105,106,37,38,168,1,92,83,25,0,1
106,107,38,7,84,0,54,62,21,0,0
107,108,31,29,131,1,88,15,12,1,0
108,109,46,17,230,0,71,73,11,1,0
109,110,66,3,196,1,100,89,70,1,1
110,111,46,21,246,1,81,92,0,1,1
111,112,67,2,74,1,40,4,32,1,0
112,113,64,14,188,1,77,10,13,0,0
113,114,68,34,251,1,74,28,63,1,1
114,115,59,37,66,0,90,78,42,1,0
115,116,35,32,85,1,46,69,57,0,1
116,117,33,13,267,0,84,47,40,0,0
117,118,66,0,272,0,52,14,80,0,0
118,119,64,25,145,0,88,83,67,1,1
119,120,38,7,70,0,40,33,38,1,0
120,121,35,15,67,1,53,59,0,1,1
121,122,42,37,237,1,68,61,40,1,1
122,123,51,9,195,1,97,1,44,1,0
123,124,57,36,50,1,42,79,87,0,1
124,125,59,25,191,0,85,18,97,1,1
125,126,65,27,185,0,63,97,97,1,1
126,127,31,11,243,0,40,48,87,1,0
127,128,65,19,100,1,87,77,78,0,1
128,129,37,13,128,1,49,87,80,1,1
129,130,38,34,237,1,52,27,12,1,1
130,131,30,28,211,1,75,47,70,1,1
131,132,42,11,85,0,48,95,8,1,0
132,133,44,17,111,1,53,36,62,0,0
133,134,61,1,178,1,75,73,98,0,1
134,135,63,1,292,0,49,48,22,0,0
135,136,60,16,134,0,79,47,53,1,0
136,137,43,9,91,1,62,72,46,0,1
137,138,43,17,50,1,74,87,38,0,1
138,139,58,21,273,0,94,99,86,1,1
139,140,48,18,261,1,46,28,25,1,0
140,141,56,0,103,0,81,59,0,0,0
141,142,38,23,224,0,74,28,13,0,1
142,143,66,35,149,1,41,57,95,0,1
143,144,66,24,88,0,54,47,73,0,0
144,145,57,35,207,1,48,22,64,1,1
145,146,53,30,56,1,86,26,68,1,1
146,147,57,30,199,1,56,94,66,0,1
147,148,65,1,170,1,78,6,48,0,0
148,149,47,18,227,0,91,48,49,0,0
149,150,54,11,94,1,57,53,57,1,1
150,151,64,9,123,1,54,67,52,1,1
151,152,33,30,169,0,57,77,90,1,1
152,153,43,21,121,1,63,41,56,0,0
153,154,68,22,268,1,62,73,85,1,1
154,155,55,22,187,1,51,58,17,0,1
155,156,37,14,191,1,62,43,15,0,0
156,157,53,25,95,0,60,97,1,1,0
157,158,45,2,172,0,65,25,12,0,0
158,159,49,22,293,1,47,22,44,1,1
159,160,44,19,167,0,69,72,79,1,0
160,161,36,39,124,0,73,100,71,0,0
161,162,46,38,55,0,41,7,42,0,0
162,163,51,7,70,0,44,52,71,1,0
163,164,51,17,239,1,70,13,53,1,0
164,165,41,40,274,0,72,70,73,1,1
165,166,47,5,196,1,93,6,96,1,1
166,167,44,26,152,1,43,8,30,1,1
167,168,66,35,137,0,45,2,75,1,0
168,169,45,14,259,1,62,77,8,1,1
169,170,34,36,148,0,84,16,100,0,1
170,171,31,4,293,1,58,43,72,1,0
171,172,57,38,111,1,82,85,47,0,1
172,173,70,8,156,0,84,45,17,0,0
173,174,56,6,278,1,47,89,93,1,1
174,175,60,40,132,0,78,57,95,1,0
175,176,70,19,230,1,52,27,86,1,0
176,177,65,9,201,1,40,13,10,1,0
177,178,30,25,105,0,45,8,61,1,0
178,179,58,3,239,0,46,25,83,0,0
179,180,30,37,211,0,87,1,18,0,1
180,181,37,23,71,1,66,74,99,1,1
181,182,45,13,117,0,54,80,89,1,0
182,183,57,40,234,0,91,33,73,1,1
183,184,51,0,59,0,73,18,23,1,0
184,185,47,16,115,0,97,38,12,0,0
185,186,51,23,57,1,96,81,45,0,1
186,187,70,26,274,1,62,12,52,0,1
187,188,41,6,172,1,87,4,97,1,1
188,189,48,8,87,1,88,49,28,1,0
189,190,54,34,284,1,63,22,35,1,1
190,191,34,11,172,1,54,87,70,0,1
191,192,63,20,111,0,74,28,93,0,0
192,193,68,2,205,1,43,71,16,0,1
193,194,39,14,187,0,83,25,47,1,0
194,195,36,20,94,0,76,78,76,0,0
195,196,66,9,114,0,56,56,23,1,0
196,197,44,32,275,0,70,0,53,0,1
197,198,53,5,116,1,77,27,94,1,0
198,199,55,1,186,1,49,61,90,1,1
199,200,55,28,182,1,93,46,84,1,1
200,201,55,39,155,0,89,77,0,1,1
201,202,39,32,187,1,66,97,78,0,1
202,203,46,3,189,1,81,58,66,0,1
203,204,43,3,131,1,45,30,5,0,0
204,205,31,28,107,1,95,69,77,1,1
205,206,42,36,198,1,45,48,54,0,1
206,207,56,19,198,1,91,4,37,1,0
207,208,38,40,242,0,54,30,32,0,1
208,209,36,22,180,0,43,36,7,0,1
209,210,39,17,118,1,96,78,89,1,1
210,211,38,24,138,0,87,14,78,1,1
211,212,51,0,299,0,93,51,77,1,1
212,213,52,14,113,1,95,68,19,0,1
213,214,36,33,226,0,79,91,54,1,1
214,215,38,19,121,1,46,96,47,0,1
215,216,56,36,66,0,90,10,82,0,1
216,217,53,26,122,1,97,42,55,0,0
217,218,58,21,209,0,88,69,96,1,1
218,219,46,4,119,0,92,22,99,0,1
219,220,49,33,162,0,84,39,87,1,1
220,221,36,38,281,0,86,62,9,1,1
221,222,69,2,70,1,65,1,51,0,0
222,223,36,16,184,0,97,78,49,0,0
223,224,57,23,56,1,70,86,33,0,1
224,225,48,23,160,1,41,85,35,0,1
225,226,49,2,280,0,67,72,60,1,0
226,227,68,6,295,0,81,46,99,1,1
227,228,69,24,76,1,52,29,15,1,0
228,229,36,2,57,0,57,15,78,1,0
229,230,35,14,250,1,69,58,17,1,1
230,231,54,28,77,0,94,46,70,1,1
231,232,70,28,256,1,50,29,46,1,1
232,233,42,9,243,0,52,8,85,1,0
233,234,68,31,248,0,90,64,31,1,1
234,235,69,22,96,1,100,58,42,0,1
235,236,51,38,259,1,63,63,82,0,1
236,237,46,8,135,1,96,7,39,1,0
237,238,51,36,291,0,68,51,64,1,1
238,239,63,39,59,0,95,17,34,0,0
239,240,37,13,295,0,93,90,68,0,1
240,241,47,3,163,0,44,81,49,0,0
241,242,53,19,82,1,74,95,11,1,1
242,243,31,27,184,1,58,57,75,0,1
243,244,31,13,180,0,94,48,84,0,1
244,245,56,33,63,0,52,31,57,0,0
245,246,43,12,221,0,44,47,82,0,0
246,247,68,30,95,1,83,44,62,0,1
247,248,41,32,110,1,53,53,72,1,1
248,249,61,38,213,0,77,99,48,0,1
249,250,57,27,62,1,61,99,35,1,1
250,251,57,24,65,0,48,84,53,0,0
251,252,54,31,257,0,88,45,46,0,1
252,253,33,8,295,1,79,95,31,0,1
253,254,55,27,182,1,65,30,98,0,1
254,255,65,30,293,1,84,36,94,0,1
255,256,32,16,266,1,100,15,52,1,0
256,257,30,22,87,0,44,45,31,1,0
257,258,46,12,279,1,68,45,61,1,0
258,259,36,9,227,1,93,77,36,1,1
259,260,34,15,87,1,61,87,95,1,1
260,261,48,5,152,1,88,88,100,1,1
261,262,68,10,105,0,42,60,37,1,0
262,263,63,2,112,0,67,45,29,0,0
263,264,64,27,169,1,77,50,57,1,1
264,265,45,40,97,1,53,61,31,0,1
265,266,69,14,154,0,86,34,65,0,1
266,267,68,12,267,0,53,80,50,1,0
267,268,56,16,108,1,82,41,10,0,0
268,269,70,6,126,0,50,44,58,0,0
269,270,67,27,221,0,48,67,19,1,1
270,271,54,37,292,0,77,74,36,0,1
271,272,55,12,267,0,86,46,72,1,1
272,273,43,16,176,1,83,78,48,0,1
273,274,43,14,104,0,100,29,18,1,0
274,275,43,35,104,0,45,23,54,0,0
275,276,54,27,178,1,40,65,39,1,1
276,277,65,14,185,1,64,42,6,0,0
277,278,33,10,176,1,55,33,4,1,0
278,279,44,30,181,0,91,22,41,0,1
279,280,61,3,134,1,54,60,87,0,1
280,281,47,34,263,0,73,94,47,1,1
281,282,43,33,164,1,56,36,6,0,1
282,283,30,26,230,0,42,12,10,1,1
283,284,49,9,107,1,42,96,72,0,1
284,285,39,29,86,1,76,70,48,0,1
285,286,39,19,98,0,56,95,29,1,0
286,287,53,28,116,1,94,6,40,0,0
287,288,63,28,68,1,100,41,2,1,0
288,289,57,22,178,1,88,37,85,0,1
289,290,56,20,78,1,91,51,39,0,1
290,291,69,9,136,1,77,43,50,0,0
291,292,30,40,82,0,40,63,83,0,0
292,293,62,11,168,0,46,12,31,1,0
293,294,33,29,229,1,65,87,47,1,1
294,295,36,32,218,1,86,27,70,0,1
295,296,38,17,200,0,78,95,70,0,0
296,297,45,13,182,0,58,81,19,1,0
297,298,34,21,120,1,91,97,88,0,1
298,299,63,20,234,0,93,97,34,1,0
299,300,52,0,299,1,69,0,23,0,0
300,301,54,14,183,1,82,42,39,0,0
301,302,42,35,226,1,94,41,76,1,1
302,303,53,21,71,1,53,94,51,0,1
303,304,40,31,290,0,52,49,38,1,1
304,305,46,32,126,0,59,59,67,1,0
305,306,66,40,253,0,65,0,60,1,1
306,307,42,38,53,1,66,50,75,1,0
307,308,56,22,121,0,64,15,80,1,0
308,309,49,1,241,1,48,38,64,1,0
309,310,62,1,214,1,80,14,61,0,1
310,311,61,37,208,0,87,32,80,1,1
311,312,37,28,214,1,51,86,1,1,1
312,313,58,2,177,1,49,52,5,0,1
313,314,69,38,94,1,45,97,74,1,1
314,315,48,6,267,0,89,16,42,0,0
315,316,35,35,284,1,73,88,81,1,1
316,317,68,28,185,0,98,5,39,1,1
317,318,70,36,217,1,91,30,88,1,1
318,319,50,35,274,0,80,68,38,0,1
319,320,51,22,286,1,58,39,27,0,1
320,321,39,15,142,0,45,29,79,1,0
321,322,39,30,54,0,41,68,62,1,0
322,323,58,33,205,1,54,75,63,0,1
323,324,45,0,294,1,56,6,11,0,0
324,325,30,17,153,1,55,12,40,0,0
325,326,46,39,130,1,67,3,28,1,0
326,327,59,14,296,0,60,49,22,0,0
327,328,55,16,136,1,47,2,84,0,0
328,329,48,9,286,0,49,11,79,0,0
329,330,50,19,186,1,49,64,50,0,1
330,331,46,5,179,0,89,26,44,0,0
331,332,69,7,112,0,49,49,89,0,0
332,333,50,33,273,0,48,76,100,0,1
333,334,70,31,100,1,67,16,21,1,0
334,335,69,3,165,1,63,71,9,0,1
335,336,48,38,162,0,58,31,6,1,1
336,337,36,19,80,0,72,83,72,1,0
337,338,46,23,56,0,43,50,88,0,0
338,339,30,23,207,0,95,16,14,1,1
339,340,66,25,235,0,42,33,76,1,1
340,341,35,24,52,1,81,34,45,0,0
341,342,55,35,100,0,51,98,89,1,0
342,343,31,6,292,1,57,23,84,0,0
343,344,61,9,105,1,62,53,86,0,1
344,345,34,11,122,1,59,17,60,0,0
345,346,66,0,59,0,45,49,91,0,0
346,347,60,24,110,0,92,45,60,0,1
347,348,41,15,287,0,73,47,50,0,0
348,349,64,4,99,0,81,32,37,0,0
349,350,59,18,171,1,41,86,11,1,1
350,351,35,3,224,1,69,88,87,0,1
351,352,44,5,267,1,48,100,76,1,1
352,353,44,25,50,0,66,26,65,0,0
353,354,45,38,271,0,81,0,53,0,1
354,355,49,38,234,0,73,84,38,0,1
355,356,42,8,87,0,79,58,75,1,0
356,357,60,13,239,0,63,9,38,1,0
357,358,63,8,128,0,88,94,77,1,1
358,359,58,14,138,1,56,24,29,1,0
359,360,32,36,247,1,68,83,47,1,1
360,361,38,19,131,0,75,56,82,1,0
361,362,40,7,242,1,89,65,30,0,1
362,363,40,31,239,1,51,14,24,0,1
363,364,54,20,233,1,70,27,67,1,0
364,365,51,40,116,1,88,12,50,1,0
365,366,38,18,66,0,48,13,12,1,0
366,367,49,28,176,1,100,65,99,1,1
367,368,50,30,161,0,58,33,62,1,1
368,369,39,5,185,0,85,98,41,0,0
369,370,51,3,109,1,85,100,53,0,1
370,371,58,28,290,0,56,24,100,0,1
371,372,38,2,89,1,41,53,66,0,1
372,373,34,0,258,0,79,78,79,0,0
373,374,69,14,138,0,44,11,89,0,0
374,375,40,20,239,1,98,8,55,0,0
375,376,30,30,90,1,78,30,18,0,0
376,377,30,6,189,0,93,77,45,1,0
377,378,68,16,270,1,100,92,14,1,1
378,379,34,18,266,0,87,52,31,0,0
379,380,51,38,164,1,55,42,48,0,1
380,381,55,2,149,0,56,37,20,0,0
381,382,35,29,166,0,93,41,64,1,1
382,383,61,34,231,0,66,71,69,1,1
383,384,40,28,138,0,46,47,26,0,0
384,385,39,13,142,0,91,66,22,1,0
385,386,68,34,188,1,47,65,46,0,1
386,387,63,27,109,0,47,15,94,0,0
387,388,60,29,117,1,62,82,11,0,1
388,389,41,25,127,1,71,93,84,0,1
389,390,45,6,95,0,82,15,65,0,1
390,391,67,38,87,0,86,30,4,1,0
391,392,32,30,238,1,57,57,8,0,1
392,393,31,4,66,0,77,27,19,0,0
393,394,34,34,115,0,93,3,81,0,1
394,395,40,13,249,1,51,9,62,0,0
395,396,54,35,85,1,54,50,85,1,0
396,397,64,26,123,1,67,17,71,0,0
397,398,64,23,56,1,94,46,97,0,1
398,399,51,39,277,1,77,31,72,1,1
399,400,66,28,65,1,89,29,70,0,1
400,401,51,21,63,0,95,35,29,0,0
401,402,40,7,129,1,70,8,81,0,0
402,403,61,14,74,1,91,35,90,0,1
403,404,64,4,154,0,48,28,15,1,0
404,405,60,3,53,0,47,15,84,0,0
405,406,37,10,206,0,85,91,4,0,0
406,407,49,17,176,0,58,20,28,1,0
407,408,63,29,105,0,90,63,46,0,0
408,409,33,14,55,0,47,65,100,0,0
409,410,47,5,178,1,73,58,21,1,1
410,411,33,15,216,0,96,98,77,0,1
411,412,49,39,178,0,43,27,56,1,1
412,413,38,8,164,0,70,54,82,0,0
413,414,45,33,281,0,77,99,34,1,1
414,415,55,26,240,1,42,30,87,0,1
415,416,67,12,106,0,74,32,59,0,0
416,417,54,35,244,0,58,86,69,1,1
417,418,33,26,114,1,82,59,59,0,1
418,419,70,8,114,1,68,40,57,1,0
419,420,70,4,152,1,49,80,2,1,1
420,421,67,21,70,0,51,45,33,1,0
421,422,48,30,286,1,85,48,44,1,1
422,423,43,2,207,1,69,64,49,0,1
423,424,50,29,273,1,69,41,1,1,1
424,425,44,20,82,0,99,22,14,0,0
425,426,32,34,225,0,57,26,36,0,1
426,427,66,5,71,1,63,88,14,1,1
427,428,45,27,271,0,71,31,59,1,1
428,429,43,31,231,0,48,82,95,0,1
429,430,38,36,159,0,86,87,84,1,1
430,431,36,24,53,0,63,2,63,0,0
431,432,43,31,264,0,65,59,80,1,1
432,433,35,34,232,1,42,75,97,0,1
433,434,50,21,221,1,62,98,95,0,1
434,435,44,23,266,1,50,78,51,1,1
435,436,37,38,189,1,49,16,22,0,1
436,437,63,29,258,0,89,31,98,0,1
437,438,69,31,294,1,75,6,36,1,1
438,439,30,30,256,1,99,82,40,1,1
439,440,61,22,123,0,52,70,100,1,0
440,441,34,39,276,0,68,68,56,1,1
441,442,59,32,168,0,77,57,96,1,1
442,443,51,24,293,0,98,39,24,0,1
443,444,49,35,229,1,92,84,36,0,1
444,445,45,23,142,0,52,47,39,1,0
445,446,36,30,253,0,96,50,84,0,1
446,447,36,38,114,0,65,56,45,0,0
447,448,31,12,114,0,59,70,59,0,0
448,449,43,9,59,0,44,36,97,0,0
449,450,60,22,195,0,59,86,18,0,1
450,451,70,17,96,1,53,74,90,1,1
451,452,43,31,115,1,84,73,8,1,1
452,453,34,32,98,1,53,84,68,0,1
453,454,40,35,249,0,47,54,4,0,1
454,455,69,27,71,0,87,40,88,1,1
455,456,34,15,135,1,52,96,25,1,1
456,457,58,15,75,1,63,19,18,1,0
457,458,40,17,267,1,54,32,29,1,0
458,459,34,7,186,1,90,39,99,0,1
459,460,61,15,198,0,40,98,47,1,0
460,461,65,10,144,1,61,33,15,1,0
461,462,44,5,293,0,73,61,70,0,0
462,463,48,0,240,0,89,99,17,1,0
463,464,51,11,156,0,90,90,55,1,0
464,465,63,37,183,1,79,18,20,1,1
465,466,46,27,297,1,42,42,30,1,1
466,467,41,16,63,1,94,68,0,1,1
467,468,54,0,210,0,65,62,2,0,0
468,469,46,31,120,0,53,92,94,0,0
469,470,39,7,201,1,97,9,24,0,0
470,471,57,39,250,0,80,12,7,0,1
471,472,47,23,124,1,100,92,64,0,1
472,473,47,9,169,0,47,4,61,1,0
473,474,61,38,264,0,88,57,6,1,1
474,475,43,38,161,0,94,58,6,1,1
475,476,45,9,100,0,94,75,7,1,0
476,477,47,35,179,0,95,58,18,1,1
477,478,45,24,192,0,55,76,16,1,1
478,479,46,9,212,0,81,85,10,1,0
479,480,36,18,85,1,60,14,48,1,0
480,481,41,14,293,0,49,76,10,1,0
481,482,63,15,167,0,96,0,40,1,0
482,483,39,1,269,1,64,37,61,1,0
483,484,34,28,216,1,95,52,51,1,1
484,485,50,3,285,1,77,51,65,1,1
485,486,32,28,53,1,61,0,67,0,0
486,487,48,30,241,0,88,10,91,1,1
487,488,64,16,251,0,100,57,96,0,1
488,489,35,9,55,1,87,39,74,1,1
489,490,43,26,234,0,86,85,66,1,1
490,491,33,40,207,1,93,98,39,1,1
491,492,47,14,295,0,85,59,4,0,0
492,493,58,30,159,0,43,43,84,0,1
493,494,64,20,148,0,43,5,21,1,0
494,495,67,40,290,0,69,27,36,1,1
495,496,45,25,284,0,41,30,10,1,1
496,497,49,37,251,1,68,7,43,1,1
497,498,53,35,171,0,82,4,85,0,1
498,499,64,16,166,0,75,53,52,0,0
499,500,48,2,145,0,60,16,76,1,0
500,501,33,13,283,0,100,37,60,0,1
501,502,62,12,283,0,99,8,66,0,1
502,503,31,40,116,1,60,73,12,1,1
503,504,42,26,169,0,87,83,91,1,1
504,505,59,0,267,1,60,77,10,1,1
505,506,63,16,64,0,43,13,10,0,0
506,507,59,33,66,0,40,25,84,1,0
507,508,53,13,268,1,65,92,84,0,1
508,509,62,16,67,0,95,61,6,1,0
509,510,70,2,164,0,90,90,16,1,0
510,511,39,33,196,1,41,24,47,0,1
511,512,47,39,125,0,48,79,13,0,0
512,513,48,24,137,1,94,35,62,0,1
513,514,36,1,246,1,96,97,63,0,1
514,515,48,33,201,1,84,79,96,0,1
515,516,53,25,140,0,57,32,74,0,0
516,517,44,30,97,0,87,2,76,1,1
517,518,70,8,207,1,87,86,64,0,1
518,519,52,29,64,0,96,10,33,0,0
519,520,33,19,224,1,81,57,8,1,1
520,521,67,20,172,0,80,63,76,0,1
521,522,33,28,279,1,50,17,36,0,1
522,523,34,24,176,0,64,46,29,1,1
523,524,70,37,221,1,65,43,40,1,1
524,525,52,24,147,0,100,92,44,1,0
525,526,69,8,204,1,97,58,100,0,1
526,527,66,38,133,0,75,49,46,1,0
527,528,40,25,241,1,81,68,6,0,1
528,529,40,36,90,0,74,87,13,1,0
529,530,42,15,145,0,77,28,47,0,0
530,531,43,36,117,1,42,92,5,1,1
531,532,37,11,54,0,98,89,33,1,0
532,533,54,23,102,0,80,66,79,1,1
533,534,47,25,171,0,74,1,100,0,1
534,535,47,19,185,0,89,24,99,0,1
535,536,39,8,71,1,79,18,45,1,0
536,537,36,22,155,0,61,39,58,1,1
537,538,43,38,56,0,47,1,69,1,0
538,539,44,28,199,1,54,82,7,1,1
539,540,45,30,95,0,84,64,23,0,0
540,541,31,18,79,1,46,61,66,1,1
541,542,59,19,175,0,58,90,3,1,0
542,543,59,22,150,1,79,53,95,0,1
543,544,47,26,193,0,81,44,0,0,1
544,545,60,29,128,1,56,48,33,1,0
545,546,42,20,182,1,40,98,8,1,1
546,547,49,34,116,1,84,68,62,0,1
547,548,64,6,72,0,68,37,75,0,0
548,549,52,21,238,1,97,3,9,1,1
549,550,62,9,123,0,52,16,9,0,0
550,551,67,22,54,1,95,52,49,0,1
551,552,64,14,200,1,87,84,43,1,1
552,553,65,29,256,1,68,52,47,1,1
553,554,49,33,131,0,80,30,86,0,1
554,555,32,12,74,0,81,21,5,1,0
555,556,37,3,57,1,45,10,87,1,0
556,557,69,17,272,1,44,33,23,1,0
557,558,61,22,198,1,73,14,84,1,1
558,559,58,32,51,1,50,9,94,1,0
559,560,36,33,71,1,48,95,57,0,1
560,561,31,33,121,1,77,52,63,0,1
561,562,50,35,136,1,79,47,93,1,0
562,563,35,34,273,1,80,30,55,1,1
563,564,57,16,121,0,48,36,97,1,0
564,565,65,27,117,1,47,27,81,0,0
565,566,61,13,113,0,83,30,11,0,0
566,567,38,33,143,1,97,69,34,0,1
567,568,40,10,68,0,79,13,70,0,0
568,569,52,12,177,0,42,86,88,1,0
569,570,40,32,136,1,52,15,5,1,0
570,571,31,1,131,0,58,24,64,0,0
571,572,32,33,230,0,73,38,79,0,1
572,573,40,28,270,1,71,65,59,1,1
573,574,64,36,136,1,88,37,67,1,1
574,575,44,3,146,1,55,40,28,1,0
575,576,40,11,101,0,75,97,37,1,0
576,577,60,25,224,1,57,39,91,1,1
577,578,57,27,131,0,53,63,21,0,0
578,579,57,2,231,1,69,88,7,1,1
579,580,61,19,221,1,41,99,62,0,1
580,581,54,9,146,0,52,15,95,0,0
581,582,49,17,184,0,66,81,96,1,0
582,583,57,26,164,0,98,76,12,0,1
583,584,54,30,141,1,92,58,26,0,1
584,585,40,26,50,1,91,100,17,1,1
585,586,48,0,112,1,56,90,17,0,1
586,587,57,5,297,0,70,97,76,1,0
587,588,30,10,280,0,54,10,85,1,0
588,589,34,33,275,0,96,0,61,0,1
589,590,39,38,216,0,59,12,13,1,1
590,591,63,19,68,1,44,29,10,1,0
591,592,65,20,80,0,46,68,85,0,0
592,593,31,20,126,0,57,17,99,1,0
593,594,47,17,170,1,95,77,16,0,1
594,595,42,20,73,1,50,12,50,0,0
595,596,34,18,118,0,71,31,95,1,0
596,597,49,3,264,0,89,70,13,0,0
597,598,31,12,260,0,66,71,56,1,0
598,599,40,17,242,0,65,49,92,0,0
599,600,59,28,210,0,76,70,5,1,1
600,601,61,24,108,0,84,79,56,1,0
601,602,61,12,163,1,67,30,3,0,0
602,603,67,26,297,1,89,50,10,0,1
603,604,57,18,210,1,41,26,73,1,0
604,605,39,0,209,1,59,59,91,1,1
605,606,51,37,236,0,43,32,10,0,1
606,607,46,18,269,0,52,52,98,1,0
607,608,51,0,150,0,63,92,78,1,0
608,609,48,39,218,0,100,71,7,0,1
609,610,46,16,61,1,87,32,83,0,1
610,611,53,20,250,0,77,40,58,1,0
611,612,65,21,291,0,97,18,20,0,1
612,613,61,14,168,0,79,84,64,0,0
613,614,65,38,188,0,87,40,92,1,1
614,615,57,38,146,1,84,84,23,0,1
615,616,43,31,196,0,94,88,29,0,1
616,617,65,3,231,1,68,41,98,1,0
617,618,35,31,106,0,97,22,96,0,1
618,619,38,3,91,0,75,74,83,1,0
619,620,50,0,147,0,41,32,56,0,0
620,621,41,32,248,1,80,19,79,0,1
621,622,59,6,80,0,57,24,72,1,0
622,623,60,8,229,0,88,89,94,0,1
623,624,69,0,51,0,47,51,16,0,0
624,625,33,15,260,1,97,11,58,0,0
625,626,60,17,215,1,54,31,30,0,0
626,627,56,5,81,0,80,32,63,0,1
627,628,54,1,187,1,56,73,47,0,1
628,629,34,8,154,0,62,67,22,1,0
629,630,35,3,185,0,41,14,69,0,0
630,631,34,22,267,1,45,50,29,0,1
631,632,56,7,271,0,68,5,54,1,0
632,633,37,38,124,0,66,90,6,1,0
633,634,38,24,154,1,76,68,74,1,1
634,635,44,15,197,1,88,68,97,0,1
635,636,65,34,197,1,73,81,11,1,1
636,637,70,16,176,1,57,91,59,1,1
637,638,36,17,58,0,81,34,51,0,0
638,639,61,26,249,0,49,85,26,1,1
639,640,37,14,64,0,77,33,11,0,0
640,641,44,16,275,0,98,62,12,0,0
641,642,66,4,265,0,83,67,71,0,1
642,643,48,15,146,0,56,17,79,0,0
643,644,68,14,154,0,98,25,61,0,1
644,645,35,33,282,0,52,85,28,1,1
645,646,48,18,286,1,91,96,34,0,1
646,647,57,7,112,0,99,60,59,1,0
647,648,46,9,281,0,87,77,28,0,0
648,649,48,4,268,0,81,94,30,1,0
649,650,60,25,70,0,66,73,76,0,0
650,651,40,21,54,0,92,87,75,0,1
651,652,44,22,174,1,41,84,60,0,1
652,653,39,12,212,1,73,47,1,1,0
653,654,52,8,134,1,70,71,32,1,1
654,655,32,19,245,0,62,95,71,1,0
655,656,32,27,162,0,46,30,61,0,1
656,657,47,36,225,0,77,33,58,0,1
657,658,54,23,129,0,72,86,39,1,0
658,659,49,32,298,1,51,88,48,0,1
659,660,58,19,272,1,84,6,31,1,0
660,661,51,29,267,0,51,82,37,0,1
661,662,44,8,239,0,58,6,91,1,0
662,663,68,16,165,1,48,46,78,1,0
663,664,39,35,212,1,49,7,86,0,1
664,665,50,13,247,1,56,77,87,1,1
665,666,58,18,146,1,89,0,12,0,0
666,667,61,6,70,1,79,76,84,0,1
667,668,39,2,129,1,78,2,53,0,0
668,669,42,32,288,1,80,52,75,1,1
669,670,52,31,88,0,49,91,12,1,0
670,671,52,10,211,0,51,37,38,1,0
671,672,60,1,283,1,54,50,22,0,0
672,673,33,25,170,0,70,14,91,0,1
673,674,32,3,173,1,54,99,13,1,1
674,675,50,16,192,0,67,66,16,0,0
675,676,31,16,55,1,43,63,23,0,1
676,677,33,27,243,0,75,67,57,1,1
677,678,30,29,265,1,94,4,62,1,1
678,679,44,39,105,0,40,89,33,0,0
679,680,62,22,98,0,97,88,50,0,0
680,681,35,23,141,1,83,9,85,1,1
681,682,36,28,178,1,96,7,9,1,1
682,683,48,3,114,1,73,11,71,0,0
683,684,30,37,77,0,86,63,20,0,0
684,685,68,28,149,0,56,58,36,0,0
685,686,48,18,197,0,78,66,6,1,0
686,687,55,26,225,0,77,90,89,0,1
687,688,41,28,121,1,83,49,12,0,0
688,689,51,35,114,1,90,22,79,0,1
689,690,42,34,267,0,72,39,29,0,1
690,691,57,5,100,1,99,96,30,0,1
691,692,43,22,220,1,60,77,4,0,1
692,693,51,38,98,1,65,86,31,1,1
693,694,59,7,202,1,85,94,15,1,1
694,695,49,1,123,0,75,76,72,1,0
695,696,56,12,253,1,44,75,21,0,1
696,697,67,39,218,1,72,98,63,1,1
697,698,70,20,248,1,40,17,43,0,0
698,699,63,30,241,0,92,20,39,0,1
699,700,68,35,238,1,45,0,36,0,1
700,701,70,37,61,0,76,37,77,0,0
701,702,66,26,288,0,41,40,15,0,1
702,703,30,35,153,1,96,41,42,1,1
703,704,44,22,130,1,92,8,83,1,1
704,705,61,20,246,0,98,22,62,1,1
705,706,37,12,176,0,98,77,14,0,0
706,707,62,36,63,0,44,10,43,1,0
707,708,47,25,83,0,65,70,89,0,0
708,709,58,39,97,1,80,30,8,1,0
709,710,61,6,110,0,90,87,64,1,1
710,711,62,38,258,1,92,25,98,1,1
711,712,34,21,84,1,86,29,43,1,0
712,713,47,38,168,0,52,33,19,1,1
713,714,39,22,114,1,51,45,69,1,0
714,715,65,29,108,0,44,68,73,0,0
715,716,62,17,291,0,41,4,32,0,0
716,717,52,17,291,0,98,60,79,0,1
717,718,69,9,85,1,43,82,99,0,1
718,719,34,38,256,1,98,37,5,0,1
719,720,63,29,196,0,66,27,82,1,1
720,721,53,25,292,1,89,25,30,0,1
721,722,46,6,91,1,92,60,65,0,1
722,723,60,6,118,1,49,22,17,0,0
723,724,36,4,196,1,52,45,27,0,0
724,725,46,0,156,1,83,29,67,0,1
725,726,57,17,88,0,41,66,64,0,0
726,727,67,12,118,1,65,91,79,0,1
727,728,51,24,229,1,54,32,44,0,1
728,729,44,39,61,0,85,2,57,0,0
729,730,66,7,132,1,96,68,46,1,1
730,731,44,9,224,1,49,82,65,0,1
731,732,54,31,253,1,61,41,51,0,1
732,733,50,16,85,0,79,61,35,1,0
733,734,67,37,175,1,64,57,0,1,1
734,735,31,14,112,1,54,56,38,0,1
735,736,56,14,125,0,52,0,86,0,0
736,737,61,39,131,0,47,72,89,0,0
737,738,50,19,290,1,60,59,74,1,1
738,739,33,14,100,0,60,68,0,0,0
739,740,48,34,289,0,61,58,74,1,1
740,741,31,5,92,0,85,45,87,1,1
741,742,55,29,83,1,72,33,73,1,0
742,743,63,7,289,1,84,100,13,1,1
743,744,43,30,146,0,66,96,77,1,0
744,745,44,31,98,0,79,24,70,0,0
745,746,49,14,195,0,89,41,22,0,0
746,747,63,17,174,0,61,28,42,1,0
747,748,65,12,238,1,69,24,21,1,0
748,749,48,23,106,0,48,53,59,1,0
749,750,38,39,142,1,84,72,99,1,1
750,751,36,13,158,0,74,66,26,0,0
751,752,59,27,54,1,57,14,55,1,0
752,753,42,10,266,1,81,3,1,1,0
753,754,56,5,73,0,44,37,38,0,0
754,755,64,24,270,1,66,19,50,0,1
755,756,42,0,241,1,96,22,18,0,0
756,757,44,24,108,1,45,36,61,0,0
757,758,38,1,87,0,71,61,70,1,0
758,759,52,31,210,1,47,7,75,1,1
759,760,65,12,59,1,95,36,66,1,1
760,761,69,32,214,0,78,44,62,1,1
761,762,32,31,274,0,60,96,4,1,1
762,763,63,23,264,1,57,32,71,1,1
763,764,48,26,299,1,53,6,77,1,1
764,765,57,3,175,0,54,21,60,1,0
765,766,52,23,60,0,81,4,99,1,1
766,767,69,22,73,1,65,14,70,0,0
767,768,36,28,137,1,92,20,6,1,0
768,769,70,33,248,0,83,88,49,0,1
769,770,41,20,163,0,71,16,45,0,0
770,771,43,29,70,1,78,55,95,0,1
771,772,44,25,197,1,67,49,71,0,1
772,773,32,19,294,0,99,6,75,1,1
773,774,44,15,59,1,78,49,73,0,0
774,775,53,2,266,1,82,59,13,0,1
775,776,37,36,224,1,71,82,72,1,1
776,777,34,39,277,1,52,6,93,0,1
777,778,33,24,289,0,54,39,68,1,1
778,779,43,22,224,0,57,44,64,1,1
779,780,45,0,192,1,78,58,64,1,1
780,781,49,32,221,1,45,87,56,1,1
781,782,53,14,281,1,94,74,61,0,1
782,783,35,16,281,1,50,54,19,1,1
783,784,60,33,291,0,71,63,74,0,1
784,785,35,16,239,1,79,64,25,0,1
785,786,64,40,183,1,59,53,43,1,1
786,787,44,3,278,0,72,95,66,0,0
787,788,58,12,115,0,79,39,69,1,0
788,789,32,3,253,1,47,52,61,0,1
789,790,40,6,171,0,90,43,44,0,0
790,791,32,8,181,0,74,62,10,0,0
791,792,57,22,72,1,44,1,71,0,0
792,793,39,32,62,1,74,78,92,1,1
793,794,62,32,258,0,86,20,73,1,1
794,795,45,19,208,1,53,87,33,0,1
795,796,39,3,65,0,60,49,87,0,0
796,797,62,0,90,0,86,80,45,0,0
797,798,65,33,267,0,63,51,80,0,1
798,799,32,26,269,1,56,8,31,1,1
799,800,34,20,50,1,57,98,74,0,1
800,801,41,23,160,0,73,19,97,0,1
801,802,42,14,61,0,51,82,87,0,0
802,803,53,34,278,1,55,17,4,1,1
803,804,61,24,168,0,43,83,62,0,1
804,805,45,8,233,0,64,29,28,1,0
805,806,61,16,227,1,73,64,47,1,1
806,807,66,20,69,1,67,23,97,0,0
807,808,65,12,243,1,85,87,15,0,1
808,809,50,2,85,1,50,46,24,0,0
809,810,41,3,128,0,52,82,100,1,0
810,811,50,3,215,1,70,93,71,1,1
811,812,50,27,199,1,99,89,28,0,1
812,813,35,6,157,0,64,43,51,1,0
813,814,38,25,238,0,78,28,45,0,1
814,815,30,10,227,0,49,76,24,0,0
815,816,41,23,145,1,63,67,22,0,1
816,817,43,9,108,0,40,16,33,0,0
817,818,35,36,69,1,100,96,66,0,1
818,819,30,12,213,0,92,4,93,0,1
819,820,51,38,175,1,64,91,33,1,1
820,821,63,18,146,0,67,87,31,1,0
821,822,40,18,192,1,75,80,28,1,1
822,823,32,11,111,1,57,49,8,0,0
823,824,35,21,291,0,45,39,65,0,1
824,825,35,36,287,0,41,45,56,0,1
825,826,49,29,180,1,42,50,38,1,1
826,827,50,11,142,0,85,10,6,0,0
827,828,31,28,288,1,47,11,68,1,1
828,829,55,20,140,1,70,12,7,0,0
829,830,60,10,182,1,87,63,95,1,1
830,831,55,36,172,0,58,7,17,0,1
831,832,61,17,233,1,89,64,81,0,1
832,833,39,26,208,1,45,8,48,1,1
833,834,52,36,135,1,53,91,15,1,1
834,835,35,11,212,1,42,1,20,1,0
835,836,52,22,167,0,87,77,9,0,1
836,837,57,33,248,0,40,12,3,1,1
837,838,59,37,247,1,83,1,43,1,1
838,839,43,22,75,0,69,67,7,0,0
839,840,66,24,167,0,85,75,54,0,1
840,841,61,3,50,1,58,47,18,1,0
841,842,63,29,260,0,93,73,63,0,1
842,843,70,29,56,0,58,2,39,1,0
843,844,51,12,213,0,48,67,50,1,0
844,845,60,13,125,0,46,5,8,1,0
845,846,36,7,261,0,85,86,29,0,0
846,847,70,23,136,0,76,4,55,1,0
847,848,50,17,202,1,89,2,80,1,1
848,849,45,34,143,0,80,9,43,0,0
849,850,49,24,236,1,92,42,58,1,1
850,851,48,16,110,1,46,18,14,1,0
851,852,61,31,78,1,48,13,67,1,0
852,853,44,23,144,0,43,20,69,0,0
853,854,34,6,67,0,64,42,60,1,0
854,855,40,12,90,1,88,27,79,0,1
855,856,44,26,196,1,51,20,89,0,1
856,857,58,4,295,1,45,35,100,1,0
857,858,33,35,181,0,57,23,22,1,1
858,859,65,25,242,0,79,53,76,0,1
859,860,52,30,90,0,60,37,46,1,0
860,861,44,9,172,1,54,16,16,1,0
861,862,32,25,192,0,42,21,56,0,1
862,863,61,21,231,0,41,82,53,1,1
863,864,39,11,241,1,95,44,90,1,1
864,865,69,31,249,0,94,73,51,0,1
865,866,67,26,192,1,80,60,21,1,1
866,867,51,32,256,0,79,10,100,0,1
867,868,43,19,227,1,98,60,82,0,1
868,869,46,38,280,0,43,37,38,1,1
869,870,50,40,71,1,71,65,98,0,1
870,871,44,39,195,0,41,32,12,1,1
871,872,44,12,129,1,85,42,77,1,1
872,873,30,13,179,1,68,30,94,0,0
873,874,53,39,85,0,41,34,65,0,0
874,875,41,21,69,0,73,36,51,0,0
875,876,39,17,193,1,66,46,100,0,0
876,877,60,28,116,0,99,99,13,0,0
877,878,40,15,169,1,93,22,72,0,1
878,879,45,34,207,1,78,35,73,1,1
879,880,38,33,104,0,83,39,62,1,1
880,881,43,2,115,0,77,89,70,0,0
881,882,48,3,276,0,57,88,27,1,0
882,883,60,4,75,1,75,80,88,0,1
883,884,38,9,234,1,58,14,45,0,0
884,885,65,28,246,0,66,36,27,1,1
885,886,68,31,179,1,84,3,1,1,1
886,887,55,30,292,1,59,21,16,0,1
887,888,37,1,105,0,60,80,58,0,0
888,889,53,11,261,1,62,21,51,0,0
889,890,37,26,239,1,69,80,3,1,1
890,891,48,4,83,1,64,77,76,0,1
891,892,59,36,275,0,70,77,81,0,1
892,893,51,26,295,0,66,16,2,1,1
893,894,38,22,105,1,73,71,36,1,1
894,895,33,32,104,0,47,97,96,1,0
895,896,66,3,69,1,58,89,23,0,1
896,897,37,20,99,0,80,93,71,0,1
897,898,30,23,202,1,65,85,34,1,1
898,899,57,30,133,1,67,79,1,0,1
899,900,35,23,202,1,43,93,32,0,1
900,901,65,9,102,1,70,79,75,1,1
901,902,40,1,191,0,55,37,85,1,0
902,903,34,30,237,1,90,23,76,0,1
903,904,53,24,160,1,49,99,9,1,1
904,905,47,3,285,0,77,98,80,1,0
905,906,49,10,220,0,87,5,61,0,1
906,907,57,16,284,1,49,67,42,0,1
907,908,42,1,239,1,84,81,68,0,1
908,909,34,5,280,0,48,5,58,0,0
909,910,59,8,253,1,78,25,8,0,0
910,911,30,4,161,1,75,100,76,0,1
911,912,51,19,118,1,90,90,59,1,1
912,913,47,28,240,1,97,40,62,1,1
913,914,34,20,51,1,75,74,51,1,1
914,915,60,8,231,1,58,37,22,0,0
915,916,35,27,65,1,99,79,29,0,1
916,917,56,7,232,1,58,82,42,0,1
917,918,54,30,143,1,51,42,67,0,0
918,919,58,19,288,0,52,52,20,0,0
919,920,57,26,220,0,64,14,42,1,1
920,921,45,7,238,0,75,89,72,0,0
921,922,41,20,215,1,64,55,6,1,1
922,923,49,27,94,1,67,55,15,0,1
923,924,47,22,175,1,81,30,22,1,1
924,925,63,5,228,0,92,82,57,1,0
925,926,52,2,219,0,78,56,86,1,0
926,927,56,4,73,1,69,50,30,1,0
927,928,46,8,164,0,44,23,68,1,0
928,929,50,6,207,0,56,57,5,1,0
929,930,69,3,214,1,57,72,64,1,1
930,931,60,38,298,1,82,86,58,0,1
931,932,32,4,172,0,86,3,27,0,0
932,933,46,10,230,1,60,9,17,1,0
933,934,55,14,240,0,61,62,87,0,0
934,935,52,33,280,0,78,72,76,0,1
935,936,35,12,188,0,89,82,96,1,1
936,937,57,6,127,1,97,14,9,0,0
937,938,37,39,200,0,96,97,6,1,1
938,939,37,5,166,0,45,62,36,0,0
939,940,48,38,129,1,89,18,95,1,1
940,941,67,29,99,1,55,62,44,0,1
941,942,58,21,134,0,41,55,85,1,0
942,943,52,24,232,1,90,20,15,0,1
943,944,61,27,232,1,40,33,87,0,1
944,945,39,19,53,0,96,16,13,0,0
945,946,56,38,274,1,69,17,10,1,1
946,947,30,2,231,0,97,80,82,1,1
947,948,68,4,110,1,82,65,86,0,1
948,949,58,0,160,1,91,50,33,0,0
949,950,32,14,127,0,76,64,59,1,0
950,951,66,25,132,0,87,42,12,0,0
951,952,60,2,300,1,62,56,38,0,1
952,953,40,39,182,1,40,9,43,1,1
953,954,51,40,149,1,58,36,27,1,0
954,955,47,33,272,0,85,47,39,0,1
955,956,64,4,286,1,42,68,15,1,1
956,957,35,30,195,0,41,55,49,0,1
957,958,32,12,221,1,95,75,27,0,1
958,959,34,0,80,1,76,35,67,1,0
959,960,38,21,168,1,56,30,91,0,1
960,961,57,14,143,1,67,54,59,1,1
961,962,48,25,198,1,57,37,11,1,1
962,963,57,17,224,0,72,72,15,0,0
963,964,56,8,79,0,54,89,52,1,0
964,965,42,0,104,0,61,14,53,0,0
965,966,67,8,154,1,80,15,48,1,0
966,967,50,22,245,0,66,76,35,0,1
967,968,56,1,246,0,94,88,61,1,1
968,969,35,13,90,1,76,93,83,0,1
969,970,67,37,222,1,71,52,25,0,1
970,971,40,39,123,0,99,55,55,1,0
971,972,70,17,268,0,84,6,89,0,1
972,973,46,15,257,0,58,56,21,0,0
973,974,68,28,207,0,67,54,72,0,1
974,975,36,10,126,0,67,51,68,0,0
975,976,59,5,277,0,95,3,80,0,1
976,977,50,2,134,0,49,42,48,0,0
977,978,30,13,222,1,59,39,97,1,0
978,979,54,1,294,0,64,29,1,1,0
979,980,61,31,153,1,60,9,52,1,1
980,981,37,30,222,1,53,93,6,1,1
981,982,34,10,128,1,61,6,99,0,0
982,983,59,21,261,0,92,35,76,0,1
983,984,37,2,133,0,65,34,19,1,0
984,985,48,30,222,1,83,87,93,0,1
985,986,59,32,232,0,50,38,29,1,1
986,987,44,23,236,0,94,35,74,0,1
987,988,65,0,182,1,46,19,94,0,0
988,989,56,14,295,0,56,48,66,1,0
989,990,42,36,295,1,57,95,58,0,1
990,991,43,26,173,1,46,58,65,1,1
991,992,66,37,81,1,95,48,2,1,0
992,993,59,26,55,1,59,89,55,1,1
993,994,68,11,143,0,77,25,78,0,0
994,995,42,2,75,1,50,35,16,0,0
995,996,45,29,86,0,83,42,51,1,0
996,997,36,31,62,0,97,98,6,0,0
997,998,56,22,142,0,55,42,4,1,0
998,999,64,1,246,0,90,98,97,1,1
999,1000,44,6,74,1,94,75,96,0,1
