feature_1,feature_2,feature_3,feature_4,feature_5,target
-0.017,-0.467,2.091,0.615,-0.562,1
-0.414,-1.3,-0.101,-1.1,-0.469,1
-0.84,0.687,-0.068,-0.089,-0.312,0
-0.355,0.714,0.42,-1.767,-0.5,1
0.308,-0.295,-0.766,-0.996,0.778,0
-0.686,-0.733,0.3,-0.363,1.582,0
-0.443,1.846,-0.711,1.043,-0.762,0
-0.483,-0.777,-0.448,-1.167,0.501,0
1.325,-1.163,-2.119,0.547,-1.167,0
-1.02,1.628,0.348,-0.119,-1.542,0
0.642,1.502,-0.195,0.744,1.361,0
0.793,0.478,0.925,0.884,0.781,0
0.466,-2.262,0.537,-0.8,1.672,0
-0.36,-2.151,-1.359,-0.72,-0.568,0
-0.544,1.849,-0.009,-0.417,0.474,0
-0.44,-0.756,1.136,1.276,0.164,1
2.716,0.809,-1.07,-0.199,-0.989,0
-2.154,0.391,1.522,-0.533,0.132,1
-0.297,-0.332,-0.445,-0.195,-0.09,0
-0.445,-1.204,-0.85,-0.183,-0.746,0
0.714,-0.614,0.802,1.899,-0.228,0
-1.346,0.918,0.406,0.583,-1.803,1
2.201,-0.187,0.056,0.254,1.018,0
-0.082,-0.079,-0.209,-0.344,1.814,0
-1.275,-1.656,-0.094,-1.391,-0.301,1
0.388,0.674,-2.253,-2.061,0.555,0
-0.572,-0.284,-2.762,0.892,0.367,0
0.502,0.986,-0.207,1.447,-0.958,0
-0.987,-0.607,-0.965,0.987,-0.951,0
-0.711,0.576,-1.86,-1.193,0.398,0
0.438,-1.994,-0.466,0.9,-0.743,1
0.721,2.689,0.146,-0.726,1.887,0
0.142,0.273,-0.443,-0.586,-0.567,0
1.288,0.288,-0.071,0.612,0.504,0
-0.34,-1.331,1.37,0.358,-0.576,1
-0.298,-0.291,0.701,-0.956,-0.65,1
-0.388,-1.219,-0.116,0.089,0.795,0
0.515,0.649,0.495,1.661,-0.538,0
0.662,-0.41,-1.707,-0.91,-0.814,0
0.26,-1.087,-0.389,0.39,-0.059,0
0.458,0.3,0.166,-0.063,0.397,0
-0.247,-2.311,-1.667,0.99,-0.559,0
-0.283,0.93,-0.202,-0.971,-0.566,0
0.428,0.705,2.023,-0.536,1.104,0
0.191,1.562,2.002,-0.961,0.076,1
0.943,-0.208,0.666,1.946,-0.092,0
0.274,-1.734,-0.58,1.16,-0.662,0
1.077,1.066,0.413,-0.466,-0.494,0
1.743,1.513,-0.701,-0.216,1.08,0
-1.072,-0.265,-0.024,-1.828,-0.423,1
-0.739,-2.277,1.141,1.018,0.086,1
0.573,0.609,0.338,1.764,-0.024,0
-1.064,-1.559,-2.173,0.669,-2.075,0
0.131,1.327,0.828,-0.274,1.374,0
-0.311,0.132,1.522,-0.297,1.164,0
0.3,-0.812,0.609,0.919,1.377,0
-0.964,0.336,-1.504,0.996,-1.088,0
0.43,-1.145,0.492,0.961,-1.573,1
0.278,0.856,-0.57,-0.784,2.085,0
0.686,-0.598,-1.598,2.473,-0.367,0
-0.037,-1.099,-1.346,1.57,-1.442,0
0.39,-0.674,0.548,0.027,0.167,0
-0.098,1.426,-0.246,0.355,-1.274,0
0.522,-1.305,-0.25,-1.448,1.583,0
1.418,0.128,0.267,1.179,0.752,0
0.309,0.084,1.392,-1.029,-1.651,1
1.171,1.066,0.987,-0.469,-0.749,0
-2.54,0.331,-0.548,-0.419,0.556,0
1.03,-1.093,-0.729,-1.051,1.026,0
1.68,-0.786,-0.816,-0.166,-0.356,0
0.212,0.164,0.409,-0.092,-1.763,1
1.293,-0.679,-0.098,1.498,-0.058,0
-1.01,2.038,0.398,-0.183,0.424,0
-0.382,-0.275,0.181,0.472,-0.236,0
1.148,0.01,1.039,0.388,1.372,0
0.394,0.371,-1.667,-0.482,0.939,0
-1.09,-0.219,-0.272,-0.855,1.188,0
0.992,0.357,1.121,-1.772,-1.377,1
-0.841,-0.26,0.665,1.778,-0.499,0
0.793,-1.743,0.555,-1.209,0.033,1
0.761,0.598,0.684,-0.353,-1.076,1
-1.426,0.874,0.366,-0.166,1.202,0
0.446,-0.706,1.191,-2.104,0.457,1
-1.041,-0.949,0.469,1.082,0.276,0
-0.46,1.094,1.583,1.269,0.631,0
-0.141,-2.337,-0.539,-0.707,0.051,1
0.915,-1.051,1.422,0.777,1.481,0
0.624,0.001,1.175,-2.031,1.262,0
0.739,-1.392,-0.452,0.923,-0.049,0
0.066,-0.54,-0.245,-0.608,-0.314,0
1.536,0.466,-2.715,0.117,-0.978,0
-0.832,-1.076,0.893,0.236,1.066,0
-0.453,-1.848,2.016,1.171,0.644,1
-0.652,1.673,0.439,0.039,0.452,0
-1.77,0.392,0.198,1.585,1.39,0
-0.037,-0.135,1.639,0.247,-0.307,1
-0.69,-0.654,-0.129,0.604,-1.479,1
-1.744,-0.318,0.234,-0.717,-1.502,1
1.176,1.377,-0.889,1.575,-1.143,0
-0.414,0.118,-1.16,0.558,0.435,0
1.33,0.221,0.369,0.524,0.269,0
1.116,-1.232,1.862,-2.301,-1.797,1
-2.729,-1.415,0.175,0.375,-1.533,1
0.551,1.044,-1.033,-0.463,-1.041,0
-0.428,0.997,-1.69,2.598,0.117,0
1.712,0.71,-0.625,0.366,-0.073,0
0.719,-1.038,-1.078,1.801,-1.407,0
-0.339,0.237,-0.234,-0.741,1.243,0
0.398,1.417,-1.038,0.509,2.355,0
0.777,1.363,0.83,-1.261,0.073,0
-0.029,-0.247,1.464,1.261,-0.322,1
-0.968,-1.714,1.941,-0.221,-0.982,1
-0.51,0.15,-1.049,2.142,-0.08,0
-0.375,-0.332,0.241,1.236,1.467,0
-0.404,0.93,0.789,-1.606,-0.173,0
0.154,-0.592,-0.542,-0.19,0.296,0
-0.038,-1.455,1.081,-0.226,0.3,1
-0.647,0.529,0.02,0.89,-0.529,0
-0.837,-0.351,-0.185,-0.69,0.619,0
-1.513,-0.366,0.221,0.789,0.556,0
-0.933,-0.053,-1.122,0.708,1.076,0
-0.099,0.375,-1.381,-1.34,-0.655,0
0.234,-1.777,-1.471,-0.57,0.152,0
0.212,-0.312,0.981,-0.215,-2.184,1
1.004,1.465,0.299,1.318,1.744,0
0.907,-0.096,-1.668,0.182,0.389,0
-0.254,0.278,-0.811,-0.549,-0.488,0
0.268,-1.817,-1.297,0.552,-1.532,1
0.853,0.162,-0.769,1.532,-1.094,0
0.905,0.078,0.48,-0.558,-0.429,0
-0.428,-1.235,0.963,0.29,-0.077,1
0.227,0.1,-1.219,0.194,0.636,0
0.285,-0.972,-0.196,0.833,-2.56,1
0.926,-0.479,0.175,-0.675,-0.107,0
0.01,1.309,-0.811,-1.311,-0.328,0
0.462,0.634,0.766,0.487,0.067,0
0.228,0.33,0.051,0.471,-1.432,0
-1.031,-0.133,2.436,-0.204,-1.319,1
-1.279,-1.611,-0.707,0.93,-0.042,0
-0.604,0.694,-2.021,-0.142,-0.742,0
-1.575,-1.192,-0.329,-0.914,-1.303,1
0.861,0.05,0.612,0.614,2.677,0
0.504,-0.08,-0.759,-0.778,1.546,0
-1.499,1.136,1.026,-1.298,-1.048,1
-0.565,0.738,1.515,-0.488,-0.401,1
0.581,-0.269,-2.269,-0.874,0.266,0
1.629,1.92,-0.226,-1.954,0.349,0
-0.282,-1.3,-0.29,0.641,0.353,0
-0.666,-0.126,0.943,0.466,-0.102,1
0.728,0.655,0.481,0.982,0.501,0
0.844,0.007,1.463,0.827,0.542,0
0.029,-0.207,0.027,-0.042,0.984,0
0.869,0.72,-0.023,1.131,-0.914,0
-2.015,0.394,-1.126,0.931,1.425,0
1.273,2.014,-0.816,-0.778,-0.409,0
0.503,0.564,-0.579,-0.339,-0.024,0
0.725,-0.525,0.393,0.197,1.368,0
-0.408,1.465,-0.107,-0.594,-0.61,0
-0.142,-1.017,-0.696,1.891,1.764,0
-0.934,-1.664,-0.864,0.992,0.098,0
-1.24,0.872,-1.48,-0.052,0.28,0
-1.218,0.317,1.537,-2.853,0.274,1
0.621,-0.106,0.595,-0.276,0.244,0
0.285,0.512,-0.233,-0.556,0.704,0
0.044,-0.148,1.187,-0.079,0.305,1
-0.932,-0.237,0.186,0.457,-1.43,1
-1.249,-0.699,-0.098,-2.216,-0.637,1
-1.316,-0.217,0.023,-0.112,-1.626,1
0.495,-0.777,-0.673,-1.153,-0.125,0
-1.073,-1.472,0.302,-1.774,0.127,1
-0.593,-0.538,-1.274,0.546,-1.741,0
1.509,-0.722,-0.448,0.619,0.702,0
0.435,1.112,-0.814,-0.73,1.488,0
1.117,-0.04,0.087,-0.326,-0.522,0
1.744,-0.032,-0.608,0.58,0.955,0
-1.214,-1.053,0.316,0.979,-1.022,1
0.232,0.294,-1.489,-1.355,-1.479,0
-0.528,0.54,-0.644,-1.246,-0.346,0
-0.047,0.065,-0.988,0.106,0.386,0
1.509,1.111,-1.382,-1.263,-0.167,0
-1.16,-1.662,-0.315,0.081,-1.028,1
0.283,0.418,-0.01,-0.791,-0.494,0
-0.716,0.62,1.4,0.948,0.725,0
-1.679,-0.726,0.013,0.476,0.534,0
-1.103,0.656,-0.847,-1.437,-1.241,0
-0.642,-0.957,0.668,0.655,-0.694,1
-2.413,0.75,-0.404,1.161,1.521,0
0.357,-1.922,-0.885,0.413,1.467,0
-0.47,1.42,-1.067,-0.829,0.502,0
1.322,-2.199,1.146,-0.074,0.408,1
-0.629,-0.117,0.077,-0.21,0.289,0
1.36,0.652,-0.54,-0.456,-0.926,0
-0.677,-1.873,-0.855,-1.222,0.455,0
1.3,0.184,-0.225,-0.496,-0.55,0
1.073,0.008,-0.106,-0.022,-1.841,1
-0.768,-1.463,0.874,-0.096,0.125,1
-0.294,0.583,2.177,0.11,1.815,0
0.687,-0.017,-0.117,0.89,1.282,0
0.717,-1.008,1.099,0.784,0.767,0
0.366,0.793,-1.035,0.79,-0.348,0
-1.461,-0.115,-1.454,1.758,0.442,0
-0.157,-0.149,-0.466,0.524,-0.402,0
0.019,-0.372,-3.255,1.671,0.13,0
1.392,-2.253,-0.84,-0.333,-0.244,0
1.27,1.553,-1.544,0.605,-0.638,0
0.208,0.114,0.076,0.644,-1.06,0
-0.166,-0.43,0.827,1.267,-0.949,1
-1.503,0.035,0.007,-0.6,-1.021,1
-0.684,-0.92,1.162,-1.107,1.316,1
0.045,0.933,1.358,1.458,0.422,0
-1.805,0.691,-0.08,-0.339,-1.017,0
-0.934,-0.722,0.945,1.154,1.581,0
0.282,-2.175,-0.246,0.008,0.178,1
-0.607,0.334,-0.362,0.453,-1.271,0
0.43,0.124,-0.755,-1.229,-0.398,0
0.845,0.595,0.364,-0.004,-0.723,0
0.436,1.773,1.142,0.681,1.62,0
-0.25,0.078,-0.325,-0.612,-0.677,0
-0.33,0.812,1.211,2.138,-0.497,0
-1.205,-1.033,0.485,1.04,-0.037,1
0.721,1.621,1.209,0.897,0.422,0
0.241,-1.016,-1.169,0.136,-0.664,0
-1.818,0.25,1.505,-0.428,0.353,1
-0.282,-0.402,1.9,0.009,-0.58,1
0.711,-0.926,0.982,0.607,-1.959,1
0.62,-0.531,0.111,-0.832,1.266,0
-0.287,0.303,1.41,-0.251,2.041,0
1.527,1.415,-0.594,-2.238,0.081,0
0.635,-0.055,-0.199,0.817,0.776,0
0.206,0.295,-0.409,-1.003,1.0,0
1.264,0.019,1.334,-1.053,0.333,1
-0.146,1.305,-0.71,1.555,-0.14,0
-0.586,0.442,0.686,-0.211,1.264,0
0.93,-0.942,1.177,0.31,-0.114,1
1.413,-0.6,-0.064,0.446,0.803,0
0.487,-1.088,0.965,-0.973,0.141,1
-0.169,-0.036,-1.41,-1.176,-0.942,0
0.951,1.78,-0.584,-1.273,1.037,0
-1.262,0.7,-1.465,0.026,-0.732,0
-1.678,-0.644,-0.95,-0.454,1.106,0
-1.162,-0.198,-0.125,1.284,-0.326,0
-0.194,-0.218,-0.385,0.759,0.863,0
-0.408,-0.703,0.486,0.297,0.418,0
-0.582,-2.127,1.755,1.148,-0.396,1
-0.687,0.548,-1.022,-0.962,1.074,0
0.017,0.375,-0.608,-0.32,0.448,0
-1.087,-0.907,-0.162,0.04,-0.537,1
0.059,1.574,1.508,-0.39,2.197,0
-0.581,1.732,1.35,0.112,-0.237,0
2.747,-0.457,-0.897,-0.173,0.275,0
-0.276,-2.645,-1.443,-0.14,0.576,0
0.518,-0.4,-0.852,-0.111,-0.197,0
-0.888,-0.672,-1.462,1.018,0.483,0
-0.343,1.39,-1.035,0.59,0.147,0
-1.237,0.519,-0.395,-0.954,-0.195,0
-1.06,0.015,-0.764,-1.111,-0.57,0
0.533,0.697,-0.01,-0.779,-0.777,0
0.57,0.266,1.079,-0.57,0.316,0
1.353,-1.358,0.883,0.544,-0.531,1
-2.418,-0.215,-0.078,-0.663,-0.718,1
0.638,0.118,2.043,0.338,-1.537,1
0.331,-0.8,-0.499,0.717,1.35,0
-0.438,0.853,-0.219,-0.198,-0.884,0
-0.632,-2.538,0.6,-1.258,-0.558,1
1.115,-1.022,-1.448,1.322,1.062,0
-1.059,1.163,1.279,0.906,0.315,0
-0.043,-0.636,-0.193,1.035,-0.167,0
-0.182,-1.5,-1.334,0.842,-0.591,0
-1.668,-1.056,-0.655,-0.533,-1.928,1
-0.139,0.397,0.485,-0.871,0.55,0
1.494,0.706,2.941,-2.227,-0.235,1
-0.826,2.48,1.342,0.582,0.008,0
-1.513,-0.909,0.042,1.632,0.585,0
-0.763,-0.038,-0.463,0.768,0.309,0
0.322,-1.041,1.06,-0.611,-0.964,1
-0.386,-0.896,1.069,0.644,1.18,0
0.167,-0.431,-1.145,-1.471,-0.44,0
-1.062,-1.29,0.473,0.848,0.104,1
-1.286,0.281,1.835,0.651,-1.326,1
0.415,0.456,-0.866,-0.103,-0.692,0
-0.473,0.403,1.339,-1.33,-0.059,1
0.152,0.23,-1.474,1.021,0.429,0
0.424,-0.107,0.611,-1.199,2.025,0
-0.056,-0.593,0.029,0.353,0.859,0
0.307,1.683,-1.043,0.414,1.511,0
-0.452,1.187,0.705,-0.3,-0.199,0
0.273,1.43,1.105,-0.477,-0.75,0
-0.665,0.659,0.497,-0.028,0.174,0
0.95,1.915,-1.436,-0.824,-1.287,0
0.103,1.278,-0.316,1.338,-1.175,0
-0.504,0.356,0.597,-0.347,-0.378,0
-0.664,0.362,2.096,-1.891,-0.597,1
-1.17,2.573,-0.881,0.078,-0.718,0
0.303,-0.22,-0.72,0.096,0.263,0
-0.421,-1.878,0.235,1.255,0.587,0
-1.917,-0.329,1.119,-2.273,0.024,1
0.813,-0.007,0.274,0.582,0.011,0
1.005,-0.644,-0.197,-0.005,0.117,0
0.149,0.614,-0.709,0.953,-0.475,0
2.581,-0.176,0.315,0.287,0.009,0
-0.207,-0.654,-0.162,0.126,-0.821,1
1.677,1.974,-0.675,-1.064,-1.24,0
0.591,0.296,-1.201,-0.896,1.685,0
1.032,-0.01,-1.139,-0.405,1.107,0
0.35,1.005,-1.559,-0.076,-0.83,0
0.59,-1.647,0.195,2.59,1.606,0
1.596,-2.575,1.639,0.998,0.018,1
-0.274,0.914,1.126,0.319,-0.263,0
-0.092,1.094,-1.126,-1.463,0.037,0
-0.742,-0.937,-0.746,-0.729,-0.866,1
0.552,-0.342,-0.004,-0.255,2.252,0
0.068,1.719,-2.067,-0.862,-0.325,0
0.37,-0.701,-1.914,0.209,-1.8,0
-0.298,-0.346,-0.088,-1.164,1.605,0
-1.127,0.152,1.349,0.97,-1.019,1
0.608,1.774,0.787,0.178,-0.285,0
-0.366,-1.578,0.643,-0.727,2.329,0
-0.509,1.366,1.902,-1.179,0.194,1
-0.48,-0.189,0.333,0.24,-1.858,1
0.004,-0.937,-1.338,-1.35,0.882,0
-1.331,0.244,0.765,0.327,-1.189,1
0.026,1.105,0.871,-0.985,0.154,0
0.845,0.428,0.911,0.936,-0.452,0
-0.234,-0.319,0.071,2.337,-0.833,0
1.42,-0.65,-0.158,-0.826,-0.584,0
0.985,0.728,-1.203,-1.247,0.73,0
0.461,1.167,-0.887,1.007,-0.11,0
-0.422,0.893,-0.617,-0.973,-1.359,0
-0.997,-1.167,0.018,-0.066,-0.008,1
0.542,1.019,-1.304,1.269,0.107,0
-0.886,1.559,0.23,0.522,0.495,0
0.803,-0.695,-0.185,-0.507,1.322,0
0.942,-2.384,-0.822,0.476,0.501,0
-0.351,-1.551,-0.974,0.797,1.587,0
1.437,-0.828,2.483,-0.252,1.591,1
0.781,0.288,0.885,0.672,0.599,0
0.957,0.687,1.092,-1.003,1.169,0
0.168,0.664,1.823,-0.493,-1.138,1
2.881,-0.261,1.313,0.667,-0.205,1
-0.762,0.622,0.556,-0.143,-0.649,0
-0.682,0.165,1.843,-0.914,-0.925,1
-1.078,1.469,0.18,0.435,-1.092,0
-0.67,1.399,-0.894,-0.522,-0.347,0
0.864,-0.67,-0.256,-0.181,-0.057,0
0.899,0.064,-0.488,0.415,0.845,0
0.446,-1.251,0.905,-1.56,1.603,0
-1.068,-0.011,-1.424,-0.207,-1.458,0
-1.577,1.119,0.528,-0.557,-0.669,0
-1.177,1.473,1.205,-1.665,0.423,0
0.559,-0.775,-0.99,-0.917,-1.77,1
0.023,0.014,-1.015,-0.579,-1.086,0
0.758,-1.016,-0.088,-0.227,0.285,0
0.708,1.025,-0.887,-0.183,-1.905,0
-1.104,1.635,-0.803,-0.304,-0.655,0
-1.4,-0.135,0.068,0.709,-0.046,0
-1.426,1.085,0.104,0.854,0.231,0
0.045,-1.409,-1.156,0.468,0.551,0
-0.167,0.704,-1.273,-0.288,-0.159,0
0.98,-1.616,0.556,0.354,0.478,1
-0.501,-0.384,0.599,-1.486,0.904,0
-1.729,-0.964,-0.576,-0.542,-0.311,0
0.761,0.952,-1.319,-1.071,-0.375,0
0.565,-1.159,0.215,1.044,-0.726,1
0.248,0.15,-1.325,0.059,0.375,0
-0.08,-1.181,1.513,0.072,-1.272,1
1.024,0.625,-0.184,0.91,-1.249,0
-0.387,-0.482,-1.099,-0.582,-1.805,1
-0.8,0.351,-0.56,1.818,0.248,0
-0.18,-2.116,-0.997,0.227,-2.143,1
0.103,-1.883,-0.244,-0.595,-0.856,1
0.569,0.626,-1.117,0.621,-0.09,0
-0.655,0.059,0.472,-0.23,0.693,0
0.136,-0.927,0.871,-0.236,0.539,1
0.109,-0.494,-0.8,1.001,-0.504,0
-0.486,0.645,-0.306,0.667,1.81,0
0.969,-0.723,0.209,-1.076,0.684,0
0.588,1.022,-0.197,0.362,-0.835,0
-0.963,0.032,0.717,-0.474,-0.081,1
1.212,0.887,-1.461,-0.483,-0.468,0
-1.284,1.041,1.009,0.913,-0.988,0
0.631,0.416,0.594,-1.041,0.429,0
-0.188,-2.737,-0.52,0.525,1.086,0
-0.295,-1.079,0.236,-1.834,0.731,1
-1.209,0.266,-0.299,-0.873,-0.536,0
1.307,1.421,-0.02,0.201,-1.348,0
-0.529,-0.623,0.064,-0.636,-1.184,1
1.066,0.399,-0.614,1.51,-0.096,0
-0.504,-1.529,-1.253,0.65,1.317,0
0.779,-1.863,-0.657,-0.783,2.023,0
-0.302,0.683,-1.561,0.325,-1.076,0
-0.149,1.272,0.418,1.008,1.5,0
0.075,0.657,-0.287,-0.447,-0.3,0
0.384,0.597,0.395,0.785,-1.522,1
1.997,-0.933,1.493,-0.583,0.778,1
-0.105,-0.693,-0.309,-1.376,1.0,0
1.496,0.796,-0.411,-1.419,0.388,0
-0.928,0.158,0.939,-1.065,-0.156,1
-2.054,0.081,0.447,-0.454,-0.139,0
-0.873,-0.143,-0.499,-0.175,1.167,0
0.251,0.597,-0.492,1.451,0.498,0
-0.417,-0.112,0.938,1.12,-0.252,0
-0.992,-0.01,0.634,0.254,0.236,0
0.975,-1.389,0.23,-0.424,3.212,0
1.439,0.64,-0.107,-0.982,0.088,0
1.898,0.725,-0.286,-0.064,-1.561,0
0.589,-0.45,0.364,-0.095,-0.533,1
0.828,-0.502,1.438,-0.193,1.641,0
1.438,0.64,0.602,1.23,0.463,0
-1.234,1.559,1.351,-0.139,-0.368,0
0.861,-1.054,-0.281,-2.195,-0.432,1
-0.855,-0.167,-1.169,0.661,-0.236,0
0.023,-0.167,-1.024,0.913,-0.32,0
0.211,-0.671,-1.413,-0.038,1.713,0
-0.735,0.049,0.063,0.264,0.006,0
-0.091,1.031,-1.167,-1.204,-1.731,0
-0.79,-1.423,0.455,0.463,-0.769,1
1.936,0.401,-0.654,0.008,0.813,0
-0.717,1.08,0.037,-0.735,-0.769,0
0.816,-0.255,-1.232,-0.579,0.585,0
-0.078,-1.442,-0.102,1.463,0.956,0
-0.217,-0.098,1.135,0.671,0.03,1
0.046,1.832,-1.983,1.19,-1.902,0
-0.19,0.597,0.641,-0.011,-2.792,1
-0.509,0.512,-1.486,-0.328,-1.753,0
1.998,-0.893,0.63,-0.609,1.081,0
0.244,-0.192,-0.549,-1.651,0.206,0
-0.639,0.337,1.02,0.149,0.438,0
0.914,-0.325,1.689,0.193,0.727,1
0.269,0.509,1.6,0.629,-1.311,1
0.093,-0.252,1.266,-1.339,0.002,1
0.18,0.524,-1.124,-1.455,-0.668,0
-0.119,-1.063,0.443,-0.494,-0.376,1
0.79,0.018,-0.364,-1.74,1.046,0
1.716,0.556,1.012,-1.069,-0.101,0
0.17,0.417,0.173,0.574,-0.578,0
0.483,0.63,-0.207,0.773,1.08,0
0.154,-0.004,1.911,-0.161,1.497,0
-1.584,-1.745,0.4,1.173,-0.333,1
0.063,1.462,-0.948,-0.164,-0.18,0
-1.406,0.318,-0.473,-1.139,0.317,0
-0.163,-0.049,0.517,-0.385,-0.711,1
0.479,-0.385,-0.65,-0.447,-0.567,0
0.233,0.802,0.119,-0.391,-0.446,0
-2.084,0.268,-0.694,-0.082,-0.59,0
0.879,0.154,1.583,0.616,-1.184,1
-0.129,-0.897,-0.862,-1.973,0.232,0
0.38,0.757,0.394,0.77,1.294,0
0.692,2.938,0.774,0.345,-0.348,0
0.793,1.938,0.611,-0.71,-0.044,0
-0.237,-0.353,-0.313,-1.534,-0.961,1
-2.319,0.48,1.699,1.364,0.879,0
1.673,-0.597,-0.591,-0.317,-0.631,0
0.444,0.374,0.841,0.795,0.234,0
-0.943,1.622,0.068,0.651,0.691,0
0.124,0.149,-1.053,-1.246,0.603,0
-0.447,1.786,-0.448,-0.117,-0.25,0
-0.153,-0.979,-0.534,-0.22,-1.266,1
0.913,-0.908,-0.71,-0.052,-1.075,0
0.411,-0.748,1.045,1.046,1.069,0
-0.164,0.625,0.143,-0.538,-1.17,0
0.174,-0.152,-0.601,-1.512,-2.282,1
-0.464,1.317,1.07,0.384,0.387,0
-0.555,-0.218,-1.059,-0.343,-0.554,0
0.042,0.431,-0.782,-1.637,-0.575,0
-0.578,0.425,-0.522,-0.225,0.163,0
-2.309,-0.64,-1.681,0.693,0.553,0
-0.035,1.447,-0.204,1.014,-0.633,0
-0.169,0.833,1.246,-0.872,0.525,0
0.024,-0.777,0.259,-0.898,-0.348,1
-0.155,0.747,-0.086,0.535,0.301,0
-1.066,1.559,-1.539,0.315,-0.739,0
-0.238,0.18,-0.685,-0.963,-1.333,0
0.785,-0.119,-0.583,-1.272,1.405,0
-1.228,1.258,-1.276,-0.45,-0.777,0
0.736,-1.185,-0.02,-0.896,0.557,0
1.49,-0.765,0.443,-0.308,-0.84,1
-1.641,-0.351,-1.345,0.31,0.146,0
-1.892,0.242,0.051,-1.205,1.35,0
-0.116,-2.193,0.442,0.12,0.69,1
0.726,-0.384,-0.402,0.058,-0.168,0
-0.015,0.173,-0.582,0.353,0.188,0
0.098,-0.135,0.263,0.366,-1.282,1
-0.341,0.442,1.316,1.642,0.694,0
-1.558,0.926,0.56,-0.373,-1.729,1
0.261,1.379,-1.287,1.331,0.698,0
0.634,0.153,-1.62,0.606,-0.612,0
-0.823,0.241,1.6,-0.853,-1.239,1
-0.037,0.56,0.258,0.715,-1.083,0
1.303,1.067,0.432,1.684,-0.366,0
-0.391,-0.378,-0.875,0.959,0.7,0
0.168,0.817,1.819,-0.385,-0.812,1
1.069,-0.267,0.901,-1.522,-0.701,1
-0.498,-0.448,-0.634,0.639,-0.53,0
0.004,0.942,0.401,-1.124,-0.751,0
1.044,-0.457,1.024,0.559,-2.244,1
-0.566,1.462,-0.063,0.232,1.469,0
0.316,0.337,-0.153,0.003,0.254,0
0.707,-0.594,-1.784,1.276,-0.728,0
-0.879,0.804,1.149,-0.269,-0.734,1
-1.16,0.002,-0.773,-0.502,1.143,0
0.145,1.397,1.179,-1.693,0.01,0
0.324,0.401,-1.099,0.195,0.355,0
0.966,-0.702,0.219,-0.993,-3.248,1
1.325,0.284,-1.229,-0.065,0.076,0
-0.962,1.446,-0.068,-0.907,-0.48,0
-0.292,-0.076,0.415,-0.113,-0.703,1
-2.312,-1.233,-0.798,0.417,1.59,0
1.708,0.091,0.626,2.265,0.786,0
-0.555,0.486,-0.832,0.334,0.231,0
-1.141,1.217,-0.288,0.984,1.214,0
-0.718,-0.159,0.077,-0.649,-0.133,0
1.962,-1.505,-1.969,1.023,0.956,0
0.662,1.132,0.59,0.485,0.196,0
0.781,1.975,-0.516,-0.034,-1.68,0
1.702,0.681,-1.151,-1.321,-0.489,0
1.748,0.246,-1.93,0.586,-1.701,0
-0.812,0.693,-0.131,-0.001,-0.897,0
-1.362,0.659,1.587,-1.866,-0.222,1
1.385,-0.124,-0.375,0.096,1.579,0
-0.967,1.561,-0.707,0.134,0.235,0
1.266,-0.92,0.825,-0.075,-0.214,1
-0.032,-0.092,0.872,0.697,-0.229,0
-1.698,1.807,-0.645,0.464,1.842,0
1.192,-0.098,-1.285,-0.347,-0.902,0
-1.024,1.774,-0.323,3.03,0.773,0
1.735,1.294,-0.766,0.325,0.408,0
0.911,-1.435,0.27,-0.312,0.092,1
0.051,-1.168,0.046,-2.267,-1.466,1
0.329,0.409,-0.181,-1.126,1.226,0
-0.454,-0.509,-0.96,0.177,2.443,0
-0.496,-0.137,-0.034,-0.34,0.106,0
1.062,1.145,-1.529,-0.332,-0.961,0
-1.217,-0.067,0.772,-1.881,-0.286,1
-1.869,1.569,1.452,1.447,1.13,0
0.043,0.918,-0.486,0.764,0.853,0
1.202,0.272,-0.358,-1.038,-0.846,0
-0.979,0.395,-0.341,0.844,1.379,0
0.25,-1.124,-0.118,-0.385,-0.557,1
-0.558,1.254,1.007,-0.539,1.191,0
-2.131,1.303,0.074,0.361,-1.672,0
-0.299,-0.584,0.94,0.579,0.199,1
-1.076,-0.036,0.636,1.126,0.622,0
1.043,0.792,-1.679,-0.895,0.678,0
-0.657,0.615,1.055,1.961,0.042,0
-1.73,-1.139,1.993,1.298,-1.538,1
1.104,0.266,0.95,-0.456,-2.142,1
-0.813,-0.782,0.971,0.473,0.803,0
0.603,0.432,0.98,-1.648,-1.188,1
0.726,0.074,-0.037,0.557,-0.909,0
-1.338,0.192,-0.724,0.08,-0.54,0
0.364,1.386,0.811,-0.194,0.481,0
0.78,-0.136,0.17,-0.865,0.399,0
0.665,-0.6,-0.305,-0.399,-0.383,0
1.689,-1.02,0.671,-1.11,-1.149,1
-0.487,0.74,-0.539,-0.542,0.564,0
0.811,-2.596,-0.176,-0.736,-0.822,1
-0.094,-1.166,-0.294,-0.316,0.043,0
-0.927,0.713,-0.096,0.005,-1.411,0
0.333,-0.341,0.237,-0.15,-0.42,0
1.186,2.449,-0.5,-1.43,1.821,0
1.199,1.175,-0.188,0.714,0.707,0
0.973,-1.61,-0.894,-1.744,-0.573,1
-0.404,1.204,-0.121,-0.683,-0.669,0
-0.03,-0.714,2.005,-1.232,0.333,1
-1.439,0.449,0.275,-0.553,-1.234,1
0.182,0.565,-0.257,1.622,-0.13,0
-1.807,0.936,-0.44,-1.543,-0.357,0
-0.428,0.794,-0.693,0.63,0.725,0
-0.082,1.246,-0.122,-0.447,-0.92,0
0.249,1.58,-0.535,-1.387,-0.302,0
0.132,-0.344,-1.51,0.197,-1.361,0
-1.125,-0.728,0.855,-0.712,0.278,1
0.076,0.579,0.254,-1.588,-1.562,1
0.911,0.359,-0.243,-0.115,0.109,0
-0.27,0.791,-0.346,-0.909,0.697,0
0.608,-0.958,-0.881,-1.833,0.303,0
-1.397,-0.948,0.611,0.215,0.695,0
-1.911,1.472,0.896,0.286,0.435,0
0.128,0.252,-2.491,0.887,-0.296,0
0.703,0.14,0.575,-1.819,0.687,0
1.938,-1.51,-1.637,1.746,1.046,0
0.963,-1.308,-1.446,1.83,-1.185,0
-0.367,0.011,0.633,-0.903,-1.412,1
-0.986,1.445,-0.359,1.164,-0.439,0
-0.074,0.855,0.658,-0.381,-0.235,0
1.834,0.438,-1.94,0.872,-0.331,0
1.066,1.083,-1.305,1.027,2.205,0
0.833,0.597,-0.572,2.574,0.934,0
0.325,-0.354,0.734,-1.206,-1.043,1
0.269,-0.121,-0.114,0.487,-0.62,0
-0.696,-1.379,1.034,-0.367,0.441,1
-0.287,-1.199,0.97,1.008,0.139,1
0.205,0.787,1.241,-0.308,0.368,0
-1.19,2.366,0.029,1.705,1.232,0
-1.303,-1.195,-0.004,0.908,1.859,0
0.877,-0.825,0.833,0.388,0.05,1
0.618,0.74,0.078,-0.557,2.355,0
1.296,-0.789,-0.674,-0.236,-0.294,0
-0.321,1.251,0.783,-0.336,-2.698,1
-0.326,0.972,0.684,0.665,1.661,0
-0.055,0.866,-0.382,-1.258,0.515,0
0.029,-2.304,-0.138,-1.01,0.357,1
1.15,0.603,-0.498,0.543,-0.062,0
-1.695,-0.066,-0.388,1.949,0.072,0
1.996,1.46,0.612,1.039,-0.856,0
-0.277,0.285,0.489,0.717,0.765,0
-1.468,0.147,1.649,-1.096,-0.884,1
0.953,0.505,0.725,0.205,-0.146,0
-2.188,-0.385,-0.503,-1.734,-0.755,1
-0.659,0.348,0.2,0.771,0.223,0
-0.524,-1.486,-0.464,1.152,-1.007,1
1.494,0.127,0.165,-2.239,1.008,0
0.415,1.307,-0.368,-0.492,-0.803,0
1.731,-0.732,1.759,2.989,-1.209,1
-0.162,0.465,0.834,0.015,-0.469,0
-0.29,-1.625,-0.18,1.257,-0.749,1
1.481,0.419,-0.276,-2.219,-0.242,0
1.994,0.276,-0.527,0.942,3.259,0
-1.463,-0.964,-1.888,-0.151,0.311,0
1.099,0.3,1.47,-0.095,-0.57,1
-0.195,-0.151,-0.523,1.294,0.543,0
-0.354,1.092,-1.824,2.215,-0.262,0
-0.405,-0.515,0.28,1.794,-0.156,0
-0.535,-0.252,1.866,-0.226,0.289,1
0.203,0.307,-0.931,0.692,-0.204,0
-0.144,1.034,-0.858,-1.657,-0.568,0
-1.103,2.381,-1.018,0.219,1.052,0
0.236,-0.741,-1.112,1.123,-0.306,0
-0.434,0.562,-1.016,0.04,-0.398,0
-1.031,-0.867,0.361,1.033,-0.517,1
0.118,0.465,1.949,-0.746,1.077,1
1.143,-1.326,-1.066,-1.539,1.973,0
-0.798,0.073,0.699,0.214,-0.389,1
0.096,-0.678,0.231,-0.333,-0.054,0
0.364,-0.661,-1.614,-3.323,0.865,0
-1.414,-0.315,2.081,0.149,0.643,1
-0.605,0.473,0.113,0.03,-0.214,0
1.304,0.417,0.807,1.465,-1.943,1
-0.161,-0.982,0.072,0.541,0.827,0
-0.216,-0.127,-1.697,-0.048,-1.955,0
0.94,-0.129,1.547,-0.878,-0.02,1
0.368,0.962,-0.834,-0.091,0.866,0
0.845,-0.19,0.165,0.271,-0.01,0
0.345,-0.379,0.806,1.345,0.036,0
0.294,0.185,0.519,0.315,-0.62,0
0.317,0.674,0.149,-0.926,1.028,0
-1.21,-0.427,-1.208,1.23,-0.903,0
0.071,-0.148,-1.595,-0.24,0.672,0
-0.297,-1.229,0.319,-2.603,0.089,1
-0.537,0.281,0.01,-0.441,0.046,0
-1.595,-1.138,-0.593,-1.159,-0.093,0
0.848,0.292,1.435,-0.864,-0.043,1
1.711,0.67,1.746,-1.332,-0.599,1
0.298,0.314,-2.458,-0.311,0.586,0
0.668,-1.127,0.255,0.362,0.019,0
-1.467,1.134,0.658,0.497,-0.441,0
0.385,1.038,0.076,0.092,0.136,0
-2.143,-0.982,-1.328,1.055,0.431,0
-1.35,-1.072,-0.911,0.613,1.44,0
-0.829,1.353,-1.914,-0.854,0.574,0
0.716,-1.163,0.709,1.173,-1.413,1
0.965,1.004,-1.416,-0.31,0.888,0
1.096,-0.674,1.206,0.431,0.386,1
-0.583,-0.019,-2.534,-1.93,-0.58,0
1.634,1.303,-0.364,-1.58,1.061,0
1.038,0.341,1.397,0.119,-0.513,1
1.124,-0.204,-0.068,-0.126,-0.216,0
-0.951,-0.617,0.47,-0.073,-1.349,1
-0.432,-0.353,0.287,2.088,1.357,0
0.856,-0.644,0.175,0.421,0.409,0
-0.748,-0.875,-0.953,-1.496,0.826,0
-0.516,-0.051,-1.852,0.025,-1.5,0
0.623,-0.779,-0.63,0.012,-1.427,1
0.77,0.262,0.761,-0.402,-0.231,0
-0.294,-0.797,-0.349,1.973,-0.567,0
0.782,1.841,-1.527,-0.847,-0.557,0
1.436,0.263,0.118,0.459,-0.386,0
-0.264,0.453,-0.357,0.672,-1.209,0
-0.676,-1.644,0.047,-0.631,-0.397,1
0.162,0.416,-1.702,2.13,-0.702,0
0.668,1.113,-0.652,-0.055,-0.612,0
-1.505,-0.181,2.033,1.198,0.742,1
-0.668,-0.477,-0.181,0.01,-0.022,0
-1.15,-1.88,0.492,0.545,-1.566,1
-1.6,-1.043,-0.591,0.145,-0.847,1
-0.926,-0.425,0.284,-0.094,0.903,0
-0.044,0.614,-0.048,-1.375,0.317,0
-1.719,0.523,1.064,-0.271,0.977,0
-0.017,-2.707,-0.068,-0.767,-0.352,1
-0.792,-0.865,-0.832,0.443,0.625,0
-2.24,0.635,-0.971,0.155,-0.384,0
-1.027,0.876,-0.828,-0.023,0.874,0
-1.981,1.653,-0.063,-1.145,0.54,0
0.258,1.028,0.993,1.95,0.069,0
-2.175,1.566,0.258,0.744,-1.373,0
0.099,-0.282,-0.318,-0.295,-0.021,0
-0.905,-0.07,0.847,-0.306,1.193,0
-0.702,-0.167,0.458,0.321,-1.344,1
-0.128,0.693,0.684,0.461,-0.349,0
0.649,0.557,0.326,1.553,-0.369,0
0.422,-0.754,-0.613,-0.79,-0.122,0
-0.552,-2.299,-1.201,-1.243,0.861,0
1.092,1.899,1.356,1.541,0.278,0
-0.878,1.527,-0.495,-1.754,-1.339,0
-0.393,0.256,0.54,0.03,0.048,0
1.682,-0.13,-0.521,0.413,0.015,0
0.622,0.396,-1.417,-0.381,0.859,0
0.008,-0.0,-0.392,-0.288,1.374,0
0.565,1.028,0.305,1.97,-0.036,0
-3.457,-0.538,0.245,-0.573,-0.388,1
0.315,-0.181,0.659,0.117,0.234,0
-2.014,0.376,-2.141,1.166,0.375,0
0.749,-1.663,-0.816,0.267,1.691,0
-1.154,-0.644,-0.157,-0.31,0.038,0
-1.339,-1.455,-0.926,-0.28,1.196,0
1.286,0.297,-0.758,-0.179,-2.06,0
-0.645,1.329,-0.471,-0.457,0.032,0
-0.235,0.239,0.57,2.691,-0.168,0
1.498,0.939,0.168,-0.159,0.277,0
-0.157,0.668,0.272,1.489,0.083,0
0.331,0.668,-0.458,-0.513,0.813,0
0.833,-0.79,1.555,-0.177,0.305,1
1.511,1.896,0.729,0.77,1.064,0
-1.316,1.699,-0.507,-0.559,-0.524,0
1.087,1.631,0.605,-0.901,0.019,0
-0.36,1.111,-0.095,1.152,-0.078,0
-1.282,-0.367,-0.448,0.209,-0.516,0
-2.081,-0.698,-1.651,-1.497,0.031,0
0.522,-0.215,-0.342,1.334,0.111,0
-0.778,0.019,-0.939,1.015,-0.377,0
-0.375,-1.606,0.567,0.22,-0.478,1
0.035,0.438,0.536,-0.059,0.629,0
-0.946,0.619,1.038,1.966,-0.763,0
0.153,-0.554,1.077,-1.746,0.561,1
0.901,-0.977,-0.242,-1.823,0.51,0
-1.576,0.202,-0.663,0.14,-0.409,0
1.303,1.134,0.908,0.669,-0.3,0
2.098,-0.289,-2.095,-0.536,0.337,0
-0.339,-0.089,0.592,0.482,1.015,0
1.116,-0.497,-1.142,0.311,0.625,0
-0.6,-0.253,0.774,1.193,1.435,0
-0.138,-1.937,-0.547,-1.38,-1.294,1
-0.218,-0.239,-0.049,-0.035,0.728,0
-0.139,2.995,0.431,-1.23,0.677,0
-1.46,0.778,-0.734,0.881,-2.094,0
0.305,-1.325,-1.48,-0.205,0.195,0
1.163,-0.471,-0.117,-0.707,0.766,0
0.224,-1.425,0.922,0.331,-0.722,1
1.167,0.412,-0.707,-0.536,-0.965,0
0.813,-0.672,-0.988,-0.192,-0.595,0
1.381,-0.646,1.038,-0.061,0.431,1
-0.87,-1.562,1.732,0.782,-2.31,1
0.173,-0.734,-1.786,-1.462,1.425,0
-1.094,-0.403,-0.31,0.191,0.539,0
0.353,1.938,1.185,0.965,0.872,0
1.817,-0.314,-0.393,0.439,-1.239,0
2.149,-1.621,-1.434,0.484,1.596,0
1.966,2.708,0.338,0.369,-0.606,0
-0.721,0.542,1.049,-0.878,1.278,0
-0.746,-0.934,0.048,0.809,-0.076,0
0.203,-0.249,-0.308,0.29,0.522,0
-0.071,1.182,-1.425,2.076,0.258,0
1.437,-1.606,-0.416,-0.217,-0.564,1
0.114,-1.538,-0.151,1.279,-1.009,1
0.792,1.75,0.144,-2.347,-0.358,0
-1.291,1.098,-0.391,-1.624,-0.338,0
1.116,1.717,-0.258,-0.567,1.961,0
-0.842,-1.513,-0.444,-1.098,0.304,0
-1.22,0.064,-1.046,0.366,-0.72,0
-0.229,-0.583,1.102,0.583,0.293,1
0.988,-0.968,1.001,0.482,0.084,1
-0.859,0.055,0.493,-1.449,-0.323,1
-0.596,0.652,0.419,-0.762,1.392,0
-0.33,0.503,0.737,-0.474,-1.393,1
0.176,0.224,1.378,0.667,1.135,0
-1.096,2.221,-0.802,1.527,-1.958,0
0.139,0.569,-0.614,1.906,-0.39,0
-0.268,1.332,-1.423,-1.527,-0.057,0
-0.074,-1.315,-0.179,-2.34,2.18,0
-1.909,1.705,-0.919,0.321,-1.083,0
2.321,0.554,0.383,2.078,0.356,0
0.207,0.056,-0.425,0.211,0.582,0
0.138,0.098,-1.218,-0.699,-0.912,0
-1.052,-1.17,-0.519,0.041,-0.028,0
0.328,-0.851,-0.664,-0.924,0.046,0
-0.033,0.867,0.981,0.169,0.712,0
-0.616,-0.513,-1.304,-0.743,-0.587,0
1.539,-1.356,-0.994,2.315,0.487,0
1.083,-2.496,-0.63,0.451,-0.808,1
-0.307,-0.224,0.162,0.308,-0.086,0
-0.824,1.701,-0.759,0.11,-0.389,0
0.308,-2.487,-0.54,0.01,3.141,0
-0.298,-0.091,1.553,-0.708,0.107,1
0.553,0.834,0.598,0.052,-0.412,0
0.06,-2.331,1.346,-2.633,-0.646,1
-1.038,1.059,-0.263,-0.84,-1.011,0
2.057,1.405,-0.323,0.153,0.44,0
-0.925,1.273,1.669,-1.176,-0.245,1
-2.052,-1.309,-0.61,-1.554,1.179,0
0.548,1.145,1.007,1.527,1.736,0
-0.726,-1.244,1.232,0.167,1.814,0
0.331,-0.705,0.084,-1.474,-0.769,1
-0.843,-0.628,-1.17,-0.821,0.654,0
-0.259,0.367,-0.725,0.236,-0.398,0
0.112,0.598,-1.255,-1.085,0.039,0
-1.466,-1.414,1.886,-0.762,-0.896,1
2.352,0.108,-0.003,0.254,-1.282,0
-0.159,0.187,-1.52,-0.138,-0.765,0
0.422,0.07,0.29,1.211,0.998,0
-0.438,-2.712,0.741,0.128,0.562,1
0.67,-1.128,0.977,-0.704,0.201,1
0.771,-0.928,0.589,-0.013,-0.562,1
-0.54,-1.323,-1.42,-0.524,1.134,0
0.13,-1.831,-0.047,-0.037,-1.738,1
-1.55,0.373,-0.173,-1.208,-0.635,0
-0.78,-0.985,-1.417,0.146,0.515,0
1.569,-0.511,0.162,-1.14,0.756,0
1.448,0.014,0.545,0.507,-0.071,0
-0.622,0.635,0.161,0.312,-0.037,0
0.347,-0.072,0.217,0.157,1.204,0
0.239,0.62,-0.029,0.006,1.004,0
-0.794,0.155,-0.782,0.57,-0.414,0
-0.626,0.067,0.534,0.272,1.337,0
-0.313,2.322,-0.192,-0.357,0.302,0
-0.587,2.338,0.555,-1.351,-0.036,0
0.61,-0.939,-1.367,-0.099,0.93,0
0.056,-0.949,-0.537,0.51,0.641,0
0.941,-1.5,-0.674,-0.478,-0.081,0
-0.858,0.331,-0.146,-1.479,-0.993,1
-2.472,-0.536,-0.877,0.444,0.661,0
0.727,1.384,-0.624,1.026,-1.698,0
0.878,0.624,-1.187,1.211,0.32,0
-0.223,-0.064,-1.224,-0.366,0.433,0
-1.179,-0.414,0.073,-0.088,-1.514,1
0.134,-0.259,0.074,0.33,0.749,0
0.752,0.794,0.16,1.555,-0.859,0
1.64,-0.775,0.835,0.782,1.061,0
-0.329,0.805,1.354,-0.506,0.458,0
0.637,-1.379,0.043,-1.861,0.102,1
-0.453,-0.246,0.051,0.352,-1.043,1
1.754,-0.853,0.505,0.922,0.563,0
-0.719,-1.288,0.639,0.351,-0.504,1
-0.393,-0.334,-0.931,-1.146,-0.352,0
1.544,-2.702,-0.095,0.34,-0.685,1
2.053,-0.484,1.514,1.354,0.884,0
0.514,1.376,-0.283,-1.039,0.031,0
-0.382,-0.396,-0.371,-0.933,0.181,0
1.91,1.291,-0.033,1.298,0.402,0
-1.423,-0.322,1.51,1.358,0.067,1
-1.243,0.163,-0.771,-0.768,0.953,0
0.766,-1.393,0.704,1.616,-0.427,1
-0.184,0.214,-0.713,-0.758,-0.28,0
-1.167,-1.859,0.535,2.295,-0.089,1
1.128,0.326,-0.05,1.745,-2.836,1
0.29,-0.615,-0.633,-1.068,0.603,0
1.708,-0.358,-1.455,-0.033,-1.509,0
0.02,-1.64,-1.51,-1.961,1.296,0
0.612,0.288,0.503,1.178,-1.087,0
-0.167,2.408,1.391,-0.619,0.052,0
-0.548,1.511,0.189,-0.015,-1.59,0
-0.578,0.056,-0.829,-0.148,-2.15,1
0.97,0.708,-0.433,0.761,1.372,0
0.546,-0.4,0.3,0.735,-0.862,1
-0.112,1.308,0.146,1.035,-0.702,0
-1.669,0.361,-0.169,-1.268,-0.378,0
-0.758,-2.152,-0.07,0.577,-0.789,1
-0.57,-1.533,0.697,0.603,0.335,1
0.301,-0.037,0.543,-0.39,0.658,0
0.164,-0.709,0.41,-2.014,1.367,0
-0.558,-0.593,-0.444,1.492,0.752,0
1.05,0.222,2.542,-1.409,-0.998,1
-1.446,0.84,-0.741,1.164,-2.793,0
-1.457,-0.42,0.612,-0.823,-0.375,1
-1.281,0.536,-0.667,0.026,-0.786,0
-0.841,0.906,1.459,0.351,-1.368,1
0.487,-0.045,-0.952,0.59,0.791,0
-0.664,0.589,-0.558,0.654,0.085,0
-0.226,-1.765,0.921,-0.578,1.171,1
2.077,-0.407,0.446,0.833,-1.918,1
0.505,0.244,0.382,1.054,-1.51,1
1.46,-0.982,-0.413,0.585,-1.465,1
-0.295,0.304,-0.658,1.254,-0.431,0
0.527,0.217,0.636,-0.304,0.613,0
-0.082,0.476,0.518,0.53,0.905,0
0.073,0.417,-0.307,0.052,0.153,0
0.808,0.551,0.173,0.819,-0.02,0
-1.525,-0.257,-2.431,-0.262,0.612,0
0.074,0.428,0.319,-1.564,-0.33,0
0.525,-1.155,0.242,-0.449,-0.362,1
0.069,-0.462,-0.754,-0.211,-1.522,0
-0.126,2.021,-1.011,0.405,-0.723,0
0.698,0.998,-0.859,0.378,-0.144,0
0.789,0.019,0.077,0.033,-0.689,0
-0.428,1.258,1.143,0.195,-0.016,0
0.611,-1.405,0.932,-0.057,-0.627,1
1.366,0.043,-0.777,1.133,0.293,0
-0.102,0.286,0.09,-0.77,-0.529,0
0.125,1.837,-1.688,1.207,0.117,0
0.355,0.563,1.042,1.848,1.011,0
-0.332,-0.681,-0.161,-0.888,-1.534,1
1.891,-0.814,1.423,-1.201,-0.541,1
-1.396,-0.842,-0.925,0.9,0.499,0
-1.597,0.458,0.718,-0.345,0.081,0
0.166,-0.018,-1.024,-0.884,1.182,0
-0.124,0.79,-0.641,-0.492,-0.047,0
-0.747,-1.456,0.128,0.203,-0.093,1
1.529,0.58,-0.485,-0.581,0.038,0
-0.104,-0.986,-0.149,0.599,0.267,0
1.408,0.887,0.96,1.932,0.528,0
1.945,-0.223,-0.1,0.322,-0.576,0
-0.926,-0.238,-0.009,0.18,-0.719,0
0.36,1.486,-1.291,-0.517,0.246,0
-0.876,-1.154,0.371,0.702,2.147,0
0.888,1.013,-1.218,0.822,1.456,0
0.259,-0.353,0.21,0.531,-0.818,0
0.531,-0.029,-1.42,-0.364,-0.506,0
1.388,0.215,0.082,-0.189,0.195,0
-0.191,0.954,0.931,0.395,-0.458,0
0.111,-0.834,2.502,0.706,0.788,1
-0.443,1.014,-0.822,-1.391,-0.396,0
1.865,1.62,0.024,-0.003,1.13,0
1.757,0.378,0.734,0.869,-0.226,0
0.344,-0.431,0.989,-0.294,0.144,1
1.932,-0.511,-0.472,1.575,0.148,0
2.717,-0.029,0.63,-1.513,-0.845,1
1.117,0.089,0.224,0.131,-1.115,0
0.125,-0.041,0.467,0.301,0.42,0
-0.59,-0.209,0.424,-0.458,-2.232,1
-1.49,0.419,-0.513,1.329,0.982,0
0.207,-0.055,-0.829,-0.087,-1.235,0
-0.18,0.729,0.313,0.184,-0.949,0
0.07,-0.578,-1.734,0.766,1.084,0
1.556,0.245,0.521,-0.461,0.8,0
1.281,-0.914,-0.266,-0.932,-1.339,1
-0.191,-0.671,0.422,-0.506,-0.917,1
0.344,0.542,1.038,-0.03,-0.331,0
0.154,0.908,-0.332,2.561,-1.127,0
-0.417,-1.117,2.029,-1.223,1.109,1
-0.015,0.769,2.282,-2.3,-2.46,1
-0.537,-1.07,-1.179,-0.965,-0.143,0
-1.432,1.491,-2.702,-0.612,1.842,0
-0.294,-0.069,2.374,1.804,-0.663,1
0.621,-0.226,-0.73,1.452,-2.492,1
0.85,1.524,0.344,0.498,0.418,0
0.337,0.273,1.15,0.112,-0.372,1
-0.981,1.278,-1.128,-0.227,0.181,0
-1.142,1.454,-0.894,1.119,-0.089,0
-0.244,0.331,-0.381,-0.762,0.477,0
-1.227,0.005,3.27,-0.33,1.713,1
2.28,0.354,-1.763,1.122,-0.904,0
0.334,-0.324,-1.422,-1.645,-0.185,0
-0.332,0.116,-0.7,0.273,-1.458,0
0.717,-1.448,0.913,-0.469,-0.636,1
1.682,0.24,-0.297,-0.004,-0.914,0
-0.63,-1.452,-0.273,-1.728,0.712,0
0.074,0.328,0.63,1.076,0.457,0
0.868,-1.282,1.47,-0.041,0.331,1
0.211,1.896,-0.46,1.061,-1.529,0
0.503,0.788,-1.699,1.222,-1.402,0
-0.218,-0.41,0.089,0.53,0.236,0
0.075,0.047,1.024,1.072,0.196,0
-0.147,1.001,-0.638,-0.513,-0.19,0
1.43,0.195,0.721,-0.061,0.441,0
-0.552,1.112,0.22,-0.349,0.252,0
0.488,-0.952,-0.736,0.513,0.906,0
-2.409,0.617,-0.493,0.792,-0.096,0
0.224,0.544,0.113,-0.106,-1.755,1
-0.472,0.044,0.474,-1.195,0.727,0
2.266,-0.886,-0.202,1.572,0.919,0
0.802,0.171,-0.648,0.076,-0.187,0
-1.294,-0.017,-0.272,-0.196,-0.816,0
0.03,-1.289,1.297,0.648,0.751,1
-0.044,-1.459,-2.016,-0.639,-0.285,0
-1.748,0.947,-0.059,-0.728,0.065,0
-1.393,-0.153,1.631,0.49,2.716,0
0.797,-1.778,0.23,1.08,-0.028,1
-0.035,-0.576,-0.738,-0.469,-0.628,0
-0.217,-0.66,0.903,-0.166,-1.36,1
1.334,-1.663,-0.429,0.135,-0.05,0
-0.291,-0.723,-0.191,-0.026,-0.494,0
-0.943,-0.755,-0.125,1.237,0.261,0
1.388,-0.357,0.526,0.997,0.146,0
0.929,-0.801,-1.737,0.156,0.957,0
-0.206,-0.261,0.553,-0.343,0.65,0
1.312,-2.441,0.75,0.442,-0.427,1
-2.298,0.665,2.584,0.354,1.221,1
-1.638,-0.975,0.72,-0.467,-0.491,1
-1.265,-0.001,-1.603,0.045,-1.39,0
0.691,-1.396,-0.809,-0.979,1.163,0
0.532,0.291,-0.629,-0.381,-0.234,0
-2.06,1.081,1.689,0.778,-0.277,1
0.915,-1.742,-0.576,0.405,-0.59,0
0.638,-1.963,-0.316,-1.764,0.563,1
-0.14,1.028,0.688,-0.845,0.023,0
-0.35,-0.445,-1.988,-0.505,0.22,0
0.126,1.772,0.096,0.747,0.947,0
0.145,0.356,-1.394,0.885,-0.615,0
-0.242,-0.765,-0.344,1.211,-0.131,0
0.813,-0.564,-0.134,0.274,-0.409,0
-1.069,-0.023,-1.976,-1.452,-0.315,0
