,Gender,Age,Education,Nationality,Marital_Status,Governorate,Aware_151,Call_151,The_reason_of_the_call,Call_center_employee_communication_skills_evaluation,Satisfaction_with_the_doctors_response,How_often_do_you_receive_call_center_news,target
0,Female,40-49,Bachelor,Kuwaiti,Married,Farwaniya,Yes,Yes,Vaccination,4.857,5.0,3.8,1
1,Female,40-49,Bachelor,Kuwaiti,Married,Capital,Yes,Yes,Inquiries,5.0,5.0,5.0,1
2,Female,30-39,Diploma,Kuwaiti,Single,Around,Yes,Yes,Inquiries,4.714,4.857,2.7,1
3,Female,40-49,Bachelor,Other nationality,Married,Around,Yes,Yes,Inquiries_COVID19,5.0,5.0,2.6,1
4,Female,18-24,High school,Kuwaiti,Single,AlAhmadi,Yes,Yes,Inquiries,5.0,5.0,5.0,1
5,Female,18-24,Bachelor,Kuwaiti,Married,Capital,Yes,Yes,Inquiries,5.0,4.857,4.1,1
6,Female,25-29,High school,Kuwaiti,Single,Capital,Yes,Yes,Medical_Consultation,2.571,5.0,3.7,1
7,Female,18-24,High school,Kuwaiti,Single,Around,Yes,Yes,Inquiries,4.0,4.857,4.6,1
8,Female,18-24,High school,Unspecified,Single,Jahra,Yes,Yes,Inquiries_COVID19,5.0,5.0,4.5,1
9,Female,30-39,Diploma,Kuwaiti,Married,Jahra,Yes,Yes,Inquiries_COVID19,4.429,4.571,4.2,1
10,Female,18-24,Bachelor,Kuwaiti,Single,Jahra,Yes,Yes,Inquiries,4.143,5.0,3.8,1
11,Female,18-24,Bachelor,Kuwaiti,Married,Capital,Yes,Yes,Inquiries,4.857,5.0,3.9,1
12,Female,18-24,High school,Kuwaiti,Single,Farwaniya,Yes,Yes,Inquiries_COVID19,5.0,4.857,4.5,1
13,Female,30-39,High school,Other nationality,Married,Capital,Yes,Yes,Inquiries,5.0,5.0,5.0,1
14,Female,25-29,High school,Kuwaiti,Married,Farwaniya,Yes,Yes,Inquiries_COVID19,5.0,4.857,4.2,1
15,Female,30-39,Diploma,Kuwaiti,Married,AlAhmadi,Yes,Yes,Vaccination,5.0,5.0,3.5,1
16,Female,18-24,Bachelor,Kuwaiti,Single,Capital,Yes,Yes,Inquiries,5.0,5.0,5.0,1
17,Female,18-24,Bachelor,Other nationality,Married,Around,Yes,Yes,Inquiries,5.0,4.0,4.3,1
18,Female,25-29,Bachelor,Kuwaiti,Single,Jahra,Yes,Yes,Inquiries_COVID19,5.0,5.0,2.2,1
19,Female,30-39,Diploma,Other nationality,Married,Jahra,Yes,Yes,Inquiries,5.0,5.0,5.0,1
20,Male,30-39,Bachelor,Kuwaiti,Married,Mubarak AlKabir,Yes,Yes,Inquiries,5.0,5.0,4.9,1
21,Male,25-29,Bachelor,Kuwaiti,Married,Farwaniya,Yes,Yes,Inquiries,3.714,4.429,5.0,1
22,Male,18-24,High school,Kuwaiti,Single,Jahra,Yes,Yes,Medical_Consultation,5.0,5.0,2.0,1
23,Male,25-29,Diploma,Kuwaiti,Single,Mubarak AlKabir,Yes,Yes,Inquiries,5.0,5.0,5.0,1
24,Male,18-24,High school,Kuwaiti,Single,Capital,Yes,Yes,Inquiries,3.429,4.286,4.6,1
25,Male,18-24,Bachelor,Kuwaiti,Single,Capital,Yes,Yes,Vaccination,5.0,5.0,3.7,1
26,Male,18-24,Diploma,Kuwaiti,Single,Around,Yes,Yes,Inquiries,5.0,5.0,5.0,1
27,Male,18-24,Diploma,Other nationality,Single,Capital,Yes,Yes,Vaccination,5.0,4.714,4.1,1
28,Male,18-24,High school,Other nationality,Single,Farwaniya,Yes,Yes,Inquiries,4.857,5.0,2.8,1
29,Male,18-24,Diploma,Unspecified,Single,Jahra,Yes,Yes,Vaccination,4.714,4.857,4.3,1
30,Male,25-29,Diploma,Unspecified,Single,Jahra,Yes,Yes,Medical_Consultation,5.0,4.714,4.8,1
31,Male,25-29,High school,Unspecified,Single,Capital,Yes,Yes,Inquiries,5.0,5.0,4.6,1
32,Male,18-24,High school,Kuwaiti,Single,Jahra,Yes,Yes,Complaints,5.0,5.0,5.0,1
33,Male,18-24,Diploma,Kuwaiti,Single,Mubarak AlKabir,Yes,Yes,Medical_Consultation,4.0,5.0,4.4,1
34,Male,18-24,Diploma,Other nationality,Single,Jahra,Yes,Yes,Complaints,2.857,5.0,2.9,0
35,Male,25-29,Diploma,Kuwaiti,Single,Jahra,Yes,Yes,Vaccination,5.0,5.0,5.0,1
36,Male,18-24,High school,Unspecified,Single,Jahra,Yes,Yes,Inquiries,5.0,5.0,5.0,1
37,Male,18-24,Bachelor,Kuwaiti,Single,Jahra,Yes,Yes,Vaccination,3.286,4.429,3.4,1
38,Male,18-24,Bachelor,Kuwaiti,Single,Jahra,Yes,Yes,Medical_Consultation,5.0,5.0,3.9,1
39,Male,18-24,Bachelor,Kuwaiti,Single,Jahra,Yes,Yes,Inquiries,5.0,4.714,5.0,1
40,Female,18-24,Bachelor,Kuwaiti,Married,Farwaniya,Yes,Yes,Inquiries_COVID19,4.571,4.857,1.3,1
41,Female,30-39,Diploma,Kuwaiti,Married,AlAhmadi,Yes,Yes,Vaccination,5.0,5.0,1.9,1
42,Female,18-24,High school,Kuwaiti,Married,Capital,Yes,Yes,Inquiries_COVID19,3.714,4.714,4.6,1
43,Female,18-24,High school,Kuwaiti,Single,Capital,Yes,Yes,Vaccination,5.0,5.0,4.9,1
44,Female,18-24,High school,Kuwaiti,Married,Capital,Yes,Yes,Inquiries_COVID19,4.0,4.286,4.1,1
45,Female,18-24,Bachelor,Kuwaiti,Married,AlAhmadi,Yes,Yes,Inquiries_COVID19,4.429,5.0,4.1,1
46,Female,18-24,Bachelor,Kuwaiti,Single,Capital,Yes,Yes,Medical_Consultation,3.571,5.0,3.4,1
47,Female,18-24,Bachelor,Kuwaiti,Single,Around,No,Yes,Medical_Consultation,3.286,4.0,3.2,1
48,Female,30-39,Bachelor,Other nationality,Married,AlAhmadi,Yes,Yes,Inquiries_COVID19,4.429,5.0,3.5,1
49,Female,18-24,Bachelor,Unspecified,Single,Farwaniya,Yes,Yes,Inquiries_COVID19,5.0,4.857,3.4,1
50,Male,60 and above,High school,Kuwaiti,Married,Around,Yes,Yes,Vaccination,4.143,4.143,2.8,1
51,Male,40-49,Bachelor,Kuwaiti,Married,Farwaniya,Yes,Yes,Vaccination,5.0,5.0,3.1,1
52,Female,18-24,Bachelor,Kuwaiti,Single,Farwaniya,Yes,Yes,Vaccination,4.857,5.0,3.5,1
53,Female,25-29,Bachelor,Kuwaiti,Married,Farwaniya,Yes,Yes,Inquiries_COVID19,2.143,2.857,3.6,1
54,Female,18-24,High school,Kuwaiti,Single,Capital,Yes,Yes,Inquiries,5.0,5.0,2.9,1
55,Female,Under 18,Less than high school,Kuwaiti,Single,Around,Yes,Yes,Medical_Consultation,4.143,5.0,2.4,1
56,Female,18-24,Diploma,Kuwaiti,Married,Farwaniya,Yes,Yes,Inquiries,4.714,4.857,4.8,1
57,Male,30-39,Less than high school,Kuwaiti,Married,Capital,Yes,Yes,Vaccination,2.714,4.714,2.8,1
58,Male,25-29,Diploma,Kuwaiti,Single,Around,Yes,Yes,Inquiries_COVID19,4.286,3.857,2.2,1
59,Female,18-24,High school,Kuwaiti,Single,Around,Yes,Yes,Inquiries_COVID19,4.714,5.0,3.1,1
60,Female,18-24,High school,Other nationality,Single,Farwaniya,Yes,Yes,Inquiries,5.0,5.0,3.3,1
61,Female,18-24,Bachelor,Kuwaiti,Single,Mubarak AlKabir,Yes,Yes,Inquiries,4.429,5.0,2.1,1
62,Female,50-59,Master,Kuwaiti,Single,Jahra,Yes,Yes,Complaints,5.0,5.0,3.8,1
63,Female,18-24,Bachelor,Kuwaiti,Single,Farwaniya,Yes,Yes,Inquiries,4.0,4.0,4.0,1
64,Female,18-24,High school,Kuwaiti,Single,Jahra,Yes,Yes,Complaints,3.429,4.143,3.8,0
65,Female,30-39,Diploma,Kuwaiti,Married,Jahra,Yes,Yes,Inquiries_COVID19,4.714,4.429,4.5,1
66,Female,25-29,Bachelor,Kuwaiti,Married,Capital,Yes,Yes,Inquiries,4.0,4.0,3.7,1
67,Female,18-24,High school,Kuwaiti,Single,Capital,Yes,Yes,Medical_Consultation,4.857,4.857,4.0,1
68,Female,18-24,High school,Kuwaiti,Married,Jahra,Yes,Yes,Vaccination,3.857,3.0,3.0,1
69,Female,18-24,Diploma,Kuwaiti,Single,Farwaniya,Yes,Yes,Inquiries,4.286,4.429,4.4,1
70,Female,18-24,Bachelor,Kuwaiti,Single,Farwaniya,Yes,Yes,Inquiries,5.0,4.143,4.0,1
71,Female,Under 18,Less than high school,Kuwaiti,Single,Farwaniya,Yes,Yes,Complaints,3.857,4.0,4.6,1
72,Male,18-24,Bachelor,Kuwaiti,Single,Capital,Yes,Yes,Inquiries,4.143,4.286,5.0,1
73,Male,25-29,High school,Kuwaiti,Married,Farwaniya,Yes,Yes,Inquiries_COVID19,3.714,2.571,2.7,1
74,Male,25-29,Diploma,Kuwaiti,Single,Jahra,Yes,Yes,Inquiries_COVID19,5.0,4.429,3.0,1
75,Female,40-49,Doctor,Kuwaiti,Married,Around,Yes,Yes,Inquiries,3.714,4.0,3.2,1
76,Female,60 and above,Bachelor,Kuwaiti,Married,Capital,Yes,Yes,Inquiries_COVID19,3.857,3.714,3.1,1
77,Female,30-39,Bachelor,Kuwaiti,Single,Farwaniya,Yes,Yes,Inquiries_COVID19,4.0,4.0,2.7,1
78,Female,40-49,Bachelor,Kuwaiti,Married,AlAhmadi,Yes,Yes,Vaccination,5.0,4.714,3.7,1
79,Female,50-59,Bachelor,Kuwaiti,Married,Around,Yes,Yes,Vaccination,4.571,4.286,4.0,1
80,Female,30-39,Diploma,Kuwaiti,Single,Around,Yes,Yes,Vaccination,4.0,4.0,3.4,1
81,Female,40-49,Bachelor,Kuwaiti,Married,Mubarak AlKabir,Yes,Yes,Complaints,3.286,3.571,4.3,1
82,Female,25-29,Bachelor,Other nationality,Widow,AlAhmadi,Yes,Yes,Inquiries_COVID19,4.0,3.857,3.7,1
83,Female,30-39,High school,Kuwaiti,Married,Around,Yes,Yes,Vaccination,3.286,4.0,2.8,1
84,Female,18-24,Less than high school,Kuwaiti,Single,Jahra,Yes,Yes,Inquiries_COVID19,2.143,2.714,2.8,1
85,Female,18-24,Bachelor,Other nationality,Single,Jahra,Yes,Yes,Medical_Consultation,4.0,4.0,4.2,1
86,Female,18-24,Bachelor,Kuwaiti,Single,Jahra,Yes,Yes,Vaccination,4.0,4.0,3.1,1
87,Female,25-29,Bachelor,Kuwaiti,Single,AlAhmadi,Yes,Yes,Inquiries,4.0,4.0,4.8,1
88,Female,40-49,High school,Kuwaiti,Married,Capital,Yes,Yes,Inquiries_COVID19,4.286,4.429,3.9,1
89,Female,25-29,Bachelor,Kuwaiti,Single,AlAhmadi,Yes,Yes,Inquiries,4.0,4.0,5.0,1
90,Female,25-29,Bachelor,Other nationality,Married,Jahra,Yes,Yes,Complaints,1.857,2.857,3.4,1
91,Female,18-24,High school,Unspecified,Single,Jahra,Yes,Yes,Vaccination,4.429,4.857,4.2,1
92,Female,25-29,Bachelor,Other nationality,Widow,AlAhmadi,Yes,Yes,Inquiries,4.143,4.143,3.1,1
93,Female,25-29,High school,Kuwaiti,Single,Jahra,Yes,Yes,Medical_Consultation,3.571,4.0,2.9,1
94,Female,40-49,High school,Kuwaiti,Married,Mubarak AlKabir,Yes,Yes,Inquiries_COVID19,4.0,4.0,4.2,1
95,Female,18-24,Bachelor,Kuwaiti,Single,Farwaniya,Yes,Yes,Inquiries_COVID19,3.857,4.0,3.9,1
96,Female,25-29,Bachelor,Kuwaiti,Single,AlAhmadi,Yes,Yes,Inquiries,4.0,4.0,1.3,1
97,Female,30-39,Diploma,Kuwaiti,Single,Farwaniya,Yes,Yes,Vaccination,4.143,3.857,3.1,1
98,Female,30-39,Diploma,Kuwaiti,Widow,Farwaniya,No,Yes,Vaccination,3.714,3.857,3.5,1
99,Female,40-49,Bachelor,Kuwaiti,Married,AlAhmadi,Yes,Yes,Medical_Consultation,3.857,4.0,2.5,1
100,Female,18-24,Diploma,Kuwaiti,Single,Capital,Yes,Yes,Inquiries,4.0,4.0,3.1,1
101,Female,30-39,Bachelor,Kuwaiti,Widow,Mubarak AlKabir,Yes,Yes,Vaccination,4.429,4.143,2.9,1
102,Female,30-39,Diploma,Unspecified,Married,Jahra,Yes,Yes,Vaccination,2.429,3.571,2.5,1
103,Female,18-24,Bachelor,Unspecified,Married,Jahra,Yes,Yes,Medical_Consultation,4.143,4.0,3.7,1
104,Female,30-39,Diploma,Other nationality,Single,Around,Yes,Yes,Vaccination,4.286,3.857,4.1,1
105,Male,60 and above,Diploma,Other nationality,Widower,Around,Yes,Yes,Inquiries_COVID19,4.286,4.857,4.7,1
106,Male,60 and above,Doctor,Kuwaiti,Married,Capital,Yes,Yes,Vaccination,3.857,4.0,2.8,1
107,Male,18-24,High school,Kuwaiti,Single,Farwaniya,Yes,Yes,Inquiries_COVID19,4.0,4.0,3.5,1
108,Male,30-39,Bachelor,Kuwaiti,Married,Capital,Yes,Yes,Complaints,2.429,2.429,2.9,1
109,Male,18-24,High school,Kuwaiti,Single,Around,Yes,Yes,Inquiries_COVID19,3.286,3.571,3.2,1
110,Male,40-49,High school,Kuwaiti,Married,Around,Yes,Yes,Inquiries_COVID19,2.571,3.571,3.8,1
111,Male,18-24,Bachelor,Kuwaiti,Single,AlAhmadi,Yes,Yes,Medical_Consultation,3.571,3.714,2.5,1
112,Male,18-24,Bachelor,Other nationality,Single,Jahra,Yes,Yes,Vaccination,4.571,4.0,4.5,1
113,Male,25-29,Bachelor,Kuwaiti,Married,Jahra,Yes,Yes,Inquiries,2.714,3.571,3.4,1
114,Male,18-24,Bachelor,Other nationality,Single,Jahra,Yes,Yes,Vaccination,4.0,4.0,4.0,1
115,Male,18-24,High school,Kuwaiti,Single,Farwaniya,Yes,Yes,Vaccination,4.0,4.143,3.7,1
116,Male,40-49,Bachelor,Unspecified,Widow,Mubarak AlKabir,Yes,Yes,Complaints,4.143,4.0,3.1,1
117,Male,50-59,High school,Unspecified,Married,Capital,Yes,Yes,Medical_Consultation,3.857,4.714,4.3,1
118,Male,18-24,Diploma,Unspecified,Single,Jahra,Yes,Yes,Vaccination,3.714,4.0,3.8,1
119,Male,30-39,Diploma,Unspecified,Single,Jahra,Yes,Yes,Inquiries_COVID19,4.429,4.143,3.3,1
120,Male,25-29,Bachelor,Other nationality,Married,Jahra,Yes,Yes,Inquiries_COVID19,3.857,4.286,4.1,1
121,Male,25-29,Bachelor,Kuwaiti,Single,Around,Yes,Yes,Inquiries,4.0,4.429,1.6,1
122,Male,25-29,High school,Kuwaiti,Single,AlAhmadi,Yes,Yes,Inquiries_COVID19,2.857,3.571,1.3,1
123,Male,25-29,High school,Kuwaiti,Married,Around,Yes,Yes,Inquiries_COVID19,2.429,4.0,3.3,1
124,Male,18-24,Bachelor,Other nationality,Married,Around,Yes,Yes,Inquiries,4.0,4.0,4.0,1
125,Male,30-39,Diploma,Unspecified,Married,Jahra,Yes,Yes,Medical_Consultation,3.857,4.0,3.5,1
126,Male,25-29,High school,Unspecified,Married,Jahra,No,Yes,Vaccination,4.143,4.0,3.2,1
127,Male,25-29,High school,Unspecified,Married,Jahra,Yes,Yes,Vaccination,3.857,4.0,3.7,1
128,Female,30-39,Bachelor,Kuwaiti,Married,Farwaniya,Yes,Yes,Inquiries,3.429,4.0,3.4,1
129,Female,50-59,Master,Kuwaiti,Married,Mubarak AlKabir,Yes,Yes,Inquiries,3.429,3.429,2.7,1
130,Female,50-59,Bachelor,Kuwaiti,Widow,Around,Yes,Yes,Complaints,3.857,3.143,2.9,1
131,Female,25-29,Bachelor,Kuwaiti,Married,Jahra,Yes,Yes,Inquiries,4.0,4.0,3.0,1
132,Female,18-24,Diploma,Kuwaiti,Married,Jahra,Yes,Yes,Medical_Consultation,3.0,3.0,3.3,1
133,Female,18-24,Bachelor,Kuwaiti,Single,Capital,Yes,Yes,Inquiries_COVID19,2.571,3.286,2.6,1
134,Female,25-29,High school,Kuwaiti,Single,Around,No,Yes,Inquiries,3.714,4.429,4.6,1
135,Female,25-29,Bachelor,Other nationality,Married,AlAhmadi,Yes,Yes,Inquiries,3.286,3.714,4.3,1
136,Female,30-39,Diploma,Kuwaiti,Married,Farwaniya,Yes,Yes,Inquiries_COVID19,4.0,4.0,3.0,1
137,Female,30-39,Bachelor,Kuwaiti,Widow,Capital,Yes,Yes,Inquiries_COVID19,2.857,3.0,3.0,1
138,Female,40-49,Diploma,Unspecified,Married,Jahra,Yes,Yes,Medical_Consultation,4.0,4.571,2.6,1
139,Female,50-59,Diploma,Other nationality,Married,Farwaniya,Yes,Yes,Inquiries,4.429,4.0,3.8,1
140,Female,40-49,Diploma,Kuwaiti,Single,Around,Yes,Yes,Inquiries,3.857,3.571,3.0,1
141,Female,30-39,Diploma,Unspecified,Married,Capital,Yes,Yes,Vaccination,5.0,4.571,2.8,1
142,Male,40-49,Doctor,Kuwaiti,Married,Capital,Yes,Yes,Complaints,2.714,2.571,2.1,0
143,Male,30-39,Bachelor,Kuwaiti,Married,Capital,Yes,Yes,Complaints,3.0,3.286,2.4,0
144,Male,18-24,Bachelor,Kuwaiti,Single,Capital,Yes,Yes,Inquiries_COVID19,3.286,3.286,2.0,1
145,Male,18-24,Bachelor,Kuwaiti,Single,Farwaniya,Yes,Yes,Inquiries_COVID19,3.143,3.286,3.3,1
146,Male,25-29,High school,Kuwaiti,Single,Capital,Yes,Yes,Inquiries,3.571,4.0,2.0,1
147,Male,25-29,Bachelor,Kuwaiti,Married,Farwaniya,Yes,Yes,Inquiries,2.857,3.0,3.5,1
148,Male,30-39,Bachelor,Kuwaiti,Married,Capital,Yes,Yes,Inquiries,3.429,3.857,1.9,1
149,Male,40-49,Master,Unspecified,Married,Jahra,Yes,Yes,Inquiries,3.857,3.857,3.2,1
150,Female,18-24,Bachelor,Kuwaiti,Married,AlAhmadi,Yes,Yes,Inquiries_COVID19,4.0,4.0,3.2,1
151,Female,40-49,Bachelor,Kuwaiti,Married,AlAhmadi,Yes,Yes,Inquiries,4.286,4.0,2.5,1
152,Female,25-29,Bachelor,Kuwaiti,Married,Capital,Yes,Yes,Inquiries_COVID19,3.571,3.429,1.7,1
153,Female,50-59,Bachelor,Kuwaiti,Married,Capital,Yes,Yes,Medical_Consultation,2.857,2.714,2.6,1
154,Female,30-39,Bachelor,Kuwaiti,Married,Around,Yes,Yes,Inquiries_COVID19,3.571,3.857,1.7,1
155,Female,18-24,Bachelor,Kuwaiti,Single,Farwaniya,Yes,Yes,Inquiries,4.143,4.286,2.1,1
156,Female,25-29,Bachelor,Kuwaiti,Single,Capital,Yes,Yes,Inquiries_COVID19,3.571,4.0,3.5,1
157,Female,25-29,High school,Kuwaiti,Married,Farwaniya,Yes,Yes,Medical_Consultation,3.429,3.571,1.6,1
158,Female,25-29,Bachelor,Kuwaiti,Married,Around,Yes,Yes,Inquiries,2.857,4.429,3.6,1
159,Male,25-29,High school,Kuwaiti,Single,Jahra,Yes,Yes,Inquiries_COVID19,3.857,3.286,3.0,1
160,Male,18-24,Bachelor,Kuwaiti,Single,Farwaniya,Yes,Yes,Inquiries,3.429,3.857,2.8,1
161,Male,18-24,Bachelor,Kuwaiti,Single,Jahra,Yes,Yes,Inquiries_COVID19,3.714,4.0,3.8,1
162,Male,18-24,High school,Kuwaiti,Single,Farwaniya,Yes,Yes,Inquiries,3.857,4.0,2.6,1
163,Male,18-24,High school,Kuwaiti,Single,Capital,Yes,Yes,Complaints,2.571,3.143,2.5,1
164,Male,30-39,Bachelor,Kuwaiti,Married,Jahra,Yes,Yes,Inquiries,3.857,4.143,2.7,1
165,Male,18-24,Diploma,Kuwaiti,Single,Jahra,Yes,Yes,Vaccination,5.0,4.143,3.2,1
166,Female,18-24,Bachelor,Kuwaiti,Single,AlAhmadi,Yes,Yes,Inquiries_COVID19,1.857,3.429,2.0,0
167,Female,18-24,Bachelor,Kuwaiti,Single,AlAhmadi,Yes,Yes,Inquiries,2.143,2.571,2.0,1
168,Female,25-29,Bachelor,Kuwaiti,Married,Farwaniya,Yes,Yes,Inquiries_COVID19,2.429,3.143,1.9,0
169,Male,60 and above,Doctor,Kuwaiti,Married,Capital,Yes,Yes,Complaints,2.429,2.857,2.9,1
170,Male,25-29,High school,Unspecified,Single,Jahra,Yes,Yes,Inquiries_COVID19,4.0,3.0,2.7,0
171,Female,18-24,High school,Kuwaiti,Widow,Farwaniya,Yes,Yes,Inquiries,3.857,2.857,3.3,1
172,Female,30-39,Diploma,Unspecified,Widow,Jahra,Yes,Yes,Medical_Consultation,2.714,2.571,4.2,1
173,Male,18-24,Bachelor,Kuwaiti,Single,Around,Yes,Yes,Inquiries_COVID19,3.0,3.143,3.6,1
174,Male,40-49,High school,Kuwaiti,Married,Mubarak AlKabir,Yes,Yes,Complaints,3.714,3.714,3.1,1
175,Male,25-29,Bachelor,Other nationality,Single,Jahra,Yes,Yes,Inquiries,3.143,3.0,3.0,1
176,Male,18-24,Diploma,Kuwaiti,Single,Jahra,Yes,Yes,Inquiries,5.0,3.857,4.3,1
177,Male,18-24,High school,Kuwaiti,Single,Jahra,Yes,Yes,Complaints,3.0,3.857,2.7,0
178,Female,30-39,Bachelor,Kuwaiti,Single,AlAhmadi,Yes,Yes,Inquiries,3.0,3.0,3.5,1
179,Female,18-24,Bachelor,Kuwaiti,Single,Mubarak AlKabir,Yes,Yes,Vaccination,2.429,2.714,2.7,0
180,Female,40-49,Bachelor,Kuwaiti,Married,Mubarak AlKabir,Yes,Yes,Complaints,2.429,2.571,2.7,1
181,Female,18-24,Bachelor,Kuwaiti,Single,Mubarak AlKabir,Yes,Yes,Vaccination,3.429,2.571,2.2,1
182,Female,18-24,High school,Kuwaiti,Single,Farwaniya,Yes,Yes,Inquiries,3.857,3.571,3.6,0
183,Female,18-24,Bachelor,Kuwaiti,Single,Farwaniya,Yes,Yes,Inquiries,3.571,3.0,3.8,1
184,Female,18-24,Bachelor,Kuwaiti,Single,Jahra,Yes,Yes,Inquiries_COVID19,2.571,3.429,3.6,1
185,Female,30-39,Diploma,Kuwaiti,Widow,Farwaniya,Yes,Yes,Medical_Consultation,3.0,2.857,2.2,1
186,Female,40-49,Diploma,Kuwaiti,Married,Farwaniya,Yes,Yes,Inquiries_COVID19,3.571,3.714,3.0,1
187,Male,30-39,Bachelor,Kuwaiti,Single,Mubarak AlKabir,Yes,Yes,Inquiries,2.571,3.0,2.6,1
188,Male,18-24,Bachelor,Kuwaiti,Single,Around,Yes,Yes,Inquiries,4.143,3.714,3.2,1
189,Male,18-24,High school,Kuwaiti,Single,AlAhmadi,Yes,Yes,Inquiries_COVID19,2.714,3.143,1.9,1
190,Male,30-39,Bachelor,Kuwaiti,Married,Mubarak AlKabir,Yes,Yes,Inquiries,3.286,3.0,3.0,1
191,Male,40-49,High school,Kuwaiti,Married,Jahra,Yes,Yes,Inquiries_COVID19,2.429,3.0,1.7,0
192,Male,60 and above,Bachelor,Kuwaiti,Single,Around,Yes,Yes,Complaints,3.429,2.714,2.7,1
193,Male,25-29,Master,Kuwaiti,Single,Capital,Yes,Yes,Medical_Consultation,3.286,3.714,5.0,0
194,Female,18-24,High school,Kuwaiti,Single,Jahra,Yes,Yes,Medical_Consultation,3.143,3.143,2.8,0
195,Female,50-59,Bachelor,Kuwaiti,Married,Around,Yes,Yes,Inquiries_COVID19,3.857,3.286,2.3,1
196,Female,30-39,Master,Kuwaiti,Married,AlAhmadi,Yes,Yes,Inquiries,2.429,2.429,2.9,1
197,Female,18-24,Bachelor,Kuwaiti,Single,Around,Yes,Yes,Inquiries,3.0,3.0,3.0,1
198,Female,18-24,Bachelor,Kuwaiti,Single,AlAhmadi,Yes,Yes,Inquiries,3.571,3.0,1.9,0
199,Female,40-49,Bachelor,Kuwaiti,Married,Farwaniya,Yes,Yes,Complaints,3.143,2.857,2.9,0
200,Female,18-24,Bachelor,Kuwaiti,Single,Around,Yes,Yes,Inquiries,3.0,3.0,3.0,1
201,Female,18-24,Bachelor,Kuwaiti,Single,Farwaniya,Yes,Yes,Inquiries,3.714,3.571,3.0,1
202,Female,25-29,Diploma,Unspecified,Single,Jahra,Yes,Yes,Inquiries,2.857,3.143,2.6,1
203,Male,40-49,Master,Kuwaiti,Married,AlAhmadi,Yes,Yes,Inquiries_COVID19,3.0,2.714,1.7,1
204,Male,25-29,High school,Kuwaiti,Married,Jahra,Yes,Yes,Inquiries,3.0,3.0,3.0,1
205,Male,25-29,Bachelor,Kuwaiti,Single,Mubarak AlKabir,No,Yes,Complaints,2.0,3.571,3.0,1
206,Male,18-24,Bachelor,Kuwaiti,Single,Capital,Yes,Yes,Inquiries,2.571,2.714,1.9,0
207,Male,40-49,Bachelor,Kuwaiti,Married,Around,Yes,Yes,Complaints,2.714,2.429,2.0,0
208,Male,30-39,Diploma,Kuwaiti,Married,Capital,Yes,Yes,Inquiries_COVID19,4.143,3.0,2.9,1
209,Male,30-39,High school,Kuwaiti,Widow,Jahra,Yes,Yes,Inquiries,3.0,3.0,4.2,1
210,Male,25-29,Bachelor,Kuwaiti,Single,Jahra,Yes,Yes,Inquiries,2.857,3.0,4.7,1
211,Male,18-24,High school,Kuwaiti,Married,Capital,Yes,Yes,Vaccination,2.857,3.0,1.9,1
212,Male,18-24,High school,Kuwaiti,Married,Capital,Yes,Yes,Inquiries_COVID19,3.143,3.0,2.8,1
213,Male,40-49,Diploma,Kuwaiti,Married,Farwaniya,Yes,Yes,Inquiries,3.857,3.571,3.2,1
214,Male,18-24,High school,Kuwaiti,Single,Jahra,Yes,Yes,Inquiries,3.143,3.0,3.5,1
215,Male,18-24,High school,Unspecified,Single,Jahra,Yes,Yes,Inquiries_COVID19,3.0,3.0,2.9,1
216,Male,25-29,Bachelor,Kuwaiti,Married,Jahra,Yes,Yes,Inquiries_COVID19,4.286,3.0,2.8,1
217,Male,40-49,Doctor,Other nationality,Married,Around,Yes,Yes,Complaints,3.429,3.714,2.5,1
218,Female,18-24,Bachelor,Unspecified,Single,Jahra,Yes,Yes,Vaccination,2.571,2.857,1.4,0
219,Female,50-59,Diploma,Kuwaiti,Married,Around,Yes,Yes,Vaccination,1.286,2.429,2.8,0
220,Female,18-24,Bachelor,Kuwaiti,Single,Mubarak AlKabir,Yes,Yes,Inquiries_COVID19,4.143,3.0,2.6,1
221,Female,30-39,Diploma,Other nationality,Single,Jahra,Yes,Yes,Vaccination,2.286,3.0,2.1,1
222,Female,25-29,Diploma,Kuwaiti,Single,Capital,Yes,Yes,Vaccination,3.0,3.571,3.2,1
223,Female,40-49,High school,Kuwaiti,Single,Capital,Yes,Yes,Inquiries,2.714,2.857,3.4,1
224,Female,18-24,Bachelor,Kuwaiti,Single,Farwaniya,Yes,Yes,Inquiries,2.429,3.0,2.8,1
225,Male,30-39,High school,Kuwaiti,Married,Capital,Yes,Yes,Inquiries_COVID19,2.429,3.0,2.0,1
226,Male,18-24,High school,Kuwaiti,Single,Jahra,Yes,Yes,Vaccination,2.571,3.0,3.1,1
227,Male,18-24,High school,Kuwaiti,Single,Around,Yes,Yes,Inquiries,3.143,3.714,3.0,1
228,Female,30-39,Master,Kuwaiti,Married,Capital,Yes,Yes,Inquiries,2.429,2.429,2.7,1
229,Female,30-39,Master,Kuwaiti,Married,AlAhmadi,Yes,Yes,Vaccination,1.714,3.0,1.5,0
230,Female,25-29,Bachelor,Kuwaiti,Single,AlAhmadi,Yes,Yes,Complaints,2.0,2.143,2.5,1
231,Male,18-24,High school,Kuwaiti,Single,Capital,Yes,Yes,Inquiries,3.286,3.0,2.4,0
232,Male,18-24,Bachelor,Kuwaiti,Married,Capital,Yes,Yes,Inquiries,2.286,3.143,3.0,1
233,Female,25-29,Bachelor,Kuwaiti,Single,Jahra,Yes,Yes,Vaccination,1.571,2.143,3.1,1
234,Female,18-24,Bachelor,Kuwaiti,Single,Around,Yes,Yes,Inquiries,2.714,3.0,4.1,1
235,Female,25-29,Bachelor,Kuwaiti,Married,Capital,Yes,Yes,Vaccination,2.143,3.429,2.8,1
236,Female,25-29,Bachelor,Kuwaiti,Single,Capital,Yes,Yes,Vaccination,1.571,2.429,1.9,1
237,Female,Under 18,High school,Kuwaiti,Single,Farwaniya,Yes,Yes,Vaccination,1.714,1.857,2.7,1
238,Male,40-49,Doctor,Kuwaiti,Married,Farwaniya,Yes,Yes,Inquiries_COVID19,1.857,2.0,2.6,1
239,Male,25-29,Bachelor,Kuwaiti,Single,Jahra,Yes,Yes,Inquiries,2.857,2.429,2.8,1
240,Male,30-39,High school,Kuwaiti,Married,AlAhmadi,Yes,Yes,Inquiries,2.857,2.714,2.7,1
241,Male,18-24,High school,Kuwaiti,Single,Around,Yes,Yes,Complaints,3.857,3.143,2.8,1
242,Male,18-24,Bachelor,Kuwaiti,Single,Around,Yes,Yes,Inquiries_COVID19,2.857,3.429,2.5,0
243,Male,Under 18,High school,Kuwaiti,Single,Jahra,Yes,Yes,Complaints,4.143,3.429,2.3,1
244,Female,18-24,Bachelor,Kuwaiti,Widow,Jahra,Yes,Yes,Inquiries,2.857,2.429,2.3,0
245,Female,25-29,Bachelor,Kuwaiti,Married,Capital,Yes,Yes,Complaints,4.0,2.857,3.7,0
246,Male,25-29,Bachelor,Kuwaiti,Single,Farwaniya,Yes,Yes,Complaints,1.714,2.143,2.2,0
247,Male,30-39,Bachelor,Kuwaiti,Married,Mubarak AlKabir,Yes,Yes,Inquiries,1.857,2.0,1.9,0
248,Male,60 and above,Bachelor,Kuwaiti,Married,Around,Yes,Yes,Medical_Consultation,1.857,2.0,2.3,0
249,Male,30-39,Bachelor,Kuwaiti,Married,AlAhmadi,Yes,Yes,Inquiries,1.857,2.429,2.3,1
250,Male,18-24,High school,Kuwaiti,Single,Around,Yes,Yes,Complaints,2.143,2.714,2.6,0
251,Male,25-29,Bachelor,Kuwaiti,Single,Around,Yes,Yes,Complaints,2.286,3.0,1.8,0
252,Female,40-49,Master,Kuwaiti,Widow,Around,Yes,Yes,Medical_Consultation,3.143,3.143,2.5,1
253,Female,30-39,Bachelor,Kuwaiti,Married,Capital,Yes,Yes,Complaints,3.714,2.0,2.7,0
254,Female,25-29,High school,Kuwaiti,Single,Around,Yes,Yes,Inquiries,3.286,3.286,3.1,1
255,Female,18-24,Bachelor,Kuwaiti,Married,AlAhmadi,Yes,Yes,Vaccination,2.571,2.429,3.3,1
256,Male,18-24,High school,Kuwaiti,Single,Jahra,Yes,Yes,Complaints,1.429,1.143,1.9,0
257,Female,25-29,Bachelor,Kuwaiti,Single,Around,Yes,Yes,Inquiries_COVID19,1.714,1.857,2.4,1
258,Female,25-29,Bachelor,Kuwaiti,Married,Around,Yes,Yes,Complaints,1.0,2.143,2.3,1
259,Male,18-24,High school,Kuwaiti,Single,Farwaniya,No,Yes,Inquiries,2.143,2.143,2.3,1
260,Male,18-24,High school,Unspecified,Single,Jahra,Yes,Yes,Inquiries,2.571,3.0,3.5,1
261,Female,30-39,Bachelor,Kuwaiti,Single,AlAhmadi,Yes,Yes,Inquiries,3.143,3.0,3.6,1
262,Female,30-39,Diploma,Kuwaiti,Married,Farwaniya,Yes,Yes,Inquiries,1.857,2.286,3.1,1
263,Male,50-59,Doctor,Kuwaiti,Married,Around,Yes,Yes,Inquiries_COVID19,2.571,2.286,2.2,0
264,Male,40-49,Bachelor,Kuwaiti,Married,Around,Yes,Yes,Complaints,2.143,1.286,2.3,1
265,Female,18-24,Bachelor,Unspecified,Single,AlAhmadi,Yes,Yes,Complaints,1.0,1.0,1.0,0
266,Female,25-29,Master,Kuwaiti,Single,Capital,Yes,Yes,Inquiries_COVID19,2.429,1.429,3.6,0
267,Female,18-24,Diploma,Kuwaiti,Single,Farwaniya,Yes,Yes,Complaints,2.143,2.143,1.6,1
268,Female,18-24,High school,Other nationality,Single,AlAhmadi,Yes,Yes,Inquiries,1.0,1.0,2.5,0
269,Female,25-29,Bachelor,Other nationality,Single,Farwaniya,Yes,Yes,Vaccination,1.143,2.429,2.0,1
270,Male,30-39,Diploma,Kuwaiti,Married,AlAhmadi,Yes,Yes,Inquiries,2.571,1.857,3.0,1
271,Male,25-29,Bachelor,Kuwaiti,Single,Capital,Yes,Yes,Complaints,1.0,1.0,2.3,0
272,Male,18-24,Bachelor,Kuwaiti,Single,Farwaniya,Yes,Yes,Vaccination,1.571,1.714,2.5,1
273,Male,30-39,High school,Kuwaiti,Married,Jahra,Yes,Yes,Medical_Consultation,4.143,1.0,4.0,1
274,Male,30-39,High school,Kuwaiti,Married,Jahra,Yes,Yes,Medical_Consultation,3.714,1.0,3.0,1
275,Male,40-49,Diploma,Kuwaiti,Married,Farwaniya,Yes,Yes,Vaccination,1.429,2.143,3.0,0
276,Male,18-24,Diploma,Other nationality,Single,Jahra,Yes,Yes,Complaints,3.714,1.429,2.7,1
277,Female,18-24,Bachelor,Kuwaiti,Single,Jahra,Yes,Yes,Medical_Consultation,1.286,1.0,3.7,1
278,Female,40-49,Master,Kuwaiti,Widow,Mubarak AlKabir,Yes,Yes,Inquiries,3.429,3.143,3.0,0
279,Male,18-24,Bachelor,Kuwaiti,Single,Mubarak AlKabir,Yes,Yes,Vaccination,1.857,1.714,2.1,0
280,Male,25-29,Bachelor,Kuwaiti,Single,Farwaniya,Yes,Yes,Complaints,1.714,2.429,1.5,0
281,Female,50-59,Bachelor,Kuwaiti,Married,Farwaniya,Yes,Yes,Inquiries,1.0,1.0,2.6,0
282,Female,18-24,Bachelor,Unspecified,Single,AlAhmadi,Yes,Yes,Vaccination,1.143,1.0,1.8,0
283,Female,25-29,Less than high school,Kuwaiti,Single,Mubarak AlKabir,Yes,Yes,Medical_Consultation,1.286,1.429,3.6,0
284,Male,18-24,Bachelor,Kuwaiti,Single,Around,Yes,Yes,Inquiries,1.857,1.571,2.8,0
285,Male,18-24,Diploma,Kuwaiti,Single,Farwaniya,Yes,Yes,Inquiries,1.286,2.143,1.0,0
286,Male,18-24,Bachelor,Kuwaiti,Married,Farwaniya,Yes,Yes,Vaccination,1.571,1.0,3.0,0
287,Male,18-24,Bachelor,Kuwaiti,Single,Farwaniya,Yes,Yes,Inquiries_COVID19,1.0,1.0,2.7,0
288,Male,50-59,Diploma,Kuwaiti,Married,Capital,Yes,Yes,Vaccination,1.0,1.0,1.0,0
289,Male,18-24,Diploma,Kuwaiti,Single,Farwaniya,Yes,Yes,Inquiries,1.286,1.571,2.3,0
290,Female,18-24,Bachelor,Kuwaiti,Single,Jahra,No,No,Complaints,3.0,3.0,1.6,1
291,Female,40-49,Doctor,Kuwaiti,Single,Around,Yes,No,Complaints,3.0,3.0,2.3,1
292,Female,40-49,Doctor,Kuwaiti,Widow,AlAhmadi,No,No,Complaints,3.0,3.0,3.2,1
293,Female,18-24,High school,Kuwaiti,Single,Around,No,No,Complaints,3.0,3.0,3.3,1
294,Female,18-24,Bachelor,Kuwaiti,Married,Jahra,No,No,Complaints,3.0,3.0,2.5,1
295,Female,30-39,Diploma,Unspecified,Single,AlAhmadi,No,No,Complaints,3.0,3.0,2.8,1
296,Female,18-24,High school,Kuwaiti,Single,AlAhmadi,Yes,No,Complaints,3.0,3.0,5.0,1
297,Female,18-24,Bachelor,Kuwaiti,Single,Jahra,No,No,Complaints,3.0,3.0,3.3,1
298,Female,18-24,High school,Kuwaiti,Single,Capital,Yes,No,Complaints,3.0,3.0,2.8,1
299,Female,25-29,Bachelor,Kuwaiti,Married,Capital,No,No,Complaints,3.0,3.0,4.6,1
300,Female,25-29,High school,Unspecified,Single,Farwaniya,No,No,Complaints,3.0,3.0,1.4,1
301,Female,18-24,Bachelor,Kuwaiti,Single,Jahra,No,No,Complaints,3.0,3.0,2.9,1
302,Female,18-24,Bachelor,Kuwaiti,Single,Capital,Yes,No,Complaints,3.0,3.0,3.0,1
303,Female,25-29,Bachelor,Kuwaiti,Single,AlAhmadi,No,No,Complaints,3.0,3.0,1.8,1
304,Female,30-39,Master,Kuwaiti,Married,Around,No,No,Complaints,3.0,3.0,2.4,1
305,Female,25-29,Bachelor,Kuwaiti,Single,Mubarak AlKabir,No,No,Complaints,3.0,3.0,1.7,1
306,Female,18-24,Bachelor,Kuwaiti,Single,Mubarak AlKabir,Yes,No,Complaints,3.0,3.0,2.8,1
307,Female,25-29,High school,Other nationality,Widower,Mubarak AlKabir,No,No,Complaints,3.0,3.0,2.9,1
308,Female,18-24,High school,Kuwaiti,Married,Capital,No,No,Complaints,3.0,3.0,4.0,1
309,Female,25-29,Bachelor,Kuwaiti,Single,AlAhmadi,Yes,No,Complaints,3.0,3.0,2.7,1
310,Female,18-24,High school,Kuwaiti,Single,Capital,No,No,Complaints,3.0,3.0,3.9,1
311,Female,18-24,Diploma,Kuwaiti,Single,Capital,Yes,No,Complaints,3.0,3.0,4.1,1
312,Female,30-39,Bachelor,Kuwaiti,Married,AlAhmadi,No,No,Complaints,3.0,3.0,3.9,1
313,Female,18-24,Bachelor,Kuwaiti,Single,Jahra,Yes,No,Complaints,3.0,3.0,1.4,1
314,Female,18-24,High school,Kuwaiti,Single,Capital,No,No,Complaints,3.0,3.0,2.9,1
315,Female,40-49,High school,Kuwaiti,Widow,Jahra,Yes,No,Complaints,3.0,3.0,4.2,1
316,Female,18-24,Bachelor,Other nationality,Single,Farwaniya,Yes,No,Complaints,3.0,3.0,2.8,1
317,Female,Under 18,Less than high school,Kuwaiti,Single,Around,Yes,No,Complaints,3.0,3.0,3.8,1
318,Female,25-29,High school,Kuwaiti,Married,Farwaniya,Yes,No,Complaints,3.0,3.0,5.0,1
319,Female,Under 18,Less than high school,Kuwaiti,Single,Around,No,No,Complaints,3.0,3.0,3.4,1
320,Female,30-39,Master,Kuwaiti,Married,Farwaniya,No,No,Complaints,3.0,3.0,2.0,1
321,Female,18-24,Bachelor,Kuwaiti,Single,Capital,No,No,Complaints,3.0,3.0,2.7,1
322,Female,25-29,Bachelor,Other nationality,Single,Farwaniya,No,No,Complaints,3.0,3.0,3.4,1
323,Female,40-49,Diploma,Kuwaiti,Married,Capital,No,No,Complaints,3.0,3.0,2.3,1
324,Female,25-29,High school,Kuwaiti,Married,Around,No,No,Complaints,3.0,3.0,2.8,1
325,Female,40-49,Diploma,Other nationality,Widow,AlAhmadi,Yes,No,Complaints,3.0,3.0,2.9,1
326,Female,30-39,High school,Unspecified,Married,Jahra,Yes,No,Complaints,3.0,3.0,4.6,1
327,Female,30-39,Bachelor,Kuwaiti,Married,AlAhmadi,No,No,Complaints,3.0,3.0,5.0,1
328,Female,25-29,Less than high school,Unspecified,Married,Jahra,No,No,Complaints,3.0,3.0,2.2,1
329,Female,30-39,Bachelor,Unspecified,Widow,Jahra,No,No,Complaints,3.0,3.0,3.1,1
330,Male,25-29,Bachelor,Kuwaiti,Married,Farwaniya,Yes,No,Complaints,3.0,3.0,5.0,1
331,Male,40-49,Bachelor,Kuwaiti,Married,Around,No,No,Complaints,3.0,3.0,3.0,1
332,Male,40-49,High school,Kuwaiti,Married,Mubarak AlKabir,No,No,Complaints,3.0,3.0,4.2,1
333,Male,30-39,Bachelor,Kuwaiti,Married,Capital,No,No,Complaints,3.0,3.0,3.0,1
334,Male,25-29,Bachelor,Kuwaiti,Married,Capital,No,No,Complaints,3.0,3.0,2.2,1
335,Male,18-24,High school,Kuwaiti,Single,AlAhmadi,Yes,No,Complaints,3.0,3.0,1.4,1
336,Male,25-29,Bachelor,Unspecified,Single,Capital,No,No,Complaints,3.0,3.0,3.2,1
337,Male,18-24,Bachelor,Kuwaiti,Single,Farwaniya,No,No,Complaints,3.0,3.0,2.8,1
338,Male,18-24,High school,Kuwaiti,Single,Jahra,Yes,No,Complaints,3.0,3.0,1.0,1
339,Male,18-24,Bachelor,Kuwaiti,Single,Farwaniya,Yes,No,Complaints,3.0,3.0,1.8,1
340,Male,18-24,Bachelor,Kuwaiti,Single,AlAhmadi,No,No,Complaints,3.0,3.0,2.5,1
341,Male,18-24,Bachelor,Kuwaiti,Single,Farwaniya,No,No,Complaints,3.0,3.0,3.5,1
342,Male,18-24,High school,Kuwaiti,Single,Around,No,No,Complaints,3.0,3.0,2.9,1
343,Male,18-24,Bachelor,Kuwaiti,Single,Capital,No,No,Complaints,3.0,3.0,2.0,1
344,Male,18-24,High school,Kuwaiti,Single,AlAhmadi,Yes,No,Complaints,3.0,3.0,1.8,1
345,Male,30-39,Diploma,Kuwaiti,Single,Farwaniya,Yes,No,Complaints,3.0,3.0,2.7,1
346,Male,18-24,Bachelor,Kuwaiti,Married,Farwaniya,No,No,Complaints,3.0,3.0,2.0,1
347,Male,18-24,Bachelor,Kuwaiti,Single,Farwaniya,Yes,No,Complaints,3.0,3.0,2.5,1
348,Male,25-29,Diploma,Kuwaiti,Single,Farwaniya,Yes,No,Complaints,3.0,3.0,2.8,1
349,Male,18-24,Bachelor,Kuwaiti,Single,Farwaniya,No,No,Complaints,3.0,3.0,2.0,1
350,Male,18-24,Bachelor,Kuwaiti,Single,Farwaniya,No,No,Complaints,3.0,3.0,1.1,0
351,Male,18-24,High school,Other nationality,Single,Farwaniya,No,No,Complaints,3.0,3.0,1.7,1
352,Male,18-24,High school,Other nationality,Single,AlAhmadi,Yes,No,Complaints,3.0,3.0,4.4,1
353,Male,18-24,Diploma,Other nationality,Single,Jahra,No,No,Complaints,3.0,3.0,2.2,1
354,Male,25-29,Bachelor,Kuwaiti,Married,Mubarak AlKabir,No,No,Complaints,3.0,3.0,2.0,1
355,Male,18-24,High school,Other nationality,Single,Around,Yes,No,Complaints,3.0,3.0,4.1,1
356,Male,30-39,High school,Unspecified,Single,Jahra,Yes,No,Complaints,3.0,3.0,4.0,1
357,Male,25-29,Diploma,Unspecified,Single,Capital,No,No,Complaints,3.0,3.0,3.0,1
358,Male,18-24,Diploma,Other nationality,Single,Jahra,No,No,Complaints,3.0,3.0,2.2,1
359,Male,18-24,High school,Kuwaiti,Single,Jahra,Yes,No,Complaints,3.0,3.0,5.0,1
360,Male,18-24,Bachelor,Kuwaiti,Single,Mubarak AlKabir,No,No,Complaints,3.0,3.0,2.0,1
361,Male,25-29,Less than high school,Kuwaiti,Married,AlAhmadi,No,No,Complaints,3.0,3.0,3.7,1
362,Male,25-29,Diploma,Kuwaiti,Single,Around,Yes,No,Complaints,3.0,3.0,1.5,1
363,Male,30-39,Bachelor,Other nationality,Widow,AlAhmadi,No,No,Complaints,3.0,3.0,4.0,1
364,Male,18-24,High school,Kuwaiti,Single,Around,No,No,Complaints,3.0,3.0,3.2,1
365,Male,18-24,Bachelor,Kuwaiti,Single,Around,No,No,Complaints,3.0,3.0,3.1,1
366,Male,18-24,Bachelor,Kuwaiti,Single,Around,Yes,No,Complaints,3.0,3.0,3.5,1
367,Male,Under 18,Less than high school,Other nationality,Single,Farwaniya,No,No,Complaints,3.0,3.0,2.5,1
368,Male,18-24,High school,Other nationality,Single,AlAhmadi,Yes,No,Complaints,3.0,3.0,4.9,1
369,Male,30-39,Less than high school,Unspecified,Single,Farwaniya,Yes,No,Complaints,3.0,3.0,4.6,1
370,Male,30-39,Doctor,Kuwaiti,Widow,AlAhmadi,No,No,Complaints,3.0,3.0,5.0,1
371,Male,18-24,High school,Kuwaiti,Single,Jahra,Yes,No,Complaints,3.0,3.0,4.0,1
372,Male,18-24,Diploma,Other nationality,Single,Jahra,No,No,Complaints,3.0,3.0,2.6,1
373,Male,18-24,Diploma,Unspecified,Single,Jahra,Yes,No,Complaints,3.0,3.0,2.7,1
374,Female,40-49,Doctor,Kuwaiti,Married,Around,No,No,Complaints,3.0,3.0,3.0,1
375,Female,18-24,High school,Kuwaiti,Married,Capital,No,No,Complaints,3.0,3.0,2.7,1
376,Female,18-24,Bachelor,Kuwaiti,Single,Jahra,No,No,Complaints,3.0,3.0,3.5,1
377,Female,25-29,Diploma,Kuwaiti,Widow,AlAhmadi,Yes,No,Complaints,3.0,3.0,4.1,1
378,Female,18-24,Bachelor,Kuwaiti,Single,Mubarak AlKabir,Yes,No,Complaints,3.0,3.0,3.1,1
379,Female,18-24,Bachelor,Kuwaiti,Single,Jahra,Yes,No,Complaints,3.0,3.0,2.9,1
380,Female,18-24,High school,Kuwaiti,Single,Capital,No,No,Complaints,3.0,3.0,2.8,1
381,Female,40-49,High school,Kuwaiti,Widow,Mubarak AlKabir,No,No,Complaints,3.0,3.0,4.2,1
382,Female,40-49,High school,Kuwaiti,Widow,Mubarak AlKabir,No,No,Complaints,3.0,3.0,4.0,1
383,Female,18-24,High school,Kuwaiti,Married,Capital,No,No,Complaints,3.0,3.0,3.3,1
384,Female,40-49,Bachelor,Kuwaiti,Married,Around,No,No,Complaints,3.0,3.0,2.7,1
385,Female,60 and above,Doctor,Kuwaiti,Single,Mubarak AlKabir,No,No,Complaints,3.0,3.0,3.1,1
386,Female,40-49,High school,Kuwaiti,Married,Capital,No,No,Complaints,3.0,3.0,4.5,1
387,Female,50-59,Diploma,Kuwaiti,Married,Mubarak AlKabir,Yes,No,Complaints,3.0,3.0,2.9,1
388,Female,18-24,High school,Kuwaiti,Single,Farwaniya,Yes,No,Complaints,3.0,3.0,2.6,0
389,Female,25-29,High school,Unspecified,Single,Farwaniya,Yes,No,Complaints,3.0,3.0,2.3,1
390,Female,18-24,Bachelor,Kuwaiti,Single,Farwaniya,Yes,No,Complaints,3.0,3.0,2.9,1
391,Female,18-24,Bachelor,Kuwaiti,Single,Farwaniya,No,No,Complaints,3.0,3.0,1.6,1
392,Female,18-24,Bachelor,Kuwaiti,Single,Capital,Yes,No,Complaints,3.0,3.0,2.5,1
393,Female,50-59,High school,Kuwaiti,Married,Mubarak AlKabir,Yes,No,Complaints,3.0,3.0,4.1,1
394,Female,18-24,Bachelor,Kuwaiti,Single,Around,No,No,Complaints,3.0,3.0,2.0,1
395,Female,18-24,High school,Kuwaiti,Single,Jahra,No,No,Complaints,3.0,3.0,3.2,1
396,Female,50-59,Doctor,Kuwaiti,Married,Farwaniya,No,No,Complaints,3.0,3.0,3.6,1
397,Female,25-29,Diploma,Kuwaiti,Single,AlAhmadi,No,No,Complaints,3.0,3.0,3.7,1
398,Female,18-24,High school,Kuwaiti,Single,Capital,Yes,No,Complaints,3.0,3.0,2.2,1
399,Female,18-24,High school,Kuwaiti,Single,Jahra,No,No,Complaints,3.0,3.0,2.2,1
400,Female,18-24,High school,Kuwaiti,Single,Jahra,Yes,No,Complaints,3.0,3.0,3.1,1
401,Female,50-59,Bachelor,Kuwaiti,Married,Jahra,No,No,Complaints,3.0,3.0,1.1,0
402,Female,18-24,Bachelor,Kuwaiti,Single,Capital,Yes,No,Complaints,3.0,3.0,3.7,1
403,Female,18-24,Bachelor,Kuwaiti,Single,Mubarak AlKabir,No,No,Complaints,3.0,3.0,2.9,1
404,Female,30-39,High school,Kuwaiti,Married,AlAhmadi,No,No,Complaints,3.0,3.0,3.3,1
405,Female,18-24,High school,Kuwaiti,Single,AlAhmadi,Yes,No,Complaints,3.0,3.0,4.6,1
406,Female,18-24,High school,Other nationality,Single,Jahra,Yes,No,Complaints,3.0,3.0,3.2,1
407,Female,25-29,Diploma,Kuwaiti,Single,Jahra,No,No,Complaints,3.0,3.0,4.6,1
408,Female,50-59,Less than high school,Kuwaiti,Widow,Mubarak AlKabir,Yes,No,Complaints,3.0,3.0,3.1,1
409,Female,18-24,High school,Kuwaiti,Single,Capital,No,No,Complaints,3.0,3.0,3.7,1
410,Female,50-59,Less than high school,Kuwaiti,Widow,AlAhmadi,Yes,No,Complaints,3.0,3.0,3.0,1
411,Female,25-29,Diploma,Kuwaiti,Single,Mubarak AlKabir,Yes,No,Complaints,3.0,3.0,1.6,1
412,Female,18-24,Bachelor,Kuwaiti,Single,AlAhmadi,No,No,Complaints,3.0,3.0,3.7,1
413,Female,25-29,Bachelor,Kuwaiti,Married,Capital,No,No,Complaints,3.0,3.0,1.0,1
414,Female,18-24,High school,Kuwaiti,Married,Capital,No,No,Complaints,3.0,3.0,3.6,1
415,Female,25-29,Diploma,Kuwaiti,Married,Jahra,Yes,No,Complaints,3.0,3.0,3.0,1
416,Female,18-24,Bachelor,Kuwaiti,Married,Jahra,No,No,Complaints,3.0,3.0,3.4,1
417,Female,30-39,Diploma,Kuwaiti,Married,Farwaniya,No,No,Complaints,3.0,3.0,3.2,1
418,Female,25-29,Diploma,Kuwaiti,Single,Jahra,No,No,Complaints,3.0,3.0,1.4,1
419,Female,18-24,High school,Kuwaiti,Single,AlAhmadi,No,No,Complaints,3.0,3.0,3.2,1
420,Female,25-29,Diploma,Kuwaiti,Single,Mubarak AlKabir,No,No,Complaints,3.0,3.0,2.4,1
421,Female,30-39,Diploma,Kuwaiti,Married,Mubarak AlKabir,Yes,No,Complaints,3.0,3.0,2.8,1
422,Female,18-24,Bachelor,Kuwaiti,Single,Capital,Yes,No,Complaints,3.0,3.0,4.2,1
423,Female,18-24,Bachelor,Kuwaiti,Single,Jahra,No,No,Complaints,3.0,3.0,3.0,1
424,Female,18-24,High school,Kuwaiti,Single,Jahra,No,No,Complaints,3.0,3.0,2.5,1
425,Female,18-24,High school,Kuwaiti,Married,Mubarak AlKabir,Yes,No,Complaints,3.0,3.0,3.8,1
426,Female,18-24,High school,Kuwaiti,Single,AlAhmadi,No,No,Complaints,3.0,3.0,3.9,1
427,Female,40-49,Diploma,Kuwaiti,Married,Around,No,No,Complaints,3.0,3.0,3.0,1
428,Female,25-29,Bachelor,Kuwaiti,Widow,AlAhmadi,No,No,Complaints,3.0,3.0,2.5,1
429,Female,18-24,High school,Kuwaiti,Single,Farwaniya,Yes,No,Complaints,3.0,3.0,3.1,1
430,Female,18-24,Diploma,Kuwaiti,Married,AlAhmadi,No,No,Complaints,3.0,3.0,3.4,1
431,Female,18-24,Diploma,Kuwaiti,Single,Jahra,No,No,Complaints,3.0,3.0,2.7,1
432,Female,25-29,Bachelor,Other nationality,Single,Jahra,Yes,No,Complaints,3.0,3.0,4.3,1
433,Female,18-24,Bachelor,Kuwaiti,Single,Farwaniya,No,No,Complaints,3.0,3.0,3.0,1
434,Female,18-24,High school,Kuwaiti,Single,Farwaniya,No,No,Complaints,3.0,3.0,1.8,1
435,Female,18-24,Bachelor,Kuwaiti,Widow,Farwaniya,No,No,Complaints,3.0,3.0,2.0,1
436,Female,30-39,Bachelor,Kuwaiti,Married,AlAhmadi,Yes,No,Complaints,3.0,3.0,2.4,1
437,Female,25-29,Diploma,Kuwaiti,Single,Jahra,Yes,No,Complaints,3.0,3.0,3.3,1
438,Female,18-24,High school,Other nationality,Single,Around,Yes,No,Complaints,3.0,3.0,2.4,1
439,Female,18-24,Bachelor,Kuwaiti,Single,Jahra,Yes,No,Complaints,3.0,3.0,3.0,1
440,Female,25-29,Bachelor,Kuwaiti,Single,Mubarak AlKabir,No,No,Complaints,3.0,3.0,1.7,1
441,Female,25-29,Bachelor,Kuwaiti,Married,AlAhmadi,Yes,No,Complaints,3.0,3.0,2.9,1
442,Female,30-39,Bachelor,Kuwaiti,Married,Farwaniya,No,No,Complaints,3.0,3.0,2.8,1
443,Female,18-24,Bachelor,Kuwaiti,Single,AlAhmadi,No,No,Complaints,3.0,3.0,3.0,1
444,Female,25-29,Bachelor,Other nationality,Married,AlAhmadi,No,No,Complaints,3.0,3.0,2.9,1
445,Female,40-49,Bachelor,Kuwaiti,Married,Farwaniya,No,No,Complaints,3.0,3.0,4.5,1
446,Female,30-39,Bachelor,Kuwaiti,Single,Mubarak AlKabir,No,No,Complaints,3.0,3.0,2.5,1
447,Female,18-24,Diploma,Kuwaiti,Single,Mubarak AlKabir,No,No,Complaints,3.0,3.0,2.0,1
448,Female,18-24,Bachelor,Kuwaiti,Single,Mubarak AlKabir,No,No,Complaints,3.0,3.0,1.7,1
449,Female,18-24,Bachelor,Kuwaiti,Married,Mubarak AlKabir,No,No,Complaints,3.0,3.0,2.2,1
450,Female,18-24,Bachelor,Kuwaiti,Single,AlAhmadi,Yes,No,Complaints,3.0,3.0,3.2,1
451,Female,18-24,Diploma,Other nationality,Single,Around,No,No,Complaints,3.0,3.0,1.7,1
452,Female,18-24,Bachelor,Kuwaiti,Single,Farwaniya,No,No,Complaints,3.0,3.0,2.2,1
453,Female,30-39,Diploma,Kuwaiti,Married,Farwaniya,No,No,Complaints,3.0,3.0,3.0,1
454,Female,18-24,Bachelor,Kuwaiti,Single,Capital,No,No,Complaints,3.0,3.0,3.7,1
455,Female,30-39,Diploma,Kuwaiti,Single,Around,No,No,Complaints,3.0,3.0,2.5,1
456,Female,30-39,High school,Kuwaiti,Married,AlAhmadi,No,No,Complaints,3.0,3.0,4.1,1
457,Female,30-39,Diploma,Kuwaiti,Married,Mubarak AlKabir,Yes,No,Complaints,3.0,3.0,3.6,1
458,Female,18-24,Diploma,Kuwaiti,Married,Jahra,No,No,Complaints,3.0,3.0,4.4,1
459,Female,18-24,High school,Kuwaiti,Single,Mubarak AlKabir,Yes,No,Complaints,3.0,3.0,3.0,1
460,Female,25-29,High school,Other nationality,Single,AlAhmadi,Yes,No,Complaints,3.0,3.0,3.0,1
461,Female,30-39,Master,Kuwaiti,Single,AlAhmadi,Yes,No,Complaints,3.0,3.0,3.9,1
462,Female,18-24,High school,Kuwaiti,Single,Capital,Yes,No,Complaints,3.0,3.0,3.1,1
463,Female,18-24,Bachelor,Other nationality,Single,Capital,No,No,Complaints,3.0,3.0,3.1,1
464,Female,18-24,High school,Kuwaiti,Single,Jahra,Yes,No,Complaints,3.0,3.0,3.9,1
465,Female,18-24,Bachelor,Kuwaiti,Single,Capital,Yes,No,Complaints,3.0,3.0,4.9,1
466,Female,18-24,Bachelor,Kuwaiti,Single,Jahra,Yes,No,Complaints,3.0,3.0,4.6,1
467,Female,18-24,High school,Kuwaiti,Single,Farwaniya,Yes,No,Complaints,3.0,3.0,3.1,1
468,Female,30-39,High school,Kuwaiti,Married,Around,Yes,No,Complaints,3.0,3.0,3.7,1
469,Female,18-24,Bachelor,Kuwaiti,Married,AlAhmadi,No,No,Complaints,3.0,3.0,1.7,1
470,Female,25-29,High school,Kuwaiti,Single,Jahra,Yes,No,Complaints,3.0,3.0,3.2,1
471,Female,25-29,Bachelor,Kuwaiti,Married,Farwaniya,No,No,Complaints,3.0,3.0,1.5,1
472,Female,25-29,Bachelor,Kuwaiti,Married,Farwaniya,No,No,Complaints,3.0,3.0,3.6,1
473,Female,Under 18,Less than high school,Other nationality,Single,AlAhmadi,Yes,No,Complaints,3.0,3.0,3.7,1
474,Female,18-24,High school,Kuwaiti,Single,Around,Yes,No,Complaints,3.0,3.0,3.1,1
475,Female,25-29,Diploma,Kuwaiti,Single,Capital,No,No,Complaints,3.0,3.0,3.9,1
476,Female,18-24,High school,Kuwaiti,Single,Around,Yes,No,Complaints,3.0,3.0,3.0,1
477,Female,25-29,Doctor,Other nationality,Single,AlAhmadi,Yes,No,Complaints,3.0,3.0,3.1,1
478,Female,25-29,Bachelor,Kuwaiti,Married,Jahra,No,No,Complaints,3.0,3.0,1.0,1
479,Female,50-59,High school,Unspecified,Married,Capital,Yes,No,Complaints,3.0,3.0,3.2,1
480,Female,18-24,Bachelor,Kuwaiti,Single,Capital,No,No,Complaints,3.0,3.0,3.8,1
481,Female,30-39,Bachelor,Kuwaiti,Single,Jahra,Yes,No,Complaints,3.0,3.0,2.8,1
482,Female,25-29,Diploma,Kuwaiti,Single,Capital,No,No,Complaints,3.0,3.0,2.8,1
483,Female,30-39,Diploma,Kuwaiti,Married,Around,Yes,No,Complaints,3.0,3.0,5.0,1
484,Female,30-39,Diploma,Kuwaiti,Married,Capital,No,No,Complaints,3.0,3.0,2.3,1
485,Female,Under 18,High school,Other nationality,Single,Capital,Yes,No,Complaints,3.0,3.0,2.2,1
486,Female,18-24,High school,Other nationality,Single,Jahra,No,No,Complaints,3.0,3.0,3.2,1
487,Female,Under 18,Less than high school,Unspecified,Single,Jahra,Yes,No,Complaints,3.0,3.0,3.4,1
488,Female,18-24,High school,Other nationality,Single,Capital,Yes,No,Complaints,3.0,3.0,4.1,1
489,Female,18-24,Bachelor,Kuwaiti,Single,AlAhmadi,No,No,Complaints,3.0,3.0,1.7,1
490,Female,18-24,Bachelor,Kuwaiti,Single,Farwaniya,Yes,No,Complaints,3.0,3.0,2.1,0
491,Female,Under 18,High school,Kuwaiti,Single,AlAhmadi,No,No,Complaints,3.0,3.0,1.9,1
492,Female,18-24,Bachelor,Kuwaiti,Single,Jahra,No,No,Complaints,3.0,3.0,3.1,1
493,Female,30-39,Bachelor,Unspecified,Married,Jahra,No,No,Complaints,3.0,3.0,3.0,1
494,Female,40-49,Bachelor,Kuwaiti,Married,Farwaniya,No,No,Complaints,3.0,3.0,3.1,1
495,Female,30-39,Diploma,Kuwaiti,Married,Farwaniya,No,No,Complaints,3.0,3.0,2.7,1
496,Female,50-59,Diploma,Kuwaiti,Married,Farwaniya,Yes,No,Complaints,3.0,3.0,2.9,1
497,Female,30-39,Bachelor,Kuwaiti,Single,Around,No,No,Complaints,3.0,3.0,3.0,1
498,Female,18-24,Diploma,Unspecified,Married,Farwaniya,Yes,No,Complaints,3.0,3.0,3.2,1
499,Female,50-59,Less than high school,Kuwaiti,Married,Around,No,No,Complaints,3.0,3.0,2.6,1
500,Female,30-39,Bachelor,Kuwaiti,Single,Farwaniya,Yes,No,Complaints,3.0,3.0,3.9,1
501,Female,30-39,Diploma,Unspecified,Married,Jahra,Yes,No,Complaints,3.0,3.0,3.0,1
502,Female,30-39,Bachelor,Kuwaiti,Married,Farwaniya,No,No,Complaints,3.0,3.0,3.0,1
503,Female,40-49,Diploma,Kuwaiti,Widow,Mubarak AlKabir,No,No,Complaints,3.0,3.0,3.5,1
504,Female,25-29,Diploma,Unspecified,Married,Jahra,No,No,Complaints,3.0,3.0,1.6,1
505,Male,60 and above,Bachelor,Kuwaiti,Married,Capital,Yes,No,Complaints,3.0,3.0,3.2,1
506,Male,30-39,Diploma,Other nationality,Married,Capital,No,No,Complaints,3.0,3.0,3.0,1
507,Male,30-39,Bachelor,Kuwaiti,Married,Farwaniya,No,No,Complaints,3.0,3.0,2.9,1
508,Male,60 and above,Bachelor,Kuwaiti,Married,Around,Yes,No,Complaints,3.0,3.0,2.8,1
509,Male,40-49,Bachelor,Kuwaiti,Married,Mubarak AlKabir,Yes,No,Complaints,3.0,3.0,3.0,1
510,Male,40-49,Master,Kuwaiti,Widow,Around,No,No,Complaints,3.0,3.0,1.0,1
511,Male,40-49,Master,Kuwaiti,Single,Around,No,No,Complaints,3.0,3.0,3.1,1
512,Male,18-24,Bachelor,Kuwaiti,Single,Farwaniya,No,No,Complaints,3.0,3.0,3.6,1
513,Male,18-24,Bachelor,Kuwaiti,Single,Capital,No,No,Complaints,3.0,3.0,2.7,1
514,Male,18-24,Bachelor,Kuwaiti,Single,Farwaniya,No,No,Complaints,3.0,3.0,3.1,1
515,Male,18-24,High school,Kuwaiti,Single,Farwaniya,Yes,No,Complaints,3.0,3.0,2.7,1
516,Male,18-24,High school,Kuwaiti,Single,Jahra,No,No,Complaints,3.0,3.0,2.9,1
517,Male,18-24,High school,Kuwaiti,Single,Farwaniya,No,No,Complaints,3.0,3.0,3.2,1
518,Male,40-49,Bachelor,Other nationality,Married,Around,Yes,No,Complaints,3.0,3.0,3.4,1
519,Male,18-24,Bachelor,Kuwaiti,Single,Jahra,No,No,Complaints,3.0,3.0,3.7,1
520,Male,18-24,High school,Kuwaiti,Single,Jahra,Yes,No,Complaints,3.0,3.0,3.8,1
521,Male,18-24,Bachelor,Kuwaiti,Single,Farwaniya,No,No,Complaints,3.0,3.0,2.6,1
522,Male,18-24,High school,Unspecified,Single,Capital,No,No,Complaints,3.0,3.0,2.4,1
523,Male,18-24,High school,Kuwaiti,Single,Capital,Yes,No,Complaints,3.0,3.0,3.1,1
524,Male,18-24,Diploma,Kuwaiti,Single,Around,Yes,No,Complaints,3.0,3.0,3.4,1
525,Male,50-59,Bachelor,Kuwaiti,Married,AlAhmadi,No,No,Complaints,3.0,3.0,3.9,1
526,Male,18-24,Bachelor,Kuwaiti,Single,Capital,No,No,Complaints,3.0,3.0,2.0,1
527,Male,18-24,High school,Kuwaiti,Married,Capital,Yes,No,Complaints,3.0,3.0,2.7,1
528,Male,18-24,High school,Other nationality,Single,AlAhmadi,No,No,Complaints,3.0,3.0,3.5,1
529,Male,18-24,Diploma,Kuwaiti,Single,Capital,Yes,No,Complaints,3.0,3.0,2.4,1
530,Male,30-39,High school,Kuwaiti,Widow,Farwaniya,Yes,No,Complaints,3.0,3.0,3.0,1
531,Male,30-39,High school,Kuwaiti,Married,Farwaniya,Yes,No,Complaints,3.0,3.0,2.7,1
532,Male,40-49,High school,Kuwaiti,Married,Mubarak AlKabir,No,No,Complaints,3.0,3.0,2.9,1
533,Male,25-29,High school,Kuwaiti,Married,Jahra,No,No,Complaints,3.0,3.0,3.4,1
534,Male,50-59,High school,Kuwaiti,Married,Capital,No,No,Complaints,3.0,3.0,1.7,1
535,Male,18-24,High school,Kuwaiti,Single,Farwaniya,Yes,No,Complaints,3.0,3.0,3.5,1
536,Male,40-49,Diploma,Kuwaiti,Widow,Jahra,Yes,No,Complaints,3.0,3.0,3.0,1
537,Male,18-24,Bachelor,Kuwaiti,Single,Farwaniya,No,No,Complaints,3.0,3.0,1.1,0
538,Male,18-24,Bachelor,Kuwaiti,Single,Farwaniya,Yes,No,Complaints,3.0,3.0,3.1,1
539,Male,18-24,Bachelor,Kuwaiti,Single,Farwaniya,No,No,Complaints,3.0,3.0,3.4,1
540,Male,25-29,Bachelor,Kuwaiti,Married,AlAhmadi,Yes,No,Complaints,3.0,3.0,2.2,1
541,Male,30-39,Less than high school,Kuwaiti,Married,Farwaniya,Yes,No,Complaints,3.0,3.0,3.5,1
542,Male,40-49,Diploma,Kuwaiti,Married,Farwaniya,No,No,Complaints,3.0,3.0,1.2,0
543,Male,40-49,High school,Kuwaiti,Married,Mubarak AlKabir,Yes,No,Complaints,3.0,3.0,1.9,0
544,Male,18-24,High school,Other nationality,Single,AlAhmadi,No,No,Complaints,3.0,3.0,4.7,1
545,Male,18-24,Diploma,Other nationality,Single,AlAhmadi,No,No,Complaints,3.0,3.0,2.2,1
546,Male,40-49,High school,Other nationality,Married,Around,Yes,No,Complaints,3.0,3.0,3.6,1
547,Male,50-59,Diploma,Other nationality,Married,AlAhmadi,Yes,No,Complaints,3.0,3.0,3.0,1
548,Male,18-24,Diploma,Other nationality,Single,Around,Yes,No,Complaints,3.0,3.0,3.6,1
549,Male,18-24,Diploma,Unspecified,Single,Jahra,Yes,No,Complaints,3.0,3.0,3.0,1
550,Male,18-24,High school,Kuwaiti,Single,Farwaniya,Yes,No,Complaints,3.0,3.0,1.0,1
551,Male,18-24,High school,Kuwaiti,Single,Capital,Yes,No,Complaints,3.0,3.0,3.9,1
552,Male,25-29,Diploma,Kuwaiti,Single,Mubarak AlKabir,No,No,Complaints,3.0,3.0,2.4,1
553,Male,18-24,High school,Kuwaiti,Single,Jahra,Yes,No,Complaints,3.0,3.0,4.6,1
554,Male,18-24,Diploma,Other nationality,Single,Jahra,No,No,Complaints,3.0,3.0,2.9,1
555,Male,18-24,High school,Other nationality,Single,AlAhmadi,No,No,Complaints,3.0,3.0,2.7,1
556,Male,30-39,Doctor,Kuwaiti,Widow,Jahra,No,No,Complaints,3.0,3.0,3.3,1
557,Male,30-39,Diploma,Unspecified,Married,Jahra,No,No,Complaints,3.0,3.0,4.3,1
558,Male,30-39,High school,Unspecified,Single,Jahra,Yes,No,Complaints,3.0,3.0,2.4,1
559,Male,30-39,Diploma,Other nationality,Single,Jahra,No,No,Complaints,3.0,3.0,3.0,1
560,Male,25-29,High school,Unspecified,Single,Jahra,No,No,Complaints,3.0,3.0,2.9,1
561,Male,18-24,High school,Unspecified,Single,Jahra,Yes,No,Complaints,3.0,3.0,3.0,1
562,Male,18-24,Diploma,Unspecified,Single,Jahra,Yes,No,Complaints,3.0,3.0,1.0,1
563,Male,18-24,High school,Unspecified,Single,Jahra,Yes,No,Complaints,3.0,3.0,1.2,1
564,Male,18-24,High school,Unspecified,Single,Jahra,No,No,Complaints,3.0,3.0,3.5,0
565,Male,18-24,High school,Unspecified,Single,Farwaniya,No,No,Complaints,3.0,3.0,3.0,0
566,Male,25-29,Diploma,Unspecified,Single,Jahra,No,No,Complaints,3.0,3.0,2.2,1
567,Male,18-24,High school,Kuwaiti,Single,Farwaniya,No,No,Complaints,3.0,3.0,3.0,1
568,Male,18-24,Bachelor,Kuwaiti,Married,Capital,No,No,Complaints,3.0,3.0,2.9,1
569,Male,25-29,Diploma,Unspecified,Single,Capital,No,No,Complaints,3.0,3.0,2.9,1
570,Male,18-24,Bachelor,Kuwaiti,Single,Mubarak AlKabir,Yes,No,Complaints,3.0,3.0,3.2,1
571,Male,18-24,Master,Kuwaiti,Married,Around,No,No,Complaints,3.0,3.0,3.6,1
572,Male,25-29,Diploma,Kuwaiti,Single,Jahra,No,No,Complaints,3.0,3.0,3.2,1
573,Male,18-24,High school,Kuwaiti,Single,Capital,Yes,No,Complaints,3.0,3.0,1.5,1
574,Male,25-29,High school,Kuwaiti,Single,Jahra,No,No,Complaints,3.0,3.0,2.6,1
575,Male,25-29,Bachelor,Kuwaiti,Single,Jahra,Yes,No,Complaints,3.0,3.0,3.1,1
576,Male,25-29,Bachelor,Kuwaiti,Single,Around,Yes,No,Complaints,3.0,3.0,2.7,1
577,Male,25-29,Bachelor,Kuwaiti,Single,Around,No,No,Complaints,3.0,3.0,3.6,1
578,Male,18-24,High school,Other nationality,Single,Farwaniya,No,No,Complaints,3.0,3.0,3.2,1
579,Male,18-24,High school,Other nationality,Single,AlAhmadi,No,No,Complaints,3.0,3.0,3.3,1
580,Male,18-24,High school,Kuwaiti,Married,Jahra,Yes,No,Complaints,3.0,3.0,5.0,1
581,Male,18-24,Diploma,Other nationality,Single,Jahra,Yes,No,Complaints,3.0,3.0,3.8,1
582,Male,18-24,High school,Other nationality,Single,AlAhmadi,Yes,No,Complaints,3.0,3.0,4.3,1
583,Male,30-39,Diploma,Unspecified,Single,Jahra,Yes,No,Complaints,3.0,3.0,4.3,1
584,Male,30-39,Diploma,Kuwaiti,Single,Jahra,Yes,No,Complaints,3.0,3.0,4.1,1
585,Female,18-24,High school,Kuwaiti,Single,Jahra,No,No,Complaints,3.0,3.0,2.9,1
586,Female,18-24,Bachelor,Kuwaiti,Single,AlAhmadi,No,No,Complaints,3.0,3.0,2.2,1
587,Female,18-24,Bachelor,Kuwaiti,Single,Mubarak AlKabir,No,No,Complaints,3.0,3.0,3.6,1
588,Female,18-24,Bachelor,Kuwaiti,Single,Mubarak AlKabir,Yes,No,Complaints,3.0,3.0,1.8,1
589,Female,18-24,Bachelor,Kuwaiti,Single,Mubarak AlKabir,No,No,Complaints,3.0,3.0,3.4,1
590,Female,18-24,Bachelor,Kuwaiti,Single,Around,No,No,Complaints,3.0,3.0,3.4,1
591,Female,50-59,Doctor,Kuwaiti,Married,Around,Yes,No,Complaints,3.0,3.0,2.6,1
592,Female,40-49,High school,Kuwaiti,Married,Capital,No,No,Complaints,3.0,3.0,2.3,1
593,Female,50-59,Diploma,Kuwaiti,Married,Mubarak AlKabir,Yes,No,Complaints,3.0,3.0,2.1,0
594,Female,30-39,Diploma,Kuwaiti,Widow,Farwaniya,Yes,No,Complaints,3.0,3.0,1.6,1
595,Female,25-29,Bachelor,Kuwaiti,Married,Capital,No,No,Complaints,3.0,3.0,2.3,1
596,Female,25-29,Bachelor,Kuwaiti,Single,Mubarak AlKabir,Yes,No,Complaints,3.0,3.0,2.2,1
597,Female,60 and above,Bachelor,Kuwaiti,Single,Around,Yes,No,Complaints,3.0,3.0,2.5,1
598,Female,30-39,Bachelor,Other nationality,Single,Mubarak AlKabir,No,No,Complaints,3.0,3.0,2.3,1
599,Female,30-39,Doctor,Kuwaiti,Single,Around,Yes,No,Complaints,3.0,3.0,3.4,1
600,Female,18-24,Bachelor,Kuwaiti,Married,Around,Yes,No,Complaints,3.0,3.0,2.7,1
601,Female,18-24,High school,Kuwaiti,Single,Jahra,No,No,Complaints,3.0,3.0,2.9,1
602,Female,18-24,High school,Kuwaiti,Single,Farwaniya,Yes,No,Complaints,3.0,3.0,2.2,1
603,Female,18-24,Bachelor,Kuwaiti,Single,Capital,Yes,No,Complaints,3.0,3.0,3.0,1
604,Female,18-24,High school,Other nationality,Single,Jahra,Yes,No,Complaints,3.0,3.0,3.3,1
605,Female,18-24,High school,Kuwaiti,Married,Mubarak AlKabir,No,No,Complaints,3.0,3.0,2.1,1
606,Female,30-39,Diploma,Unspecified,Single,AlAhmadi,No,No,Complaints,3.0,3.0,2.0,1
607,Female,18-24,Bachelor,Kuwaiti,Single,Jahra,No,No,Complaints,3.0,3.0,2.6,1
608,Female,18-24,High school,Kuwaiti,Single,Mubarak AlKabir,No,No,Complaints,3.0,3.0,2.2,1
609,Female,18-24,High school,Kuwaiti,Single,Mubarak AlKabir,No,No,Complaints,3.0,3.0,2.3,1
610,Female,18-24,Bachelor,Kuwaiti,Single,Around,No,No,Complaints,3.0,3.0,3.2,1
611,Female,18-24,High school,Kuwaiti,Single,Capital,No,No,Complaints,3.0,3.0,1.4,1
612,Female,18-24,High school,Kuwaiti,Single,Farwaniya,No,No,Complaints,3.0,3.0,3.1,0
613,Female,18-24,High school,Kuwaiti,Single,Capital,No,No,Complaints,3.0,3.0,2.4,1
614,Female,18-24,Bachelor,Kuwaiti,Single,Mubarak AlKabir,No,No,Complaints,3.0,3.0,2.4,1
615,Female,18-24,Bachelor,Kuwaiti,Married,AlAhmadi,No,No,Complaints,3.0,3.0,2.4,1
616,Female,40-49,Doctor,Kuwaiti,Widow,Around,No,No,Complaints,3.0,3.0,2.5,1
617,Female,18-24,Bachelor,Kuwaiti,Single,Capital,Yes,No,Complaints,3.0,3.0,2.3,0
618,Female,18-24,Bachelor,Kuwaiti,Married,Around,No,No,Complaints,3.0,3.0,3.5,1
619,Female,18-24,Bachelor,Kuwaiti,Single,Jahra,Yes,No,Complaints,3.0,3.0,4.1,1
620,Female,18-24,Diploma,Kuwaiti,Single,Jahra,No,No,Complaints,3.0,3.0,3.5,1
621,Female,18-24,Diploma,Kuwaiti,Single,Jahra,No,No,Complaints,3.0,3.0,4.1,1
622,Female,18-24,Diploma,Kuwaiti,Single,Jahra,No,No,Complaints,3.0,3.0,2.9,1
623,Female,18-24,High school,Kuwaiti,Single,Capital,No,No,Complaints,3.0,3.0,4.2,1
624,Female,18-24,Bachelor,Kuwaiti,Single,Farwaniya,Yes,No,Complaints,3.0,3.0,3.3,1
625,Female,30-39,Bachelor,Kuwaiti,Married,AlAhmadi,Yes,No,Complaints,3.0,3.0,2.8,1
626,Female,18-24,High school,Kuwaiti,Single,Farwaniya,No,No,Complaints,3.0,3.0,3.2,1
627,Female,18-24,Bachelor,Kuwaiti,Married,AlAhmadi,Yes,No,Complaints,3.0,3.0,2.7,1
628,Female,18-24,Bachelor,Kuwaiti,Single,Capital,No,No,Complaints,3.0,3.0,2.5,1
629,Female,18-24,High school,Kuwaiti,Single,Capital,Yes,No,Complaints,3.0,3.0,3.8,1
630,Female,18-24,High school,Kuwaiti,Single,AlAhmadi,No,No,Complaints,3.0,3.0,3.9,1
631,Female,18-24,Bachelor,Other nationality,Single,Jahra,Yes,No,Complaints,3.0,3.0,2.9,1
632,Female,18-24,Bachelor,Kuwaiti,Single,Capital,No,No,Complaints,3.0,3.0,3.0,1
633,Female,25-29,Diploma,Kuwaiti,Widow,Jahra,No,No,Complaints,3.0,3.0,3.5,1
634,Female,18-24,Diploma,Kuwaiti,Single,Jahra,No,No,Complaints,3.0,3.0,3.7,1
635,Female,18-24,High school,Kuwaiti,Single,Capital,No,No,Complaints,3.0,3.0,2.3,1
636,Female,25-29,Bachelor,Kuwaiti,Married,AlAhmadi,No,No,Complaints,3.0,3.0,1.6,1
637,Female,18-24,Bachelor,Kuwaiti,Married,Around,No,No,Complaints,3.0,3.0,2.3,1
638,Female,40-49,Bachelor,Kuwaiti,Widow,AlAhmadi,No,No,Complaints,3.0,3.0,2.9,1
639,Female,18-24,Bachelor,Kuwaiti,Single,Around,Yes,No,Complaints,3.0,3.0,3.4,1
640,Female,25-29,Bachelor,Kuwaiti,Single,Farwaniya,Yes,No,Complaints,3.0,3.0,2.9,1
641,Female,18-24,Bachelor,Kuwaiti,Single,Jahra,No,No,Complaints,3.0,3.0,3.0,1
642,Female,18-24,Other,Kuwaiti,Single,Jahra,No,No,Complaints,3.0,3.0,3.0,1
643,Female,18-24,Bachelor,Kuwaiti,Single,Farwaniya,No,No,Complaints,3.0,3.0,2.6,0
644,Female,25-29,Diploma,Kuwaiti,Single,Around,Yes,No,Complaints,3.0,3.0,3.0,1
645,Female,18-24,High school,Kuwaiti,Single,Capital,No,No,Complaints,3.0,3.0,1.8,1
646,Female,18-24,Bachelor,Other nationality,Single,AlAhmadi,No,No,Complaints,3.0,3.0,2.5,1
647,Female,18-24,Bachelor,Kuwaiti,Married,Mubarak AlKabir,Yes,No,Complaints,3.0,3.0,2.3,1
648,Female,18-24,High school,Kuwaiti,Single,AlAhmadi,No,No,Complaints,3.0,3.0,2.5,1
649,Female,18-24,High school,Kuwaiti,Single,AlAhmadi,No,No,Complaints,3.0,3.0,2.0,1
650,Female,18-24,Bachelor,Unspecified,Single,Jahra,No,No,Complaints,3.0,3.0,2.1,1
651,Female,30-39,Bachelor,Kuwaiti,Married,Capital,No,No,Complaints,3.0,3.0,2.6,1
652,Female,18-24,Bachelor,Kuwaiti,Married,Mubarak AlKabir,No,No,Complaints,3.0,3.0,2.7,1
653,Female,18-24,High school,Kuwaiti,Single,Mubarak AlKabir,No,No,Complaints,3.0,3.0,2.2,1
654,Female,18-24,High school,Other nationality,Single,AlAhmadi,No,No,Complaints,3.0,3.0,3.0,1
655,Female,18-24,Bachelor,Kuwaiti,Single,Farwaniya,No,No,Complaints,3.0,3.0,3.3,1
656,Female,25-29,Bachelor,Kuwaiti,Married,Farwaniya,No,No,Complaints,3.0,3.0,2.0,1
657,Female,25-29,Bachelor,Kuwaiti,Single,Farwaniya,No,No,Complaints,3.0,3.0,4.3,1
658,Female,30-39,High school,Kuwaiti,Widow,AlAhmadi,No,No,Complaints,3.0,3.0,3.5,1
659,Female,18-24,Bachelor,Kuwaiti,Single,AlAhmadi,Yes,No,Complaints,3.0,3.0,4.7,1
660,Female,18-24,High school,Kuwaiti,Single,Capital,No,No,Complaints,3.0,3.0,1.9,1
661,Female,18-24,Bachelor,Kuwaiti,Single,AlAhmadi,No,No,Complaints,3.0,3.0,1.3,1
662,Female,18-24,Bachelor,Kuwaiti,Single,Capital,Yes,No,Complaints,3.0,3.0,2.5,1
663,Female,30-39,Diploma,Kuwaiti,Married,Jahra,No,No,Complaints,3.0,3.0,3.6,1
664,Female,18-24,Bachelor,Kuwaiti,Single,Capital,No,No,Complaints,3.0,3.0,3.0,1
665,Female,Under 18,High school,Kuwaiti,Single,AlAhmadi,Yes,No,Complaints,3.0,3.0,4.1,1
666,Female,18-24,Bachelor,Kuwaiti,Single,Capital,Yes,No,Complaints,3.0,3.0,3.4,1
667,Female,18-24,Bachelor,Kuwaiti,Single,Jahra,No,No,Complaints,3.0,3.0,1.1,1
668,Female,18-24,Diploma,Kuwaiti,Single,Farwaniya,Yes,No,Complaints,3.0,3.0,3.3,1
669,Female,18-24,Bachelor,Kuwaiti,Single,Farwaniya,No,No,Complaints,3.0,3.0,2.7,1
670,Female,30-39,Bachelor,Kuwaiti,Widow,Farwaniya,No,No,Complaints,3.0,3.0,1.3,1
671,Female,30-39,Diploma,Kuwaiti,Married,Farwaniya,Yes,No,Complaints,3.0,3.0,4.3,1
672,Female,25-29,Bachelor,Other nationality,Single,Mubarak AlKabir,Yes,No,Complaints,3.0,3.0,3.8,1
673,Female,30-39,Bachelor,Kuwaiti,Married,Farwaniya,No,No,Complaints,3.0,3.0,2.2,0
674,Female,18-24,High school,Kuwaiti,Single,Jahra,Yes,No,Complaints,3.0,3.0,5.0,1
675,Female,18-24,Bachelor,Kuwaiti,Single,Mubarak AlKabir,No,No,Complaints,3.0,3.0,3.0,1
676,Female,18-24,Bachelor,Kuwaiti,Single,Jahra,No,No,Complaints,3.0,3.0,2.5,1
677,Female,30-39,Diploma,Kuwaiti,Married,AlAhmadi,No,No,Complaints,3.0,3.0,3.8,1
678,Female,18-24,Diploma,Kuwaiti,Single,Farwaniya,No,No,Complaints,3.0,3.0,3.8,1
679,Female,30-39,Diploma,Kuwaiti,Single,Farwaniya,No,No,Complaints,3.0,3.0,2.8,1
680,Female,30-39,Diploma,Kuwaiti,Married,Farwaniya,No,No,Complaints,3.0,3.0,2.1,1
681,Female,18-24,Bachelor,Kuwaiti,Married,Capital,No,No,Complaints,3.0,3.0,3.3,1
682,Female,18-24,Bachelor,Kuwaiti,Single,AlAhmadi,No,No,Complaints,3.0,3.0,1.7,1
683,Female,18-24,High school,Unspecified,Single,Jahra,No,No,Complaints,3.0,3.0,2.7,1
684,Female,18-24,Bachelor,Kuwaiti,Single,AlAhmadi,No,No,Complaints,3.0,3.0,4.2,1
685,Female,18-24,High school,Kuwaiti,Single,Mubarak AlKabir,No,No,Complaints,3.0,3.0,2.0,1
686,Female,18-24,Bachelor,Kuwaiti,Single,AlAhmadi,Yes,No,Complaints,3.0,3.0,3.4,1
687,Female,18-24,High school,Kuwaiti,Single,Jahra,Yes,No,Complaints,3.0,3.0,3.6,1
688,Female,18-24,Bachelor,Kuwaiti,Single,AlAhmadi,No,No,Complaints,3.0,3.0,3.0,0
689,Female,18-24,High school,Other nationality,Single,AlAhmadi,Yes,No,Complaints,3.0,3.0,3.1,1
690,Female,18-24,Bachelor,Kuwaiti,Single,Around,No,No,Complaints,3.0,3.0,2.8,1
691,Female,18-24,Bachelor,Kuwaiti,Single,Farwaniya,No,No,Complaints,3.0,3.0,2.5,1
692,Female,Under 18,High school,Other nationality,Single,Around,Yes,No,Complaints,3.0,3.0,3.6,1
693,Female,25-29,Bachelor,Kuwaiti,Widower,Around,Yes,No,Complaints,3.0,3.0,1.9,1
694,Female,18-24,Bachelor,Kuwaiti,Single,Around,No,No,Complaints,3.0,3.0,2.2,1
695,Female,30-39,Bachelor,Kuwaiti,Married,Capital,No,No,Complaints,3.0,3.0,2.2,1
696,Female,18-24,Bachelor,Kuwaiti,Single,AlAhmadi,Yes,No,Complaints,3.0,3.0,3.2,1
697,Female,18-24,Bachelor,Kuwaiti,Single,Around,Yes,No,Complaints,3.0,3.0,1.7,1
698,Female,18-24,Bachelor,Kuwaiti,Single,AlAhmadi,No,No,Complaints,3.0,3.0,3.4,1
699,Female,18-24,Diploma,Kuwaiti,Single,Around,No,No,Complaints,3.0,3.0,3.5,1
700,Female,18-24,High school,Kuwaiti,Single,Capital,No,No,Complaints,3.0,3.0,2.1,0
701,Female,Under 18,High school,Kuwaiti,Single,Farwaniya,Yes,No,Complaints,3.0,3.0,3.1,1
702,Female,18-24,High school,Kuwaiti,Single,AlAhmadi,No,No,Complaints,3.0,3.0,2.9,1
703,Female,18-24,Bachelor,Kuwaiti,Single,Jahra,No,No,Complaints,3.0,3.0,3.3,1
704,Female,18-24,Diploma,Kuwaiti,Single,Mubarak AlKabir,Yes,No,Complaints,3.0,3.0,4.6,1
705,Female,18-24,Bachelor,Kuwaiti,Single,Capital,No,No,Complaints,3.0,3.0,3.4,1
706,Female,18-24,High school,Kuwaiti,Single,AlAhmadi,No,No,Complaints,3.0,3.0,4.3,1
707,Female,40-49,Bachelor,Kuwaiti,Widow,Jahra,No,No,Complaints,3.0,3.0,2.0,1
708,Female,25-29,Diploma,Kuwaiti,Single,Farwaniya,No,No,Complaints,3.0,3.0,2.1,1
709,Female,25-29,Bachelor,Kuwaiti,Single,Farwaniya,No,No,Complaints,3.0,3.0,2.6,1
710,Female,30-39,High school,Unspecified,Single,Jahra,Yes,No,Complaints,3.0,3.0,3.1,1
711,Female,30-39,High school,Unspecified,Married,Capital,No,No,Complaints,3.0,3.0,2.9,1
712,Female,25-29,Bachelor,Unspecified,Single,Jahra,No,No,Complaints,3.0,3.0,3.2,1
713,Female,18-24,Bachelor,Kuwaiti,Single,AlAhmadi,No,No,Complaints,3.0,3.0,2.0,1
714,Female,18-24,High school,Kuwaiti,Single,Jahra,No,No,Complaints,3.0,3.0,2.8,1
715,Female,30-39,Diploma,Kuwaiti,Married,Jahra,No,No,Complaints,3.0,3.0,2.3,1
716,Female,40-49,Bachelor,Other nationality,Married,Farwaniya,Yes,No,Complaints,3.0,3.0,3.3,1
717,Female,40-49,High school,Other nationality,Married,Farwaniya,Yes,No,Complaints,3.0,3.0,3.1,1
718,Female,30-39,Diploma,Unspecified,Married,Jahra,No,No,Complaints,3.0,3.0,3.5,1
719,Female,25-29,Diploma,Unspecified,Married,Mubarak AlKabir,Yes,No,Complaints,3.0,3.0,2.9,1
720,Female,30-39,Diploma,Kuwaiti,Married,Mubarak AlKabir,Yes,No,Complaints,3.0,3.0,4.1,1
721,Female,30-39,Diploma,Kuwaiti,Widow,Farwaniya,No,No,Complaints,3.0,3.0,3.3,1
722,Male,30-39,Bachelor,Kuwaiti,Married,Jahra,No,No,Complaints,3.0,3.0,2.8,1
723,Male,40-49,Master,Kuwaiti,Married,Mubarak AlKabir,No,No,Complaints,3.0,3.0,1.4,0
724,Male,30-39,Diploma,Unspecified,Married,Capital,No,No,Complaints,3.0,3.0,1.1,1
725,Male,25-29,Diploma,Kuwaiti,Widow,Around,Yes,No,Complaints,3.0,3.0,2.0,1
726,Male,25-29,Bachelor,Kuwaiti,Married,Jahra,No,No,Complaints,3.0,3.0,1.0,1
727,Male,18-24,High school,Kuwaiti,Single,Capital,Yes,No,Complaints,3.0,3.0,2.2,1
728,Male,18-24,High school,Unspecified,Single,Capital,No,No,Complaints,3.0,3.0,2.9,1
729,Male,18-24,High school,Kuwaiti,Single,Jahra,Yes,No,Complaints,3.0,3.0,3.5,1
730,Male,18-24,Bachelor,Kuwaiti,Single,Jahra,No,No,Complaints,3.0,3.0,2.8,1
731,Male,18-24,High school,Kuwaiti,Single,Jahra,Yes,No,Complaints,3.0,3.0,1.8,1
732,Male,30-39,Bachelor,Kuwaiti,Single,Capital,No,No,Complaints,3.0,3.0,2.1,1
733,Male,25-29,High school,Kuwaiti,Single,Jahra,No,No,Complaints,3.0,3.0,1.1,1
734,Male,18-24,High school,Kuwaiti,Single,AlAhmadi,No,No,Complaints,3.0,3.0,2.6,1
735,Male,18-24,Bachelor,Kuwaiti,Single,Jahra,No,No,Complaints,3.0,3.0,2.0,1
736,Male,18-24,High school,Kuwaiti,Single,Farwaniya,Yes,No,Complaints,3.0,3.0,3.1,1
737,Male,18-24,Bachelor,Kuwaiti,Single,Farwaniya,Yes,No,Complaints,3.0,3.0,2.0,0
738,Male,18-24,High school,Kuwaiti,Single,Capital,Yes,No,Complaints,3.0,3.0,2.7,1
739,Male,18-24,High school,Kuwaiti,Single,Jahra,Yes,No,Complaints,3.0,3.0,2.9,1
740,Male,30-39,High school,Kuwaiti,Married,Farwaniya,No,No,Complaints,3.0,3.0,2.5,1
741,Male,18-24,High school,Kuwaiti,Single,Capital,No,No,Complaints,3.0,3.0,2.1,1
742,Male,18-24,Bachelor,Kuwaiti,Single,AlAhmadi,Yes,No,Complaints,3.0,3.0,2.1,1
743,Male,18-24,High school,Kuwaiti,Single,Around,No,No,Complaints,3.0,3.0,4.0,1
744,Male,60 and above,Doctor,Kuwaiti,Married,Capital,Yes,No,Complaints,3.0,3.0,3.1,1
745,Male,18-24,High school,Kuwaiti,Single,Farwaniya,No,No,Complaints,3.0,3.0,4.0,0
746,Male,30-39,High school,Kuwaiti,Married,Jahra,No,No,Complaints,3.0,3.0,3.4,1
747,Male,25-29,High school,Kuwaiti,Single,Farwaniya,No,No,Complaints,3.0,3.0,3.3,1
748,Male,18-24,Bachelor,Kuwaiti,Single,Farwaniya,No,No,Complaints,3.0,3.0,3.4,1
749,Male,18-24,High school,Kuwaiti,Single,AlAhmadi,Yes,No,Complaints,3.0,3.0,1.7,1
750,Male,18-24,Diploma,Kuwaiti,Single,Mubarak AlKabir,Yes,No,Complaints,3.0,3.0,3.1,1
751,Male,18-24,High school,Kuwaiti,Married,Capital,Yes,No,Complaints,3.0,3.0,2.7,1
752,Male,18-24,High school,Kuwaiti,Single,Capital,Yes,No,Complaints,3.0,3.0,3.3,1
753,Male,30-39,High school,Kuwaiti,Married,Farwaniya,Yes,No,Complaints,3.0,3.0,3.1,0
754,Male,30-39,Less than high school,Kuwaiti,Widow,AlAhmadi,No,No,Complaints,3.0,3.0,2.9,1
755,Male,30-39,High school,Kuwaiti,Married,Jahra,Yes,No,Complaints,3.0,3.0,1.8,1
756,Male,30-39,Bachelor,Kuwaiti,Married,Jahra,No,No,Complaints,3.0,3.0,2.0,1
757,Male,18-24,Bachelor,Kuwaiti,Single,Farwaniya,No,No,Complaints,3.0,3.0,3.4,1
758,Male,30-39,Diploma,Other nationality,Single,Capital,No,No,Complaints,3.0,3.0,2.2,1
759,Male,18-24,Bachelor,Kuwaiti,Single,Farwaniya,Yes,No,Complaints,3.0,3.0,3.8,1
760,Male,25-29,Bachelor,Kuwaiti,Single,Jahra,Yes,No,Complaints,3.0,3.0,3.1,1
761,Male,25-29,Bachelor,Kuwaiti,Single,Farwaniya,Yes,No,Complaints,3.0,3.0,2.4,0
762,Male,18-24,Bachelor,Kuwaiti,Married,Capital,Yes,No,Complaints,3.0,3.0,2.9,0
763,Male,40-49,Bachelor,Kuwaiti,Widow,Mubarak AlKabir,Yes,No,Complaints,3.0,3.0,4.2,1
764,Male,30-39,High school,Kuwaiti,Married,Farwaniya,No,No,Complaints,3.0,3.0,3.4,1
765,Male,18-24,High school,Other nationality,Single,AlAhmadi,Yes,No,Complaints,3.0,3.0,2.3,1
766,Male,18-24,High school,Kuwaiti,Single,Mubarak AlKabir,No,No,Complaints,3.0,3.0,5.0,1
767,Male,18-24,High school,Other nationality,Single,AlAhmadi,No,No,Complaints,3.0,3.0,1.5,1
768,Male,18-24,High school,Other nationality,Single,AlAhmadi,Yes,No,Complaints,3.0,3.0,4.2,1
769,Male,18-24,Bachelor,Kuwaiti,Single,Around,No,No,Complaints,3.0,3.0,1.7,1
770,Male,18-24,High school,Other nationality,Single,AlAhmadi,No,No,Complaints,3.0,3.0,2.9,1
771,Male,18-24,Bachelor,Unspecified,Single,Capital,No,No,Complaints,3.0,3.0,2.5,1
772,Male,18-24,Bachelor,Kuwaiti,Single,Jahra,No,No,Complaints,3.0,3.0,2.9,1
773,Male,18-24,High school,Other nationality,Single,Jahra,No,No,Complaints,3.0,3.0,2.4,1
774,Male,18-24,Bachelor,Unspecified,Single,Jahra,No,No,Complaints,3.0,3.0,2.7,1
775,Male,18-24,High school,Unspecified,Single,Jahra,No,No,Complaints,3.0,3.0,1.7,1
776,Male,18-24,High school,Unspecified,Single,Jahra,No,No,Complaints,3.0,3.0,1.9,1
777,Male,Under 18,High school,Kuwaiti,Single,Jahra,No,No,Complaints,3.0,3.0,2.5,1
778,Male,18-24,High school,Kuwaiti,Single,Capital,Yes,No,Complaints,3.0,3.0,2.3,1
779,Male,18-24,High school,Kuwaiti,Single,Jahra,No,No,Complaints,3.0,3.0,3.2,1
780,Male,18-24,Bachelor,Kuwaiti,Single,Capital,No,No,Complaints,3.0,3.0,2.5,1
781,Male,25-29,High school,Kuwaiti,Single,AlAhmadi,Yes,No,Complaints,3.0,3.0,2.7,1
782,Male,25-29,Diploma,Kuwaiti,Single,Around,No,No,Complaints,3.0,3.0,2.0,1
783,Male,18-24,High school,Kuwaiti,Single,Farwaniya,No,No,Complaints,3.0,3.0,2.7,1
784,Male,18-24,High school,Kuwaiti,Single,Capital,No,No,Complaints,3.0,3.0,2.0,1
785,Male,50-59,Diploma,Kuwaiti,Widow,Capital,Yes,No,Complaints,3.0,3.0,2.6,1
786,Male,18-24,High school,Kuwaiti,Single,Around,No,No,Complaints,3.0,3.0,2.6,1
787,Male,25-29,Bachelor,Kuwaiti,Single,Around,No,No,Complaints,3.0,3.0,3.0,1
788,Male,18-24,Diploma,Kuwaiti,Single,Capital,No,No,Complaints,3.0,3.0,3.0,1
789,Male,25-29,High school,Kuwaiti,Single,AlAhmadi,No,No,Complaints,3.0,3.0,3.1,1
790,Male,18-24,Diploma,Kuwaiti,Single,AlAhmadi,No,No,Complaints,3.0,3.0,3.3,1
791,Male,25-29,Bachelor,Kuwaiti,Married,Mubarak AlKabir,No,No,Complaints,3.0,3.0,2.7,1
792,Male,18-24,High school,Kuwaiti,Single,Around,Yes,No,Complaints,3.0,3.0,1.8,1
793,Male,25-29,Bachelor,Kuwaiti,Single,Mubarak AlKabir,No,No,Complaints,3.0,3.0,2.2,1
794,Male,25-29,Bachelor,Kuwaiti,Single,Around,No,No,Complaints,3.0,3.0,1.9,1
795,Male,18-24,High school,Kuwaiti,Single,AlAhmadi,No,No,Complaints,3.0,3.0,1.8,1
796,Male,25-29,Bachelor,Other nationality,Single,AlAhmadi,Yes,No,Complaints,3.0,3.0,2.9,1
797,Male,18-24,High school,Other nationality,Single,Jahra,No,No,Complaints,3.0,3.0,1.0,1
798,Male,25-29,High school,Unspecified,Single,Farwaniya,No,No,Complaints,3.0,3.0,2.1,1
799,Male,18-24,Bachelor,Kuwaiti,Married,Around,No,No,Complaints,3.0,3.0,3.4,1
800,Male,18-24,Diploma,Unspecified,Single,Jahra,Yes,No,Complaints,3.0,3.0,3.9,1
801,Male,18-24,High school,Kuwaiti,Single,Jahra,No,No,Complaints,3.0,3.0,2.2,1
802,Male,18-24,Bachelor,Kuwaiti,Single,Capital,No,No,Complaints,3.0,3.0,2.2,1
803,Male,18-24,Diploma,Other nationality,Single,Farwaniya,Yes,No,Complaints,3.0,3.0,2.8,1
804,Male,18-24,Bachelor,Unspecified,Single,AlAhmadi,No,No,Complaints,3.0,3.0,3.1,1
805,Male,18-24,Diploma,Kuwaiti,Single,Jahra,Yes,No,Complaints,3.0,3.0,2.1,1
806,Male,18-24,Bachelor,Kuwaiti,Single,Farwaniya,No,No,Complaints,3.0,3.0,3.3,1
807,Male,Under 18,High school,Kuwaiti,Single,Jahra,No,No,Complaints,3.0,3.0,3.2,1
808,Male,40-49,Diploma,Kuwaiti,Married,Farwaniya,Yes,No,Complaints,3.0,3.0,3.0,1
809,Male,30-39,Bachelor,Kuwaiti,Married,Jahra,Yes,No,Complaints,3.0,3.0,2.0,1
810,Male,25-29,Diploma,Unspecified,Single,Jahra,No,No,Complaints,3.0,3.0,1.7,1
811,Male,30-39,Bachelor,Other nationality,Single,Jahra,No,No,Complaints,3.0,3.0,2.9,1
812,Female,18-24,Bachelor,Kuwaiti,Single,AlAhmadi,Yes,No,Complaints,3.0,3.0,3.8,1
813,Female,18-24,Bachelor,Other nationality,Single,Capital,No,No,Complaints,3.0,3.0,2.8,0
814,Female,30-39,Bachelor,Kuwaiti,Married,Jahra,No,No,Complaints,3.0,3.0,1.9,0
815,Female,18-24,Bachelor,Kuwaiti,Single,Mubarak AlKabir,No,No,Complaints,3.0,3.0,3.2,1
816,Female,18-24,High school,Other nationality,Single,Capital,No,No,Complaints,3.0,3.0,2.7,1
817,Female,18-24,High school,Other nationality,Single,Capital,No,No,Complaints,3.0,3.0,2.9,1
818,Female,18-24,High school,Kuwaiti,Single,Mubarak AlKabir,No,No,Complaints,3.0,3.0,2.5,1
819,Female,30-39,Bachelor,Kuwaiti,Widow,Capital,Yes,No,Complaints,3.0,3.0,3.2,1
820,Female,60 and above,Master,Kuwaiti,Widow,Around,No,No,Complaints,3.0,3.0,2.2,1
821,Female,50-59,Bachelor,Kuwaiti,Widow,Farwaniya,Yes,No,Complaints,3.0,3.0,2.3,0
822,Female,50-59,Master,Kuwaiti,Married,Around,No,No,Complaints,3.0,3.0,1.9,0
823,Female,60 and above,Doctor,Kuwaiti,Married,Mubarak AlKabir,Yes,No,Complaints,3.0,3.0,3.2,1
824,Female,30-39,Bachelor,Kuwaiti,Married,Around,No,No,Complaints,3.0,3.0,2.3,1
825,Female,18-24,Bachelor,Kuwaiti,Single,Jahra,No,No,Complaints,3.0,3.0,1.7,1
826,Female,40-49,Doctor,Kuwaiti,Single,AlAhmadi,Yes,No,Complaints,3.0,3.0,3.7,1
827,Female,18-24,Bachelor,Kuwaiti,Single,Capital,Yes,No,Complaints,3.0,3.0,1.7,1
828,Female,25-29,Bachelor,Kuwaiti,Single,Jahra,Yes,No,Complaints,3.0,3.0,2.4,1
829,Female,18-24,High school,Kuwaiti,Single,Mubarak AlKabir,No,No,Complaints,3.0,3.0,2.7,1
830,Female,18-24,High school,Kuwaiti,Single,Around,No,No,Complaints,3.0,3.0,1.3,1
831,Female,50-59,Diploma,Kuwaiti,Married,Farwaniya,Yes,No,Complaints,3.0,3.0,3.8,1
832,Female,18-24,Bachelor,Kuwaiti,Married,Farwaniya,No,No,Complaints,3.0,3.0,2.5,0
833,Female,18-24,Bachelor,Kuwaiti,Single,Farwaniya,Yes,No,Complaints,3.0,3.0,4.2,1
834,Female,Under 18,High school,Kuwaiti,Single,Jahra,Yes,No,Complaints,3.0,3.0,3.6,0
835,Female,18-24,High school,Kuwaiti,Married,AlAhmadi,Yes,No,Complaints,3.0,3.0,3.1,1
836,Female,18-24,Bachelor,Kuwaiti,Single,Around,No,No,Complaints,3.0,3.0,3.0,1
837,Female,18-24,Bachelor,Kuwaiti,Married,Around,No,No,Complaints,3.0,3.0,2.0,1
838,Female,40-49,Bachelor,Kuwaiti,Single,Capital,Yes,No,Complaints,3.0,3.0,1.6,1
839,Female,18-24,Bachelor,Kuwaiti,Single,AlAhmadi,No,No,Complaints,3.0,3.0,2.2,1
840,Female,25-29,Diploma,Kuwaiti,Married,Mubarak AlKabir,Yes,No,Complaints,3.0,3.0,3.0,1
841,Female,18-24,Bachelor,Kuwaiti,Single,Farwaniya,No,No,Complaints,3.0,3.0,2.6,1
842,Female,30-39,High school,Kuwaiti,Married,Capital,No,No,Complaints,3.0,3.0,2.0,1
843,Female,18-24,High school,Kuwaiti,Widow,Farwaniya,No,No,Complaints,3.0,3.0,3.6,1
844,Female,18-24,High school,Kuwaiti,Single,Capital,No,No,Complaints,3.0,3.0,4.0,1
845,Female,25-29,Diploma,Kuwaiti,Married,AlAhmadi,Yes,No,Complaints,3.0,3.0,3.7,1
846,Female,18-24,Bachelor,Kuwaiti,Single,Capital,No,No,Complaints,3.0,3.0,2.4,1
847,Female,18-24,High school,Unspecified,Single,Jahra,No,No,Complaints,3.0,3.0,2.0,1
848,Female,25-29,Bachelor,Kuwaiti,Married,Jahra,No,No,Complaints,3.0,3.0,3.4,1
849,Female,18-24,High school,Kuwaiti,Single,Mubarak AlKabir,Yes,No,Complaints,3.0,3.0,2.7,1
850,Female,18-24,Bachelor,Other nationality,Single,Jahra,No,No,Complaints,3.0,3.0,2.7,0
851,Female,18-24,High school,Kuwaiti,Single,Around,No,No,Complaints,3.0,3.0,3.8,1
852,Female,18-24,High school,Kuwaiti,Single,Capital,Yes,No,Complaints,3.0,3.0,1.8,1
853,Female,18-24,High school,Kuwaiti,Single,Farwaniya,No,No,Complaints,3.0,3.0,2.7,1
854,Female,18-24,High school,Kuwaiti,Single,Capital,No,No,Complaints,3.0,3.0,3.9,1
855,Female,25-29,Bachelor,Kuwaiti,Married,Around,No,No,Complaints,3.0,3.0,2.1,1
856,Female,25-29,Bachelor,Kuwaiti,Single,Capital,No,No,Complaints,3.0,3.0,2.1,1
857,Female,18-24,Bachelor,Kuwaiti,Single,Jahra,Yes,No,Complaints,3.0,3.0,3.0,1
858,Female,18-24,Diploma,Kuwaiti,Widow,Farwaniya,No,No,Complaints,3.0,3.0,2.5,1
859,Female,18-24,High school,Kuwaiti,Single,Around,Yes,No,Complaints,3.0,3.0,2.8,1
860,Female,18-24,Diploma,Kuwaiti,Single,AlAhmadi,No,No,Complaints,3.0,3.0,2.3,1
861,Female,18-24,Bachelor,Kuwaiti,Single,Around,Yes,No,Complaints,3.0,3.0,2.4,1
862,Female,18-24,Bachelor,Kuwaiti,Single,Jahra,Yes,No,Complaints,3.0,3.0,2.7,1
863,Female,18-24,Bachelor,Kuwaiti,Single,AlAhmadi,No,No,Complaints,3.0,3.0,2.4,1
864,Female,50-59,High school,Other nationality,Married,Farwaniya,Yes,No,Complaints,3.0,3.0,3.0,1
865,Female,18-24,Bachelor,Kuwaiti,Single,Farwaniya,Yes,No,Complaints,3.0,3.0,2.9,0
866,Female,18-24,High school,Kuwaiti,Single,Farwaniya,No,No,Complaints,3.0,3.0,3.9,1
867,Female,25-29,Master,Other nationality,Married,AlAhmadi,Yes,No,Complaints,3.0,3.0,5.0,1
868,Female,18-24,Bachelor,Kuwaiti,Single,AlAhmadi,No,No,Complaints,3.0,3.0,2.7,1
869,Female,18-24,Bachelor,Kuwaiti,Single,AlAhmadi,Yes,No,Complaints,3.0,3.0,2.6,0
870,Female,18-24,Bachelor,Kuwaiti,Married,AlAhmadi,No,No,Complaints,3.0,3.0,2.1,0
871,Female,30-39,Diploma,Kuwaiti,Married,Jahra,No,No,Complaints,3.0,3.0,2.8,1
872,Female,18-24,Bachelor,Other nationality,Single,AlAhmadi,Yes,No,Complaints,3.0,3.0,2.7,1
873,Female,18-24,Bachelor,Kuwaiti,Married,Farwaniya,No,No,Complaints,3.0,3.0,4.4,1
874,Female,25-29,Bachelor,Other nationality,Married,AlAhmadi,No,No,Complaints,3.0,3.0,3.5,1
875,Female,30-39,Bachelor,Kuwaiti,Married,Mubarak AlKabir,No,No,Complaints,3.0,3.0,2.1,1
876,Female,25-29,Diploma,Kuwaiti,Married,Farwaniya,No,No,Complaints,3.0,3.0,3.6,1
877,Female,25-29,Diploma,Kuwaiti,Single,Farwaniya,No,No,Complaints,3.0,3.0,1.6,1
878,Female,Under 18,High school,Other nationality,Single,Around,No,No,Complaints,3.0,3.0,2.3,1
879,Female,Under 18,Less than high school,Kuwaiti,Single,Around,No,No,Complaints,3.0,3.0,3.0,1
880,Female,18-24,Master,Kuwaiti,Single,Around,Yes,No,Complaints,3.0,3.0,2.5,1
881,Female,18-24,High school,Other nationality,Married,Capital,Yes,No,Complaints,3.0,3.0,2.5,0
882,Female,Under 18,High school,Other nationality,Single,Mubarak AlKabir,Yes,No,Complaints,3.0,3.0,3.5,1
883,Female,25-29,Diploma,Kuwaiti,Single,Capital,Yes,No,Complaints,3.0,3.0,3.2,1
884,Female,50-59,Diploma,Unspecified,Married,Farwaniya,Yes,No,Complaints,3.0,3.0,1.8,0
885,Female,40-49,High school,Unspecified,Married,Jahra,Yes,No,Complaints,3.0,3.0,3.3,1
886,Female,18-24,High school,Kuwaiti,Single,Around,No,No,Complaints,3.0,3.0,3.5,1
887,Female,Under 18,High school,Kuwaiti,Single,Farwaniya,No,No,Complaints,3.0,3.0,3.1,0
888,Female,18-24,Less than high school,Kuwaiti,Single,Jahra,Yes,No,Complaints,3.0,3.0,3.3,1
889,Female,40-49,Bachelor,Kuwaiti,Married,Jahra,No,No,Complaints,3.0,3.0,2.6,1
890,Female,Under 18,Less than high school,Kuwaiti,Single,Jahra,Yes,No,Complaints,3.0,3.0,2.6,1
891,Female,Under 18,Less than high school,Kuwaiti,Single,Jahra,Yes,No,Complaints,3.0,3.0,2.0,0
892,Female,50-59,Less than high school,Unspecified,Married,Jahra,No,No,Complaints,3.0,3.0,2.1,1
893,Female,18-24,Bachelor,Other nationality,Single,Around,No,No,Complaints,3.0,3.0,2.2,1
894,Female,30-39,Diploma,Kuwaiti,Single,Jahra,Yes,No,Complaints,3.0,3.0,1.9,1
895,Female,50-59,Less than high school,Kuwaiti,Married,Capital,Yes,No,Complaints,3.0,3.0,3.3,1
896,Female,30-39,Diploma,Unspecified,Married,Mubarak AlKabir,No,No,Complaints,3.0,3.0,1.2,0
897,Female,30-39,Diploma,Unspecified,Widow,Jahra,Yes,No,Complaints,3.0,3.0,2.3,0
898,Female,30-39,Bachelor,Kuwaiti,Single,Capital,Yes,No,Complaints,3.0,3.0,3.7,0
899,Male,50-59,High school,Kuwaiti,Married,Capital,No,No,Complaints,3.0,3.0,2.7,1
900,Male,18-24,High school,Kuwaiti,Single,Jahra,No,No,Complaints,3.0,3.0,2.9,1
901,Male,Under 18,High school,Kuwaiti,Single,Around,No,No,Complaints,3.0,3.0,2.6,1
902,Male,30-39,High school,Kuwaiti,Single,Capital,No,No,Complaints,3.0,3.0,4.4,1
903,Male,18-24,Bachelor,Kuwaiti,Single,Jahra,No,No,Complaints,3.0,3.0,3.3,1
904,Male,18-24,High school,Kuwaiti,Single,AlAhmadi,Yes,No,Complaints,3.0,3.0,2.7,1
905,Male,18-24,High school,Kuwaiti,Single,Jahra,No,No,Complaints,3.0,3.0,3.4,1
906,Male,25-29,High school,Kuwaiti,Single,Capital,Yes,No,Complaints,3.0,3.0,3.4,1
907,Male,30-39,High school,Kuwaiti,Married,Mubarak AlKabir,No,No,Complaints,3.0,3.0,2.7,1
908,Male,18-24,High school,Kuwaiti,Single,Farwaniya,No,No,Complaints,3.0,3.0,2.3,1
909,Male,50-59,Doctor,Kuwaiti,Married,Capital,No,No,Complaints,3.0,3.0,2.2,0
910,Male,18-24,Diploma,Unspecified,Single,Jahra,No,No,Complaints,3.0,3.0,1.3,1
911,Male,18-24,High school,Kuwaiti,Single,Mubarak AlKabir,No,No,Complaints,3.0,3.0,3.3,1
912,Male,30-39,Diploma,Kuwaiti,Married,Mubarak AlKabir,Yes,No,Complaints,3.0,3.0,1.9,1
913,Male,50-59,High school,Kuwaiti,Widow,Jahra,Yes,No,Complaints,3.0,3.0,1.5,0
914,Male,18-24,High school,Kuwaiti,Single,AlAhmadi,No,No,Complaints,3.0,3.0,2.6,1
915,Male,18-24,High school,Kuwaiti,Single,Jahra,No,No,Complaints,3.0,3.0,2.7,0
916,Male,40-49,Bachelor,Other nationality,Married,Around,Yes,No,Complaints,3.0,3.0,3.3,1
917,Male,18-24,Bachelor,Kuwaiti,Married,Jahra,No,No,Complaints,3.0,3.0,2.3,1
918,Male,30-39,Bachelor,Kuwaiti,Married,Jahra,No,No,Complaints,3.0,3.0,1.9,0
919,Male,18-24,High school,Kuwaiti,Single,Jahra,No,No,Complaints,3.0,3.0,2.3,0
920,Male,18-24,Bachelor,Kuwaiti,Single,Mubarak AlKabir,Yes,No,Complaints,3.0,3.0,2.0,1
921,Male,18-24,Bachelor,Kuwaiti,Single,Jahra,No,No,Complaints,3.0,3.0,2.7,0
922,Male,18-24,High school,Other nationality,Single,AlAhmadi,Yes,No,Complaints,3.0,3.0,4.1,1
923,Male,25-29,Diploma,Kuwaiti,Married,Jahra,No,No,Complaints,3.0,3.0,1.8,0
924,Male,18-24,Diploma,Unspecified,Single,Jahra,No,No,Complaints,3.0,3.0,3.3,1
925,Male,18-24,High school,Kuwaiti,Single,Jahra,No,No,Complaints,3.0,3.0,2.1,1
926,Male,18-24,Diploma,Kuwaiti,Single,Farwaniya,No,No,Complaints,3.0,3.0,1.9,1
927,Male,18-24,High school,Kuwaiti,Single,Farwaniya,Yes,No,Complaints,3.0,3.0,3.6,1
928,Male,18-24,High school,Other nationality,Single,Capital,No,No,Complaints,3.0,3.0,3.0,1
929,Male,25-29,Diploma,Other nationality,Single,Farwaniya,No,No,Complaints,3.0,3.0,2.9,1
930,Male,25-29,Bachelor,Kuwaiti,Widow,Farwaniya,No,No,Complaints,3.0,3.0,2.7,0
931,Male,25-29,Bachelor,Kuwaiti,Single,Capital,No,No,Complaints,3.0,3.0,3.8,1
932,Male,18-24,Diploma,Kuwaiti,Single,Capital,No,No,Complaints,3.0,3.0,3.0,0
933,Male,18-24,Bachelor,Kuwaiti,Single,Farwaniya,Yes,No,Complaints,3.0,3.0,3.0,0
934,Male,60 and above,Diploma,Other nationality,Married,Mubarak AlKabir,No,No,Complaints,3.0,3.0,1.7,1
935,Male,18-24,Doctor,Kuwaiti,Married,Capital,Yes,No,Complaints,3.0,3.0,3.0,1
936,Female,18-24,Bachelor,Other nationality,Single,Jahra,No,No,Complaints,3.0,3.0,1.8,1
937,Female,18-24,High school,Other nationality,Single,Capital,Yes,No,Complaints,3.0,3.0,3.1,1
938,Female,18-24,Bachelor,Kuwaiti,Single,AlAhmadi,No,No,Complaints,3.0,3.0,3.6,1
939,Female,18-24,Bachelor,Kuwaiti,Single,Farwaniya,Yes,No,Complaints,3.0,3.0,3.7,1
940,Female,18-24,Bachelor,Kuwaiti,Single,AlAhmadi,No,No,Complaints,3.0,3.0,1.9,0
941,Female,25-29,Bachelor,Kuwaiti,Single,Jahra,No,No,Complaints,3.0,3.0,1.9,0
942,Female,18-24,Bachelor,Kuwaiti,Single,Farwaniya,No,No,Complaints,3.0,3.0,1.8,0
943,Female,40-49,Bachelor,Kuwaiti,Married,Capital,No,No,Complaints,3.0,3.0,2.0,1
944,Female,50-59,Bachelor,Kuwaiti,Widow,Mubarak AlKabir,Yes,No,Complaints,3.0,3.0,2.8,1
945,Female,60 and above,Diploma,Kuwaiti,Married,Mubarak AlKabir,No,No,Complaints,3.0,3.0,2.4,1
946,Female,40-49,Doctor,Kuwaiti,Married,Around,No,No,Complaints,3.0,3.0,1.7,1
947,Female,30-39,Bachelor,Kuwaiti,Married,Farwaniya,No,No,Complaints,3.0,3.0,1.8,1
948,Female,Under 18,Less than high school,Kuwaiti,Single,Farwaniya,Yes,No,Complaints,3.0,3.0,3.4,1
949,Female,18-24,High school,Kuwaiti,Single,Around,Yes,No,Complaints,3.0,3.0,2.9,1
950,Female,40-49,Bachelor,Kuwaiti,Widow,Capital,Yes,No,Complaints,3.0,3.0,2.7,0
951,Female,30-39,Diploma,Kuwaiti,Single,Mubarak AlKabir,No,No,Complaints,3.0,3.0,2.3,0
952,Female,30-39,Diploma,Kuwaiti,Married,Mubarak AlKabir,No,No,Complaints,3.0,3.0,3.0,1
953,Female,18-24,Bachelor,Kuwaiti,Single,Capital,No,No,Complaints,3.0,3.0,2.3,0
954,Female,Under 18,Less than high school,Kuwaiti,Single,Capital,No,No,Complaints,3.0,3.0,2.8,0
955,Female,30-39,Bachelor,Kuwaiti,Married,AlAhmadi,Yes,No,Complaints,3.0,3.0,3.5,1
956,Female,18-24,Bachelor,Kuwaiti,Single,Farwaniya,No,No,Complaints,3.0,3.0,2.5,1
957,Female,Under 18,High school,Kuwaiti,Single,Jahra,No,No,Complaints,3.0,3.0,1.9,1
958,Female,18-24,Bachelor,Kuwaiti,Single,AlAhmadi,No,No,Complaints,3.0,3.0,3.1,1
959,Female,18-24,High school,Kuwaiti,Single,Jahra,Yes,No,Complaints,3.0,3.0,3.0,0
960,Female,30-39,Bachelor,Unspecified,Single,Jahra,Yes,No,Complaints,3.0,3.0,3.0,1
961,Female,30-39,Doctor,Kuwaiti,Widow,Capital,No,No,Complaints,3.0,3.0,1.9,1
962,Female,18-24,High school,Kuwaiti,Single,AlAhmadi,Yes,No,Complaints,3.0,3.0,4.4,1
963,Female,18-24,Bachelor,Kuwaiti,Single,AlAhmadi,No,No,Complaints,3.0,3.0,1.6,1
964,Female,18-24,Bachelor,Kuwaiti,Single,Jahra,Yes,No,Complaints,3.0,3.0,4.3,1
965,Female,25-29,Diploma,Kuwaiti,Single,Farwaniya,No,No,Complaints,3.0,3.0,3.1,1
966,Female,18-24,Bachelor,Kuwaiti,Single,AlAhmadi,No,No,Complaints,3.0,3.0,2.0,0
967,Female,18-24,Bachelor,Kuwaiti,Married,Farwaniya,No,No,Complaints,3.0,3.0,3.4,0
968,Female,25-29,High school,Other nationality,Single,AlAhmadi,Yes,No,Complaints,3.0,3.0,3.3,1
969,Female,25-29,Bachelor,Kuwaiti,Single,Mubarak AlKabir,No,No,Complaints,3.0,3.0,2.1,0
970,Female,18-24,Bachelor,Kuwaiti,Single,AlAhmadi,No,No,Complaints,3.0,3.0,2.5,1
971,Female,18-24,Bachelor,Other nationality,Single,Capital,No,No,Complaints,3.0,3.0,3.6,1
972,Female,18-24,High school,Kuwaiti,Single,AlAhmadi,No,No,Complaints,3.0,3.0,3.1,1
973,Female,18-24,Bachelor,Kuwaiti,Single,Farwaniya,No,No,Complaints,3.0,3.0,2.1,1
974,Female,18-24,Bachelor,Kuwaiti,Single,AlAhmadi,Yes,No,Complaints,3.0,3.0,2.8,0
975,Female,Under 18,Less than high school,Kuwaiti,Single,Around,No,No,Complaints,3.0,3.0,4.5,1
976,Female,18-24,High school,Kuwaiti,Single,Around,Yes,No,Complaints,3.0,3.0,1.0,0
977,Female,Under 18,Bachelor,Unspecified,Single,Jahra,Yes,No,Complaints,3.0,3.0,2.7,1
978,Female,18-24,High school,Kuwaiti,Single,AlAhmadi,No,No,Complaints,3.0,3.0,2.6,1
979,Female,40-49,Master,Kuwaiti,Single,Capital,No,No,Complaints,3.0,3.0,1.0,0
980,Female,30-39,Bachelor,Kuwaiti,Married,Jahra,No,No,Complaints,3.0,3.0,2.6,1
981,Female,25-29,Bachelor,Kuwaiti,Single,Mubarak AlKabir,No,No,Complaints,3.0,3.0,1.1,1
982,Female,30-39,Diploma,Kuwaiti,Single,Jahra,No,No,Complaints,3.0,3.0,2.3,1
983,Male,30-39,Bachelor,Kuwaiti,Married,Mubarak AlKabir,No,No,Complaints,3.0,3.0,2.5,0
984,Male,25-29,Bachelor,Unspecified,Single,Jahra,Yes,No,Complaints,3.0,3.0,2.2,1
985,Male,18-24,Bachelor,Kuwaiti,Single,Farwaniya,Yes,No,Complaints,3.0,3.0,2.7,1
986,Male,18-24,High school,Other nationality,Single,AlAhmadi,No,No,Complaints,3.0,3.0,3.3,1
987,Male,18-24,High school,Kuwaiti,Single,AlAhmadi,Yes,No,Complaints,3.0,3.0,3.0,1
988,Male,18-24,High school,Kuwaiti,Single,Farwaniya,Yes,No,Complaints,3.0,3.0,3.2,1
989,Male,18-24,Bachelor,Kuwaiti,Single,Farwaniya,No,No,Complaints,3.0,3.0,2.4,1
990,Male,18-24,Diploma,Kuwaiti,Single,Farwaniya,No,No,Complaints,3.0,3.0,1.9,0
991,Male,18-24,High school,Kuwaiti,Single,Jahra,Yes,No,Complaints,3.0,3.0,3.5,1
992,Male,25-29,Diploma,Kuwaiti,Single,Farwaniya,No,No,Complaints,3.0,3.0,3.1,1
993,Male,30-39,Bachelor,Kuwaiti,Married,Jahra,Yes,No,Complaints,3.0,3.0,3.1,1
994,Male,30-39,High school,Kuwaiti,Widow,Jahra,Yes,No,Complaints,3.0,3.0,2.9,1
995,Male,30-39,High school,Kuwaiti,Married,Jahra,No,No,Complaints,3.0,3.0,3.1,1
996,Male,18-24,High school,Kuwaiti,Single,Around,No,No,Complaints,3.0,3.0,4.2,1
997,Male,30-39,Bachelor,Kuwaiti,Married,Jahra,Yes,No,Complaints,3.0,3.0,2.4,0
998,Male,25-29,Diploma,Other nationality,Single,Capital,No,No,Complaints,3.0,3.0,3.1,1
999,Male,18-24,Bachelor,Kuwaiti,Single,Farwaniya,No,No,Complaints,3.0,3.0,2.0,1
1000,Male,18-24,Bachelor,Kuwaiti,Single,Farwaniya,Yes,No,Complaints,3.0,3.0,3.1,1
1001,Male,25-29,Bachelor,Kuwaiti,Married,Farwaniya,No,No,Complaints,3.0,3.0,3.0,0
1002,Male,18-24,Bachelor,Other nationality,Single,AlAhmadi,Yes,No,Complaints,3.0,3.0,2.6,1
1003,Male,18-24,Bachelor,Kuwaiti,Single,Mubarak AlKabir,No,No,Complaints,3.0,3.0,3.0,0
1004,Male,18-24,High school,Other nationality,Single,AlAhmadi,Yes,No,Complaints,3.0,3.0,4.1,0
1005,Male,18-24,High school,Unspecified,Single,Jahra,No,No,Complaints,3.0,3.0,2.1,1
1006,Male,18-24,High school,Other nationality,Single,Jahra,No,No,Complaints,3.0,3.0,3.3,0
1007,Male,18-24,Bachelor,Kuwaiti,Single,Farwaniya,No,No,Complaints,3.0,3.0,3.5,1
1008,Male,25-29,Bachelor,Kuwaiti,Single,Capital,No,No,Complaints,3.0,3.0,2.6,0
1009,Male,18-24,High school,Kuwaiti,Single,Around,Yes,No,Complaints,3.0,3.0,2.5,1
1010,Male,18-24,Bachelor,Kuwaiti,Married,Mubarak AlKabir,No,No,Complaints,3.0,3.0,2.5,1
1011,Male,18-24,High school,Other nationality,Single,Farwaniya,Yes,No,Complaints,3.0,3.0,2.6,0
1012,Male,30-39,Bachelor,Unspecified,Married,Jahra,No,No,Complaints,3.0,3.0,2.7,1
1013,Male,18-24,Bachelor,Other nationality,Single,AlAhmadi,Yes,No,Complaints,3.0,3.0,2.3,1
1014,Male,30-39,High school,Unspecified,Single,Jahra,No,No,Complaints,3.0,3.0,3.0,1
1015,Male,18-24,Diploma,Other nationality,Single,Jahra,No,No,Complaints,3.0,3.0,3.4,0
1016,Male,30-39,Less than high school,Unspecified,Married,Jahra,Yes,No,Complaints,3.0,3.0,3.6,1
1017,Male,18-24,High school,Unspecified,Single,Jahra,No,No,Complaints,3.0,3.0,2.2,1
1018,Male,30-39,High school,Unspecified,Married,Jahra,No,No,Complaints,3.0,3.0,3.2,1
1019,Male,30-39,Bachelor,Kuwaiti,Single,AlAhmadi,No,No,Complaints,3.0,3.0,1.5,1
